label,left_eye_openness,right_eye_openness,average_eye_openness,left_eye_aspect_ratio,right_eye_aspect_ratio,eye_closure_indicator,left_brow_to_eye_dist,right_brow_to_eye_dist,eyebrow_elevation,eyebrow_asymmetry,brow_inner_distance,mouth_width,mouth_height,mouth_aspect_ratio,mouth_openness,mouth_corner_elevation,smile_curvature,lip_separation,face_width,face_height,face_aspect_ratio,head_roll,head_yaw,head_pitch,mouthSmileLeft,mouthSmileRight,mouthFrownLeft,mouthFrownRight,mouthPucker,mouthStretchLeft,mouthStretchRight,mouthUpperUpLeft,mouthUpperUpRight,mouthLowerDownLeft,mouthLowerDownRight,jawOpen,browDownLeft,browDownRight,browInnerUp,browOuterUpLeft,browOuterUpRight,eyeBlinkLeft,eyeBlinkRight,eyeWideLeft,eyeWideRight,eyeSquintLeft,eyeSquintRight,cheekPuff,noseSneerLeft,noseSneerRight
happy,0.32890936525234316,0.17854617019000052,0.21228666564315948,0.2638352120950186,0.25051272222969256,0.09957997106239279,0.38388909561304757,0.5181533430518692,0.0636113588700066,0.02085839906829581,0.4789068844877623,1.0,0.1482061788733202,0.2041969051871762,0.03321955448549252,0.3239225150653636,0.7450074089013747,0.046764908637957944,1.8786978980687192,2.9115093553494464,1.1315665752993402,0.02437736638035451,-0.0935985695616446,0.06003609566451658,0.6986006613404271,0.7077439739414124,0.026920019412193533,0.02475077283673302,0.02536552395074785,0.025600673039102476,0.047841418811316,0.014716604786999998,0.013340844522070013,0.00942095453277759,0.028007732493481444,0.03467663980537159,0.018518683050486623,0.009077965799487135,0.009281744196013885,0.028457706241721115,0.029662304225644753,0.027061005487967537,0.011348373805246973,0.023018097199867357,0.021516915518829467,0.4718688596729013,0.5371428777948191,0.36788764390197454,0.028825876319934635,0.02087852790335559
happy,0.26337709674942034,0.25554062197677463,0.24677835189134625,0.2517457324631995,0.30484823933703187,0.07835422210766893,0.5250415724808397,0.31957759269977515,0.04413951197524894,0.022115789846365072,0.44103556319514947,1.0,0.20935384770239723,0.17657408471843516,0.04190884362837008,0.3228987940628577,0.7308695675118385,0.027675489341586368,1.731681655448869,2.102906762034392,1.2514775769058926,0.023129551895198733,0.056815940325468633,-0.11657246558845331,0.7670910883284678,0.8328582424881322,0.014445715597625055,0.022061015983997286,0.028132675121575378,0.0159784949836369,0.02593807808824635,0.011394962766133533,0.015280299994654068,0.01503740737802172,0.004454084607342484,0.026330642250212564,0.01389776957736459,0.020162423543459936,0.02624970656577682,0.025804905288389274,0.028650006416646223,0.018719688701377492,0.014497121943426002,0.01896366325821681,0.0,0.3052887527576913,0.31773003876455974,0.2702202537918814,0.025197064947404677,0.00822877228031921
happy,0.31835080956028855,0.2314518806394864,0.2693172469908833,0.23149933835268258,0.24982900772298314,0.1210077034364349,0.316132667202593,0.48366783237480393,0.05416037304081486,0.012276050575941673,0.2987759501928082,1.0,0.1604087697646393,0.1989580341371561,0.05038241254666025,0.3600889445660458,0.7260644372526975,0.03208879387911737,2.158264581360803,2.5330487481993416,1.4100905138442403,-0.030253004323151176,0.11693054680074588,-0.028501117684914076,0.8502133495097495,0.7928245270979412,0.0390229375858543,0.004546080293802938,0.01168323007425328,0.007954512761728176,0.014932472558975016,0.002103080081767985,0.028256962308587256,0.017111104937715945,0.0008795181714654453,0.006797471944301959,0.02407568001685254,0.030895645382626957,0.04595750159199323,0.05788021205809529,0.025387322632587955,0.007136004439585765,0.0,0.023480249010469866,0.00943176576096576,0.40846427398203144,0.3887903200940192,0.33873672908668917,0.03385774300023937,0.02204163137678948
happy,0.25471198872818684,0.27720330735744736,0.37193235550615394,0.2639082356441866,0.28948218533069175,0.0875176100365212,0.3581668581026806,0.3752034509269912,0.03730854387062432,0.04767010652165714,0.342502932454293,1.0,0.14659169441078002,0.2258655609956584,0.05673664190685261,0.2721681051170955,0.7459237473864566,0.03854121532998567,2.244973465481676,2.2782437361713557,0.9344885394668263,-0.012690786963095065,-0.09320883775432304,-0.13397463557634856,0.5966474910816457,0.7707105501266543,0.04052818633333566,0.0220798909764547,0.018457701760571526,0.023715739814833058,0.036978022642188725,0.022851972517730135,0.014657945999161417,0.03438175323077856,0.025573833700000978,0.039964827895947894,0.02238204768388478,0.004081902587633496,0.002213930409806355,0.04146206311900624,0.04240765437018286,0.01766625022732619,0.015018564825232159,0.038998775799148636,0.0056084061334346555,0.36052729810441736,0.5143326794689045,0.3184315901712328,0.019933415732639074,0.017875242319181337
happy,0.3134848172503966,0.17339105074638683,0.27746664309963387,0.23470309189121388,0.22343560818729116,0.07804619082678124,0.42410543334568707,0.520982447032591,0.02678812743955763,0.020398209403727427,0.3661081396666495,1.0,0.21710203953627033,0.21071744432465114,0.07340446688024801,0.272274716037505,0.6804057388329297,0.04608247070459126,2.178811457163147,2.5166564428162763,0.9604725947090604,0.027005963903914687,0.1266733675182345,0.007246792552139644,0.760858773795345,0.7773873996166686,0.05272716248794097,0.04439897994666171,0.008907836442735339,0.016264016299860712,0.0009752539761189588,0.012320808818474676,0.02410286504667443,0.035676097071547036,0.010521910109333088,0.011496096279118644,0.0,0.017885343032916202,0.006188612645825679,0.013117287444241042,0.008600809883821352,0.01877458679471676,0.0,0.00092841180991712,0.047680212456367874,0.3212577418725969,0.340321442154536,0.4969530822657051,0.05776587320012529,0.004769633825270557
happy,0.22868343192173168,0.2672455520110103,0.3204215539552107,0.2730429822339986,0.24871531786309703,0.09665442588709898,0.34344557485132643,0.43154153484196345,0.045338218924843285,0.023018208565141328,0.3611270946826689,1.0,0.21747048525933366,0.19598402911523594,0.056155737146986066,0.2826577673788934,0.7500084393091414,0.03737273441300017,2.2028606350438253,2.4132743090989077,1.5451429688432294,-0.029459916543042444,0.030739999584645857,0.13829581155244738,0.9388025882970291,0.79630158630678,0.010080256273968021,0.005538650864215566,0.03548485839015525,0.0234157399269128,0.026241864244090942,0.0,0.03205670026025635,0.02590746439678672,0.0055644011026117855,0.013870177503150664,0.023428323656634754,0.020682068378631166,0.016201774584553786,0.01865465251514251,0.01672429408331049,0.021983312657332093,0.03912939564891105,0.0,0.016920946561374106,0.4676512421372447,0.47959939896870996,0.3202468334942968,0.0,0.024263941288283426
happy,0.26291668839760957,0.27681113401689994,0.22524927744339468,0.24996631482932372,0.2990013378409688,0.11456638104969269,0.5842541494192707,0.5412494213957713,0.057684016881267584,0.0426711488401813,0.43072952111168095,1.0,0.1690268747192158,0.1925620139105794,0.037795083092245156,0.3294791967297427,0.6321696376885134,0.06369113099230908,2.0380384063108234,2.892145777783913,1.2981598939265517,0.1381880171331348,-0.13804752644245238,0.06910624109585506,0.9684775389176161,0.8376929629366374,0.0,0.01912960875232339,0.004763906496267392,0.013262362049238429,0.03964596963259738,0.028287939541670047,0.010913904428476298,0.006821674236274814,0.02042616720739139,0.004184718058045336,0.011275176393844445,0.02405612313016617,0.03501905646938705,0.027913899138917717,0.0,0.02395676747739338,0.020936436452023515,0.025380573709845013,0.041010725861465695,0.2436761723195257,0.39088965748088944,0.39727250582346835,0.0,0.03918733762469562
happy,0.322315711878243,0.33556052091143,0.29210965704713276,0.2670320267809609,0.2681102971784518,0.07841636838151546,0.4385665272813727,0.4381795037349422,0.05670939262618617,0.03299771520983383,0.32590247426151137,1.0,0.234813855263382,0.16137185319071629,0.035610624697419394,0.29011530959155973,0.8344385190485321,0.05019995597231154,2.5319121918920215,2.773439728418864,1.3148948923077712,0.029468529016052673,0.07619255872590636,-0.04567549292174356,0.8164939801588912,1.0,0.017332898044741425,0.0,0.040855306699722836,0.014049907397561266,0.02140244577645943,0.03702415890318685,0.0,0.003728586216620186,0.0,0.00967622822966949,0.025715275878220915,0.026814441956566022,0.0235915643312712,0.0016340435093992363,0.0,0.02070659661007497,0.013866911562701634,0.025972015032315953,0.029125397140876513,0.4638241432058682,0.5260133085375854,0.3683369099292054,0.026890841172819067,0.010839247582691528
happy,0.2595254590443223,0.3071006972980699,0.2661763828204003,0.2564737349801561,0.2848855712607222,0.0501734907236461,0.349523394574206,0.3351306316981814,0.009161717902654666,0.011182562277982703,0.4524603729809418,1.0,0.18731823303184852,0.2319348736233655,0.07323450731468462,0.276543103263693,0.8853585889569398,0.05161221652259691,1.8278455772560749,2.2256138670449777,0.8875812816880368,-0.014368913106516683,0.017709848699126153,0.06564227803339351,0.6434239375519617,0.7070379974310685,0.030446605251921822,0.04237000780515779,0.0020316403000984785,0.025106757087378948,0.0064729287909520514,0.026171062150021625,0.018295873541059555,0.0,0.0320678608903903,0.012134990733486497,0.01305929690114379,0.00609321865323403,0.011494317403061779,0.025562575729033924,0.01753982356782673,0.024272606029672253,0.024704984101074967,0.03716860152186617,0.01554378003876307,0.3023142183154268,0.5567222416571983,0.3234809462322196,0.0344897017795059,0.024983902471372117
happy,0.3880029875107952,0.2836078190269045,0.28832991085248794,0.29228720472399156,0.23463016901697958,0.10832675931545638,0.4479956292835761,0.4743278863879604,0.0354160458958854,0.0,0.2548911594806096,1.0,0.16302901445724466,0.17871212391402266,0.08390154534251655,0.33529966849536497,0.6537908883658372,0.05608489791789175,1.9676995731861444,2.3426526511398644,1.1940999194924302,-0.010491002416267594,0.03138983046416656,0.15608100481010398,0.8243005340370472,0.7092889819339182,0.033830069925546664,0.0051548030601487466,0.02008240781070949,0.05376975844574583,0.022900036654128576,0.03863178858588025,0.021189762316251706,0.027550102239287357,0.01926181847289501,0.017784701444865342,0.009866728842569544,0.025593917666448193,0.008930016540585017,0.02865260807207458,0.03410873105779683,0.02476490829408399,0.016278766463776007,0.02590155253101305,0.015987250277896638,0.543554712546515,0.26685939157848765,0.3231514105505083,0.0,0.0005642092070463345
happy,0.20186982028587336,0.12584450043223416,0.251738233587503,0.3326124503674221,0.27304652814390945,0.08601069284876277,0.48604371623627374,0.3290257276429307,0.04479684115279138,0.0212932071492046,0.3939729543725266,1.0,0.19275187337073393,0.21573055169715788,0.03795348506096171,0.32489077042052744,0.9128936947623991,0.03302238340610028,1.8114989118927682,2.954258586960888,1.124792706448109,0.10910897838511276,0.08056664837745173,-0.05755841866278323,0.9184585670479868,0.696895714572938,0.03891559249151925,0.02170931561847088,0.02335697470319504,0.04034133428170876,0.015296983793225773,0.007765412752975541,0.014168665295631395,0.025880341358360804,0.0,0.02828712173446458,0.012995972870969338,0.034921564589536325,0.0,0.009774644923645806,0.0,0.009259016937268617,0.02321965671441626,0.017670053869153185,0.016706091603675807,0.4340815128619939,0.47033882406199434,0.2693171166445514,0.02918904533168766,0.028614657615011294
happy,0.3858238117420155,0.2754711031052695,0.26403167264660204,0.23739417258927867,0.22903211988266492,0.06888820530997312,0.38111820822460385,0.44452227042196446,0.055850164748710004,0.020664846761178104,0.3464125305799201,1.0,0.20735826887513506,0.18385354016425234,0.03857396746836754,0.30742139604149,0.7687973587486104,0.024657772960236666,2.0779064168050687,2.548918519058079,0.9944561592862532,0.03080303501248808,0.05008800984761368,0.02371344006469276,0.7727812071404931,0.5754213017690653,0.03737041930015822,0.03622334980577262,0.01671727465406146,0.024724906391907952,0.0,0.004967480416550672,0.016180874038022312,0.0060622707214508294,0.029287154274198566,0.04596485489972392,0.004704008647419074,0.009112975746892495,0.023060828788029095,0.040944509930495074,0.004109133936981257,0.023237469589990248,0.043676885060570415,0.0,0.003346100311004182,0.40763933935391616,0.3979411587144589,0.41500810302029156,0.023141576357670897,0.0
happy,0.24736544810528022,0.24689600527868377,0.30813884376183565,0.2828877944701081,0.2734429809180861,0.0578600670653798,0.49169766909443946,0.3698411259952341,0.05411733195279461,0.0014914523398122173,0.43124255032801445,1.0,0.1325425179403607,0.2174820752545724,0.05422877912934315,0.24930115993035518,0.8951178849021064,0.04228858262252951,2.110434994040554,2.5515148264986722,1.045981468120335,0.04123283223206487,-0.051978499862008545,0.10195577735529913,0.8065363552079915,0.685985718340233,0.014648701811189279,0.03771435431744344,0.006472381317338368,0.0,0.04094218093515463,0.05314126338389104,0.014731499549158686,0.0,0.01596370830945273,0.0162791016520713,0.017530990066710658,0.005525955455015972,0.02753429485219421,0.02681859587871912,0.0005727269423490139,0.029089557512033543,0.04668490476529659,0.022235484321681778,0.015614772893109422,0.4357996785592479,0.5115256766968561,0.21154627155942252,0.02213707913870493,0.014923968656983469
happy,0.22260548371533564,0.3105374766737452,0.2966088137171439,0.23392858256405655,0.26532188343910823,0.13031297092079003,0.42490614291778844,0.3188728946893433,0.0496926505366447,0.008268499767697335,0.3760361342935283,1.0,0.11689086800742586,0.1277971539361539,0.0584361696216967,0.253864065191516,0.49352556581794327,0.06373477064064237,2.188520170464128,2.1805122539262274,0.9177032411652835,0.14782600103648363,-0.01567554604244621,0.13343100888956158,0.8502969475577205,0.7919220747072515,0.05097382967489296,0.025462451783424187,0.025040140836406193,0.017829936908588653,0.030618086273610283,0.028126107616225998,0.03627242511134754,0.013222802057715298,0.014339702851728489,0.013771658778144258,0.03028042237532686,0.039478867723857516,0.014035073589059092,0.014477941538689813,0.02408300391030739,0.016805100499832283,0.03237669749081857,0.0,0.009252834390080369,0.3717583666038554,0.2179643987613855,0.27290892445049564,0.00810297049400296,0.017385639491255205
happy,0.2770383638568965,0.3345570283149502,0.22925014156202497,0.23268275348235656,0.2767564687782267,0.09446159710673,0.5001800635299842,0.44894237363586453,0.062279113841567424,0.006543984517471667,0.3991540744448213,1.0,0.13501203580814716,0.1298060990070555,0.06200060811730659,0.2624523808891011,0.647771971835267,0.04831686860384169,2.4666061286385235,1.5890214633720992,0.884618481057788,0.08903727133282109,-0.022055458607163212,-0.08246509762169231,0.6392536269725679,0.9253414640064395,0.023673630777950854,0.02997512412599595,0.005177908051359002,0.005446033621483158,0.025821578317395236,0.020757566302160805,0.027133604645233646,0.017560277117930123,0.02361586844391015,0.02205554810376642,0.030110976058104033,0.03049110766527812,0.0,0.0,0.0330226901694696,0.035440426212405174,0.006731900746326612,0.0,0.021287452673093614,0.543083822635053,0.6297594522434316,0.3913038057681161,0.015167682944385965,0.008389301919396784
happy,0.38653529384489094,0.37282875690775086,0.3390745315448823,0.2323744880657262,0.2856505797289184,0.11599066023744756,0.4842972858758141,0.5468490581958927,0.061118995000072354,0.029620185071956365,0.44458343983605475,1.0,0.11400638820057521,0.19321941148030647,0.040266640720140315,0.216007952117999,0.9181816619300824,0.08025741846549982,2.541746695096074,2.546343064863093,1.4085150222552887,0.0009161033336523533,-0.026933823349673074,-0.08120543245830529,0.7514463816722191,0.7743356732277336,0.005784872183994221,0.02516088695848492,0.020785017069517422,0.0030655224811519596,0.01933443754638424,0.01896351566986149,0.04336829516638033,0.031624773270674325,0.02014879070818906,0.02323423502741408,0.020574760915354574,0.01736211819765788,0.00592844643395227,0.01803632559110992,0.010300722663517326,0.0037458979939990963,0.02664588358911795,0.025086440579132056,0.0,0.4377315362504873,0.5495701385899924,0.43473789911170563,0.03333587895750811,0.02050587168971898
happy,0.29972256178698853,0.34694121780346343,0.33719894181778837,0.2560331403040648,0.22267382363417393,0.09202233507472755,0.46683541759781566,0.4343385484823212,0.03988685310864103,0.023287502594608687,0.3647229581012573,1.0,0.19152375486922726,0.17452328566502562,0.054271826807121164,0.29366020114260616,0.6360570998908426,0.04157828033235529,2.5672775054728505,2.011314983942807,0.7705355813894222,-0.06760362623753209,-0.09753289446222545,0.0275683923800286,0.5265785816108987,0.7534931935892003,0.020401924614425086,0.018471058879473427,0.03578446777607052,0.0,0.02514714036760071,0.040298696623446456,0.005338850056407718,0.015062515346731364,0.010212405076027928,0.008373501400992125,0.01575859393470048,0.03855730868789856,0.04388602678133777,0.01563279007447808,0.04476578278283812,0.020462494200800124,0.04279798334711406,0.018787117554504608,0.021703751738599876,0.48654744726428345,0.7678853679367535,0.41810284598758307,0.010805561110630973,0.03259697231358616
happy,0.28161645056409995,0.29448594755461394,0.28072723153699525,0.27009749379816306,0.2727489769230845,0.05157582668236462,0.5016593818172389,0.3738934949631517,0.024759765127710304,0.01924065382983713,0.4058786702320118,1.0,0.21074817873371504,0.1383262560947201,0.04287848439648022,0.25075629325334997,0.7453412729660661,0.05488012498132668,1.7724347913723482,2.7234167107397265,1.1715924357735847,-0.02894660296674732,-0.04407751646110882,0.0726881087913689,0.5229664496025708,0.5149690271523563,0.019839849191918953,0.017127424868777396,0.018655538523529764,0.01963622806510717,0.02293227791363235,0.0323194449280279,0.005555636288071743,0.004764369292289667,0.0057867898474640266,0.02375591667319319,0.036184315922403794,0.014392587302886364,0.0,0.0,0.00917052260365185,0.012749524462562209,0.014690947845688557,0.02050155459875192,0.015947297699308187,0.5549339610543407,0.3823982694318631,0.2810145632419565,0.026225382000766004,3.665309096044858e-05
happy,0.36259035757176167,0.2476452128446747,0.3871355048672521,0.25323705652315703,0.22168950665089315,0.10174798952487064,0.3665909969752955,0.39173892179445374,0.0569480827502711,0.027222567152451624,0.35644826098220195,1.0,0.22282778704678194,0.2452976176276867,0.05926473462470014,0.348171435604285,0.5619201572025943,0.04443663539900191,1.8182232916948866,2.495007762575591,1.0548533436678003,0.031175336425600175,0.009229786535364017,-0.011795399193453394,0.7300610589660321,0.975860985624486,0.01779364264653508,0.02537930012347278,0.01698049871098494,0.020984272743438837,0.02007821684566893,0.025828212857651075,0.0351489979621133,0.041416121968843284,0.02402506106481917,0.027664109518462827,0.005038761380587628,0.018857602348596934,0.03222376304348666,0.031257592299422994,0.022750926526335653,0.03152312147438338,0.026379967216919646,0.03560398135737118,0.023761669040442447,0.41443016844289654,0.4835841256933024,0.1155524499317779,0.024977514573005642,0.0
happy,0.21955370343272362,0.2429706938222952,0.3512681314079349,0.24547909605281973,0.32728760937208956,0.09995200367059136,0.4816228037082982,0.5753077658836421,0.05229297453338484,0.006969528251019583,0.39231907838139973,1.0,0.12950455886854206,0.1801504652533783,0.03701163835504486,0.3262178878593717,0.7534611874185255,0.045051074389917525,2.0654908725476626,2.534228561948328,1.2734938127429194,-0.13787707259243345,0.040659174084688575,0.03820234698134362,0.6300345325596742,0.6250094840854474,0.03436082980023289,0.014639620661338502,0.0015810527962406354,0.025769565221980362,0.02602380747842493,0.00010070165566281389,0.02298326230102688,0.029562580201568857,0.02486702387218142,0.02821575928889814,0.0017445017248202618,0.024303522014950542,0.016065943126884197,0.013723727936579617,0.03131722292245645,0.03923056863876499,0.04332681070980467,0.03709250232957677,0.018573455638807614,0.48527201630263433,0.5266822871784244,0.35969423594395694,0.021699934442850077,0.030708790714390366
happy,0.3129633396421546,0.2801556511423977,0.2976909187971536,0.2801023772660657,0.2487547561130717,0.11890620409074516,0.4793603017680256,0.35430198576436045,0.07524033384575929,0.01349031833116009,0.2841433259770372,1.0,0.1422213290549021,0.19200867276831504,0.045207616152940854,0.2631584016179704,0.8119701965482479,0.05594781882087232,2.2027155579593933,2.604710242641582,1.2733687789124117,-0.004742611682074577,-0.06563582427362953,-0.033157845266868685,0.49704559898670686,0.7062674097282646,0.0,0.02046877904837134,0.019939771361083512,0.033591919572265844,0.03543924710537457,0.022636075627280774,0.0134953059938403,0.026307094463094594,0.013137070714783924,0.019981895531236464,0.03281977212048998,0.012748972502137492,0.030473822310152512,0.02880621779299993,0.00758770637729932,0.03266062366682621,0.029081362489829565,0.021325036535844548,0.010089795045640521,0.364079398142443,0.39623374230969777,0.3934075570633568,0.007576872823781826,0.02568765923205831
happy,0.40714676754306367,0.20837958591294092,0.356544757457487,0.2644952724196184,0.2723351575404789,0.10295869783470511,0.4844663284101306,0.43808940441194366,0.07544587817550552,0.01406587512507861,0.47925642005254737,1.0,0.17777068168315238,0.14872944173682656,0.057962915106081606,0.3522562978463267,0.7422643820179146,0.046554500272681584,1.7377494870029238,2.3634420232840037,0.8669258562112389,-0.0993404423102714,-0.018366172599496404,0.008771820365920691,0.6404546415937408,0.7772143255330962,0.037147171570638154,0.05651974119598355,0.012374393894078291,0.03865890203639072,0.023168782245221425,0.018033780592297113,0.02562372787243998,0.02080491428783947,0.021435144432958842,0.0146916688832533,0.0018245744226149385,0.0,0.028492183482655954,0.016402898828885727,0.012250844304469833,0.020110573147400997,0.03033411928790316,0.02234473125934318,0.011471285823667424,0.572629295564895,0.6079185502981632,0.3895645324258282,0.032657625647473175,0.03614547995857954
happy,0.30702234981401816,0.22293844092355375,0.31643760415669847,0.2193255808662034,0.23616201634624837,0.1325891266952022,0.5151170626088003,0.5652733674506544,0.04524569828547239,0.005020765063402021,0.383169396205076,1.0,0.18292258250458035,0.233646698432133,0.043677767562439705,0.29760172359014625,0.6511372850565393,0.05788055236576673,2.101010278810332,2.1669454647975948,1.116607397359827,0.0904079453123611,0.055268925940136125,0.047867763765990626,0.7278989104181735,0.7175813844795484,0.04302743614947989,0.018720201969997564,0.01682935056769461,0.0,0.008375304424266794,0.016580045482067412,0.011083915209703643,0.03796219871391136,0.01785580891984916,0.03674977524113728,0.020802160242654785,0.020483961873480498,0.01884564617973749,0.02004935127107897,0.04234433503964817,0.0,0.0,0.01293877919627052,0.020188862465188397,0.5190104424764013,0.49730871980274755,0.31926032696955436,0.03324756801214291,0.03339254024098551
happy,0.25080288260729006,0.3162864756280003,0.28575188237409127,0.2600401954026346,0.30418860716568724,0.03872819678649784,0.3401294768126334,0.35800204195598634,0.04364293866754591,0.016690093793041608,0.29448720465588674,1.0,0.1481488578946279,0.28461082754492184,0.08153048408557506,0.25941252911576757,0.7136416709693201,0.029888930049204853,1.4798576157017884,2.4058777296307823,0.9763952350830992,0.014724626501725242,0.08663918152381571,0.021811621074570305,0.7398179362005588,0.5579752981147827,0.010094332041966648,0.0219321522389368,0.024760724771191185,0.02542713546364619,0.0028336432059585144,0.031110914491762304,0.009597247944175945,0.028227152889894983,0.01986169720396349,0.0021069625119866757,0.015889429840444558,0.024749728646828978,0.02796854994616979,0.018167157333222557,0.039913125577813686,0.03309764002282527,0.016663496486803212,0.02975158355778028,0.04513931530744643,0.6460484600783027,0.3272000119177503,0.27587735110742795,0.039303944227540064,0.0062423463391107145
happy,0.274675371256223,0.24617069173890924,0.24494095199032556,0.23862988806761876,0.23361471114023175,0.15704082193190155,0.4730571080168805,0.5187238267163673,0.041441144307918835,0.017582563196581365,0.3500512213040752,1.0,0.12901365675662896,0.12029118082075481,0.01062878388584687,0.22023205128509488,0.8824955679381631,0.0492223670651738,2.519433222754382,2.6051459227800806,1.3039908239315892,-0.10580329066333433,-0.04375747176291422,0.03361813675796686,0.641892360563451,0.8128741145031205,0.0294732850429665,0.012503585200961991,0.027274024818010164,0.02736044086147283,0.012855815925308923,0.005404010380477064,0.00460633168532246,0.021124572044979004,0.02425112829426109,0.009697164204047112,0.020345609437239284,0.02741698146980031,0.02803647929064891,0.040174441561592354,0.03660075081857457,0.006983211374164926,0.041886620723994294,0.013097305440775708,0.03358334656190756,0.4567986626051089,0.40878506215430327,0.20538425121800535,0.017769661367187474,0.0
happy,0.29570247861100213,0.2422796408555853,0.24731879403288698,0.28323484111596114,0.25884385214469763,0.14349120104827529,0.41262698290052363,0.5274485657667729,0.05170473472676119,0.03034511412667503,0.36869896398690377,1.0,0.1757265414659394,0.1578118010784372,0.061586426855180676,0.3125124502789182,0.8093554694905567,0.07689689894355878,2.5710370604017987,2.3084583795819515,1.2286416265918887,0.07738393886742179,0.13651133914253233,-0.06375287914373522,0.6751679172890145,0.7528026379337467,0.012203257161454758,0.04106091401876867,0.024728075954458518,0.017165621334642514,0.0355170414341329,0.0,0.0,0.030345902517857064,0.020786089825525784,0.02325580190338989,0.002756850656858864,0.01969796175894524,0.046045622335217445,0.03071459505734622,0.02220618508685656,0.014292299168635812,0.01487055292569788,0.0,0.023349325471975088,0.5345483108481854,0.2924380672829385,0.2970866486154547,0.004952959780965511,0.007450434467486073
happy,0.3192004636365515,0.26694266542208056,0.15100315748080384,0.23010744121992832,0.2969870580230809,0.030550142981785697,0.4230669355550023,0.35854993966878745,0.06407998027773465,0.011223518622135002,0.42827678145149284,1.0,0.24794035607001075,0.18218673516849826,0.0565807764683957,0.20574722604362822,0.8690413563293744,0.036691095158751116,1.9177548966714828,2.441601457444423,0.8724292804574676,0.004278530145752017,-0.18759619394896268,0.049141635068565115,0.7774524034714726,0.8660959527510013,0.02380813970546479,0.0,0.018390479173714426,0.02964637573873338,0.0,0.006028041820369718,0.03139506685305976,0.023511240644564727,0.0253556305676478,0.04417343249910305,0.026091186120580635,0.02855254413563133,0.055239691853838244,0.017220540744823622,0.009627524072959564,0.025561353177212726,0.025706883382055633,0.013152699904699293,0.006578838745786981,0.6809844422090079,0.4826843470388023,0.2914171694878339,0.03190709392963478,0.018581113029702653
happy,0.298336614603693,0.37947365000205113,0.3042412384342602,0.2487136368864961,0.24478684158715275,0.08974150066637226,0.430317892451297,0.4207199937112339,0.06603545021880491,0.0,0.4603400035288494,1.0,0.19394706807072876,0.14661096545726676,0.07325104366986514,0.3422817480085937,0.8459590525750074,0.023491791423613063,2.3694643480964674,2.60283279558248,0.8646300905276074,-0.020230515705426503,0.05060455847230439,-0.10335058145853519,0.7470843139475022,0.7937441386839915,0.02722897855970096,0.022304397770335126,0.023786008419015937,0.03915694809929024,0.03593844082883884,0.0,0.015873298787110135,0.017859536641928634,0.0,0.02122437975702006,0.036233851041336584,0.005874617825322325,0.024373212202968342,0.008094294795146308,0.011265143692164201,0.039206117244210456,0.012946748338546275,0.026008762357138122,0.0,0.636231756139488,0.5102652446306499,0.335400012587979,0.027482104629998633,0.001672347423678465
happy,0.25443390802179483,0.24980612705722963,0.3161228718046773,0.2676772055031267,0.2795524442420912,0.09978013276286071,0.48977298535848157,0.41753922234580954,0.08902030722466711,0.0,0.48826561264940893,1.0,0.14847012417927302,0.27582703400640496,0.06742107995154308,0.3285569503411456,0.7528022187025877,0.046198542231173166,2.0319421312121273,2.597425300110618,1.4178182746062369,0.09460245934021258,-0.029158629794678714,-0.016325561203874777,0.7717577061433704,0.6406267652235251,0.030717551811004738,0.0319749597031323,0.02851057386982122,0.029691485784824775,0.016477934307948496,0.007923140827302465,0.008713485401669862,0.0,0.023080331950097347,0.01891516581805428,0.014280159841113787,0.0,0.0037848728939758047,0.03457092846824117,0.011359861999179297,0.02468769180953894,0.0019210894103216664,0.03870317127067001,0.018127640419289208,0.47900403964835353,0.6825779791881685,0.47131520804715227,0.016014646923268247,0.01228813759668533
happy,0.2594473044598195,0.3562934250368702,0.2740610856275525,0.32898767279111957,0.2627222769125652,0.1446329598556182,0.4776922552600736,0.5246294444268322,0.03731930659843982,0.008901130106363647,0.43217941685104916,1.0,0.18148949057401711,0.14047385659927766,0.026195478589936778,0.20864317989068798,0.5732377887060619,0.051915993790324036,2.4656392745551083,2.444935540435885,0.7440836846498351,-0.026043600921562545,0.04589084236288821,-0.00841793074006969,0.7271087447598542,0.7304641204040871,0.04724798375293071,0.0010572071320457677,0.014921191166210455,0.04217608484707934,0.025849718437505127,0.02732306995571352,0.021489597681310417,0.02428926600254444,0.030108923893620968,0.009476677854394037,0.0314147615258066,0.0021509607804879906,0.024268783646809997,0.022323632522722254,0.011988189853502597,0.019705091420766593,0.01190697801534781,0.006067882750797322,0.015403008359022623,0.33960113646283385,0.4822797464093248,0.2579931604678109,0.02925570129888367,0.004640772116925339
happy,0.2971750771720628,0.2689898422676915,0.30593341093562565,0.19678422958010938,0.2587059923107728,0.1499378544451191,0.46025685424620716,0.4552632706106235,0.05959224664373844,0.03164286816308649,0.26017733149770983,1.0,0.18778077777018742,0.16247725236694588,0.0729604420888485,0.2642412805057388,0.5565469264286882,0.027809756455230053,1.2063552936200632,2.361617609675701,1.1253373205833535,-0.045303593246480506,-0.05621430673936611,0.10601173830998711,0.6990644748261723,0.8794654846835687,0.03558075787471702,0.017784950496370553,0.0,0.028024660546399363,0.027219682970611482,0.024022090412040287,0.032759236741005504,0.004857234746006479,0.04611382002040681,0.007527439209155716,0.02973989805361111,0.0,0.007906559065489338,0.03971279240742937,0.01660830230098895,0.030918993866726377,0.0230804200533502,0.018635543971997754,0.03773005422412497,0.42633411753481,0.27192618924365297,0.28574079264386354,0.027165492473122027,0.025141618382712606
happy,0.2609955811060603,0.20845249339271935,0.24732470237778714,0.2381416854422142,0.2831459977928576,0.1202280327747561,0.4386996894981168,0.4196169158200183,0.05244867546068449,0.009384523603077526,0.3197217542482792,1.0,0.1565119129330561,0.14520625870799758,0.05283604228360031,0.31648578368918545,0.5912901699201758,0.050439752446280586,2.028520866538441,2.578919528790143,1.1576192666689398,-0.12536466001883506,-0.0651908267467381,-0.04653770793617973,0.5755680864082043,0.5985132841371401,0.020382506482604645,0.03337415195669162,0.0,0.024494445537420542,0.03546508606873936,0.01801066360931923,0.027152632448343733,0.01086010194832857,0.018448239409400602,0.0,0.0,0.03225595541592858,0.0071950659395822545,0.014078138014955402,0.0019762507074874876,0.001670393859909615,0.017740109898769986,0.010515496476236596,0.02491362297393108,0.4952538418979592,0.48208496463246076,0.36908806327427546,0.040510986664114526,0.006121281002416481
happy,0.20606829023408224,0.2637575170338948,0.35062229698509756,0.27524237315597194,0.2658578909443932,0.09455788266413359,0.4202554282576497,0.47233697738950015,0.04558345281277154,0.019446477926422227,0.40550190942805264,1.0,0.1996887868336132,0.3021984189639937,0.018902733811793686,0.296200626209499,0.6739809911381094,0.060104545106586874,2.1151311788315548,2.7376001772010303,1.3762932100776153,-0.00439478929623342,0.10194208384676298,0.10116318474704292,0.7730905341321818,0.8858462746097013,0.0,0.0406758798729083,0.02487580797460042,0.034011963624687364,0.00414161531706022,0.009199991539130635,0.021897197823882063,0.01977850743861298,0.023679891644129866,0.03409869709208956,0.0,0.03265964793232502,0.020107664829453052,0.01735083580538088,0.0008755019529964256,0.026539632688899247,0.0,0.028429122146103266,0.0006026241388511037,0.4553457912617474,0.438083116267208,0.4435630517835107,0.017677482802819427,0.010976198705106346
happy,0.25994724096079563,0.26770478616184534,0.19850679128955678,0.27165422602554623,0.20720552876913603,0.1187949116458864,0.4599681734180731,0.6349887644669789,0.030747627809824648,0.01866539281647177,0.5258801390646144,1.0,0.1542401540915437,0.19862274599237775,0.05003498873726403,0.29409779336970787,0.680131956401517,0.04843689295273715,1.580632978035068,2.501009103080201,1.242803803909617,-0.04052821567769624,0.11455944918791972,0.042903757534471496,0.7227096704827339,0.5561938931298255,0.03285091421706901,0.02473882549390643,0.010561803729887301,0.016352194191105167,0.0004912977638360932,0.006669668338887241,0.013008452497357187,0.03596947055964197,0.011686455918462816,0.028322777571273865,0.013001889362799463,0.023223318291074373,0.018161858472130574,0.03134973580120567,0.013047452603158748,0.0,0.0020346625922727755,0.013085592578744153,0.0037622203811853126,0.49102120156795515,0.4034231835141922,0.5399685240021145,0.0,0.022647231323227417
happy,0.15908068850653712,0.29231495807297747,0.3789511880382568,0.2463968510489422,0.2677942357041653,0.12562304232813498,0.43729360374790777,0.40497558538881007,0.010174612934869334,0.028332879352134653,0.39207821131897724,1.0,0.18468407828027467,0.16752830626296203,0.040752542705478303,0.31031455780543543,0.6161617588676156,0.06832801750629078,1.6457519969865189,2.199830218345888,1.51382209970825,-0.09023624188045352,-0.04440612063444107,0.011313557867243534,0.8852825713970907,0.7617124790994528,0.007773107198484185,0.013119460012901388,0.020952579089614055,0.02048780202041478,0.018818677914862483,0.019599177316905605,0.017213123573833516,0.0012542764366798298,0.013285360351909173,0.03189011270182901,0.0022116541318354735,0.01753577834998938,0.009343198925979028,0.021447555582175447,0.014947768646131364,0.039206117644670704,0.0265855810044733,0.002946558844896252,0.028725964150978084,0.3725348143737937,0.3923003628622467,0.37510552160856975,0.013607283543508248,0.03160712561219842
happy,0.250586785085538,0.3371579608884863,0.31269740726773576,0.31129831862036217,0.32802932611697766,0.0742320742016915,0.4554574823678649,0.358844475460134,0.036391896264405324,0.011808927366676297,0.3259991588103208,1.0,0.17466147799475057,0.14315634089212334,0.06473722178490858,0.2341123231291243,1.0309568970096392,0.04210077210812309,2.123405733623042,1.961008702864072,1.4739208834954856,-0.06196080492107164,-0.055705189733222686,-0.05250967148384871,0.8843400816963499,0.7856299044883335,0.002491566865865647,0.022738669410420066,0.005421396401775684,0.03901061842515369,0.030519531514091244,0.02124070750034057,0.0,0.007215592277432601,0.028940894710798342,0.03576748799240102,0.034419207549397715,0.0,0.023920179988567755,0.033201697814278085,0.0,0.019897241300147927,0.023559951178009932,0.016090060396992446,0.0,0.4174301889926271,0.41726945697449763,0.33815420763617965,0.012674871469474096,0.014240842007860924
happy,0.25869825572486393,0.28480240998923184,0.18011237185345058,0.27431105381679377,0.2599831070863112,0.10099233816493905,0.524456908838571,0.29865679642126075,0.015457907277468132,0.023559449989205755,0.39950182014100394,1.0,0.1629012982186195,0.21557761645823736,0.06632117975234461,0.3041991146975764,0.7239171541595417,0.013115435716747947,2.3500017676120666,2.9112025714971415,1.2785987478050522,-0.003176502587758232,0.039820914447274,-0.024354141028533376,0.6444429087158993,0.8308553272401309,0.03118688620349879,0.040264611221388115,0.00861057098503655,0.0170560904009262,0.02971453666486492,0.02074633092869605,0.0054747411733334275,0.02539001170534714,0.02752260123959717,0.021143517652303025,0.022854604053339275,0.016636823278085508,0.03921762616430877,0.008291001611735203,0.012364830084070876,0.020142811675857835,0.031426402360111606,0.0005341487887710224,0.002966142253049288,0.24622714922652822,0.4532695225253271,0.26053553462347645,0.015000848569767081,0.028597916468592208
happy,0.3149499443850147,0.30470665950209647,0.24401944779892032,0.25494044739798644,0.29131230193161484,0.10983442175635243,0.34173544052428734,0.5008103997407821,0.031019314107365834,0.03836266990949308,0.47168691878887176,1.0,0.18581761520713916,0.18195225814294433,0.061874169149500495,0.26146109152689695,0.7735569870639893,0.0652588514140904,1.9174128733541835,2.217387240653513,0.9402367515466995,-0.05132341766262773,0.020815382046902812,-0.023947032620137764,0.6222632704648593,0.5305925626270197,0.029487774257201886,0.043515889047076026,0.038529276265113974,0.0,0.0294231107302306,0.03848738254900624,0.014061470250397367,0.021318816598450644,0.0,0.02346757018369634,0.006173723517348673,0.02259525523284969,0.0,0.027057156918208747,0.03331866478054697,0.00981866179770282,0.005220006441664352,0.0,0.0165366240570227,0.3918406065718395,0.29489805876519454,0.3862415005049737,0.01415038503575956,0.006015432537611979
happy,0.27323864480207855,0.31219346096017236,0.2196325782678896,0.2609711030218109,0.26441966991459415,0.08825408728753184,0.4837480210366999,0.38951640726505504,0.05892186238608207,0.027174164029906796,0.19579880835120542,1.0,0.0672375950819481,0.16628211251608918,0.06794359059951072,0.264135663737378,0.6033814017530458,0.030859601419958266,2.4337443675542016,1.7246320397178891,1.367734362577011,-0.044365792451235765,0.0964174085036654,0.04823495550041778,0.7433877481149253,0.606912560346908,0.012419504060065015,0.006776083565678662,0.03126092761116087,0.0295215615269169,0.0,0.014753302459248656,0.008778586389524397,0.03681562958997182,0.0024487114643565247,0.04085497836090518,0.019567168386279813,0.00489485271705886,0.011195435607879388,0.009578955070010142,0.0034299607737984204,0.021232749176494883,0.0040370978410060356,0.0,0.01506420587897375,0.2697143803582117,0.374783913193248,0.2772717689117315,0.008674191063664415,0.046012520320672004
happy,0.24599391705088008,0.29119573675695865,0.2267244965285237,0.28724188530553957,0.2239191024229691,0.09284084660337061,0.4045809979018942,0.4627348511020985,0.03879142374253005,0.016478382848077816,0.38347089357554104,1.0,0.19794847313439315,0.19917795243124087,0.04844925595806957,0.2584770833269021,0.8296544030519997,0.04587290073325183,2.0003233814565706,2.4895204862827676,1.4721719496666363,0.004512925373565661,0.022083390809579894,-0.14211186370738357,0.5891572550374555,0.8423828271666426,0.0,0.022824551056972113,0.0404760767589135,0.026352690818074995,0.022218126021017307,0.012714156905560017,0.020403613606351206,0.01672318339975637,0.00978230409689238,0.016231616998826692,0.022578955088143716,0.010026178109101676,0.009518336331099105,0.0023168353113017306,0.02507942533915565,0.027089202405571784,0.023011585775074728,0.03254721640547266,0.02114227928204946,0.48920109373657567,0.48038374256375627,0.34267679844654336,0.013099316234314585,0.04878398400529485
happy,0.29309642959534027,0.206950839524263,0.33837926923731443,0.257174162739475,0.2266720671435284,0.12971960285884687,0.49848985679870195,0.35199799562403666,0.08110069970451018,0.028564365788760506,0.39928627190624677,1.0,0.1858940180016967,0.18891880160849478,0.038444747969615195,0.309092521965354,0.797660296732398,0.05025690244806995,1.843254434993029,2.499048519947693,1.1471570234197666,-0.03615607838828068,-0.05992899400083927,0.03472078587600856,0.5899830817518958,0.5733825178410977,0.027346993924527004,0.0,0.02267033685049638,0.013784920249200281,0.03700720588943883,0.013584913280999616,0.02857329478527465,0.01484012006390871,0.021478725995319865,0.029578874901960667,0.013986775687780457,0.032955213498479255,0.007081927597615717,0.02382970695325893,0.03199431639624209,0.028580487393274352,0.04491378339756034,0.010075288874961412,0.002071059732468357,0.35056648915048805,0.5160442566548438,0.38983383474155026,0.021329336575416406,0.005401558361607311
happy,0.42858679800327304,0.29905545962172064,0.3103216230542027,0.24521420693313323,0.20569360036739553,0.08493201592424444,0.36530061881484693,0.3378571453278363,0.08014129898492386,0.02354721273433505,0.4265781306429789,1.0,0.17360376994959284,0.22713520126621434,0.049434100422833735,0.3065346969012367,0.7303995702154984,0.04401232441218918,1.642752896179395,1.7033997289564093,1.111872610203782,0.06134938346632486,-0.11022342998854863,0.092715966590152,0.7567796030391879,0.5956643955949451,0.01955182675454977,0.020698783318876528,0.0,0.008103379426766484,0.02529443061856109,0.02503176348214467,0.005002226086803112,0.022059824656496554,0.03329129392968614,0.03010194846688168,0.018761284768818852,0.013916307926784199,0.011818521703651443,0.026081657177825544,0.022536351650857545,0.028182252079328604,0.021714359570574975,0.030643931354516745,0.0212297029284501,0.5284688716131687,0.5370822770366639,0.28563786958201487,0.0,0.04006540712818919
happy,0.3201374632032311,0.2654568047810896,0.2533728061954054,0.302026455809389,0.2285813856084857,0.08004616605612916,0.4663824518162407,0.48026025723417587,0.05868600310096281,0.031846094579396314,0.4139005034477062,1.0,0.1704092574053419,0.1924138846746135,0.0518818481509386,0.29075490679095184,0.827253980758276,0.05971504943403455,2.11437052594256,2.1445549406847575,1.1724515114835385,0.020532698456980938,-0.15430373059465094,-0.057105559777496886,0.7466378658125107,0.7731817895775838,0.04868482899282523,0.01319095387896394,0.025489757248629674,0.03389000687417588,0.021274024883291977,0.050391986549238155,0.015085489207490803,0.024213159890160613,0.009615525316391234,0.01543017844313719,0.023236140835156554,0.03100195281000049,0.024148232842306466,0.03636849304135157,0.018765450962295267,0.01568180911209293,0.05515180639463203,0.025125089442746402,0.01064673990227888,0.3805736237751931,0.35573200854686593,0.424925548468543,0.015263095192387856,0.021655712183534313
happy,0.22407024112056323,0.29166345997344295,0.3112498828043947,0.2699759693929292,0.23571638812708018,0.11693712105228485,0.39235077815008834,0.40958075502905533,0.033480813317364966,0.036915058532476404,0.44433950787191445,1.0,0.22614682258227065,0.29828699605719083,0.02008854318157228,0.24308117095614462,0.6883824915825476,0.03511065660830288,1.7497854445287935,2.3368809683191,0.9361449163867495,-0.005080693955061498,0.06583431671468411,-0.0677395274307216,0.7902050841044895,0.7562037985714337,0.02625337264192752,0.026600469871297286,0.027839089094546795,0.01514568382128953,0.04757486423423768,0.02304760451426727,0.0,0.006969115305039172,0.0,0.020225350178966997,0.01841653208730666,0.013910465927307047,0.04614203946120669,0.027136777362999843,0.02943927869880235,0.007896044656752657,0.00701111641269684,0.020478471488260413,0.022249092815478936,0.2643688432885543,0.4319692977150466,0.3511257666298804,0.017203060844975325,0.009425924639493205
happy,0.31144916229262953,0.3362045226574453,0.264693918376583,0.24631531411653929,0.2731296702060292,0.11527112291027136,0.41634946642243637,0.5112554944648784,0.06714274347022953,0.036791924053562755,0.5244824634703876,1.0,0.1805142337453029,0.19043419131981842,0.04828371255068112,0.2475368540194932,0.6014437996768929,0.05162189030550757,1.8502844106469285,2.4824625389822286,1.0138959883274108,-0.043162814553691205,-0.015917327421551643,0.007264001888803821,0.618040998498679,0.7781158032452278,0.02196197984848445,0.02753066562717213,0.048416228963429134,0.02360476390574101,0.026306062971833685,0.00599170272472477,0.0032702032730271315,0.04057678280805334,0.007994762860867052,0.006428727070907652,0.01949171402418481,0.018827498626093953,0.008267415416237208,0.0160353481567297,0.03598188432945136,0.009522083085186631,0.0018822577032397668,0.0322537170716973,0.02639985985519448,0.38794813793513383,0.2917832983873082,0.2904301314849149,0.019288842320959475,0.03515373716848965
happy,0.15617409831366014,0.33375688073282284,0.21851257024526527,0.26995986480370804,0.2674004944883223,0.12711465978659614,0.49269663951924936,0.2657599868909265,0.03626636317477015,0.021796666681592643,0.38635140797161494,1.0,0.2092065625597791,0.21342539185254264,0.04625018850529686,0.18768314944397602,0.7044518751145182,0.05728644259243172,1.7456046429210947,2.6883062106208953,1.3271443666971838,-0.08292655798957256,-0.007606789336032609,0.05401157279159184,0.7652240371555011,0.3823464160425125,0.003384851284746554,0.04452045906122906,0.012895008690631087,0.0,0.03605821604803354,0.020173622690067748,0.034364226356450436,0.02360046277785175,0.025961268770758196,0.024719120220288715,0.029067348054973,0.04960659583122928,0.03262308236746945,0.0,0.025806599698625747,0.03483924998534183,0.035635110484969895,0.014454135220231706,0.035144277787445666,0.5427742399551205,0.707251743696973,0.28999986110011905,0.013403792506794472,0.0160204523700206
happy,0.25739562736639704,0.29920661910439506,0.25435246403369266,0.3180614355058733,0.26040127438147587,0.1322757263796034,0.47026008198657254,0.5140465665167275,0.054886727193837345,0.03779420021474632,0.4039157545092681,1.0,0.19355431854505162,0.17890100986209823,0.05708719058118185,0.3917193123098841,0.7229603057904558,0.05734063562493185,2.508778159032569,2.880445613556466,1.162155820860363,-0.039217772003102024,-0.08010186747872426,-0.22101404045389944,0.4639933556451166,0.8120043382378159,0.0,0.03910918400223601,0.022203160325512387,0.03299576225833586,0.008272555203646335,0.0,0.023389806993835173,0.019563155280570156,0.013609969259956846,0.02110059664952593,0.05597666659641938,0.030848832115797753,0.033643481876223146,0.030971179590193625,0.03923300787007851,0.017529068252290315,0.0,0.017548380270921874,0.030552564229954525,0.35301996048849266,0.43236340495106695,0.29465842055981495,0.0395263802739607,0.029742941200285332
happy,0.29027292669143023,0.2183704018123195,0.1663050171049705,0.2645024339103507,0.26971970768816433,0.13023161421063445,0.5717785257463835,0.5716748825874184,0.03253458711735714,0.015420554545652998,0.4336234007116966,1.0,0.23476367053741487,0.23309679073693765,0.04321371077788742,0.23584001844224378,0.828890788338324,0.0307384278758987,2.0225081859314016,2.4066713242517745,1.4530958243985965,0.05212324965151672,0.05594411818088742,-0.0029799402041701555,0.7074363236448387,0.45729004337128615,0.02655778041961209,0.010912715909648957,0.02055420331769071,0.018872838889052394,0.01644184805436901,0.030274427563201152,7.27565814148054e-05,0.013278815075593316,0.028892492870525956,0.012016897920523214,0.0,0.028691219462337568,0.03460023019574001,0.01941506230064092,0.0,0.02917760670708461,0.0,0.024014390599026155,0.008462970278351922,0.3340160714233035,0.405808998292031,0.33533619548581917,0.011625292744976172,0.02765314261679696
happy,0.243727025256992,0.23497112604072115,0.1943301924495332,0.26872199533600466,0.24936237358245927,0.04069511179841215,0.4084820973603715,0.3801698627327412,0.07757435786298655,0.0,0.2991054440186163,1.0,0.23020023682616664,0.1613181568590628,0.03893849810084406,0.3108117698276657,0.517290020305469,0.017429110521152764,2.008761644723519,3.0350836887137453,1.0798256637773198,-0.0356855502767067,0.08821717845046398,0.022493853251478357,0.7621124150082186,0.8860547127076814,0.0473895015326159,0.012500969849071937,0.01978112259146546,0.043686717877456954,0.0002114094225114313,0.03335855391719968,0.006761898079303642,0.021332140772341038,0.016845952383796436,0.007545849190884019,0.007219674940442422,0.02359338673529881,0.032942011266114866,0.01831342935854946,0.020911471063531813,0.027425262861783616,0.007368955950831521,0.029616002609368,0.03065146026177671,0.710362629875041,0.41238958094404177,0.3133534558665498,0.029996556330458692,0.030648354195857798
happy,0.23696561948179762,0.25865223262321924,0.2846588239031586,0.28987816054466775,0.2418620415146138,0.053940388449233205,0.30146369626733865,0.3523954873302747,0.027019564931501098,0.01799006013794118,0.3167783892481677,1.0,0.15135882225566416,0.17304044735735225,0.07314382580165465,0.3130973794715259,0.7516129415276004,0.04193204008983534,1.9591993865975181,2.5737242924068613,1.2674871094968214,-0.04280697227013696,-0.0362846409237044,0.04329046705744324,0.6410858992679279,0.7543776906737077,0.0,0.02275227919421776,0.02990794014546292,0.01635910785054862,0.04361485094982137,0.008543900183331345,0.0228267253989424,0.019534278293342578,0.018696130323235693,0.01851381181593828,0.02139236539012313,0.0310234636650281,0.037910571071571676,0.019970746821445954,0.030599108938231232,0.010877029698531828,0.02995742088544103,0.010094110190249125,0.03417857916914572,0.6710640877393239,0.4377916112028608,0.1745965207354073,0.0128750518678173,0.03601437674576094
happy,0.30519157884091797,0.3433217097474591,0.3278100311856433,0.3056510135821088,0.27076388251718764,0.12263148503734887,0.4261976518358516,0.4033867871041771,0.07986843370733204,0.022810660792194945,0.45634163961036656,1.0,0.15829892091596132,0.19042284136442245,0.075129895310935,0.3077620037139712,0.5788526840269541,0.046233222009917294,2.6792454826290317,2.3692916846516416,0.8287119207209107,0.04424614296201959,0.022402223880752657,0.08069346847638713,0.9771658662507052,0.8318871011775351,0.019089832835433595,0.015171569430933108,0.03407057508729256,0.012954215797059496,0.034927333518707845,0.02704853871441533,0.02318086503133555,0.02189169246936274,0.017725415522715685,0.033593321562720456,0.008750543182676155,0.0,0.02798772159760217,0.02820609826487292,0.026243134982652967,0.025300468805034504,0.015832975081611876,0.030237275157011828,0.01940774435219097,0.4012886439184822,0.41881086877446,0.5116511759020665,0.0,0.026497245355845387
happy,0.17157852857264638,0.3002299547025557,0.26023802076600583,0.1970238097231627,0.2851870427232276,0.13587515444972337,0.5654846365279843,0.47781912415048905,0.05080601742509953,0.03726603607164536,0.5177668509738069,1.0,0.14516310871749735,0.19775177684877449,0.0576915325251,0.18951915155413857,0.7969360659620774,0.08977735695463931,2.3079792538852573,3.0062134382442633,1.1936563103436817,-0.13432883420989739,-0.00974100044906759,-0.03469019881233502,0.7412138011219415,0.7957525668097171,0.009394253576202376,0.007470922565952947,0.03646195924320175,0.03784045045726474,0.007115617897364444,0.03258398445920024,0.01886952031712173,0.024417511468375598,0.025982842312655824,0.03292655608561614,0.021075336624221456,0.038332105938925165,0.02402236691687902,0.028114395542103925,0.009167586310015796,0.04806256713916285,0.026107724001664563,0.029268966529486292,0.0,0.3677297976920899,0.573788368791873,0.37295128946340833,0.0,0.03349776907678965
happy,0.2906447476730676,0.34130563808676573,0.23333036551555758,0.23021459576498182,0.2541050473880568,0.12067931999053055,0.34685701292245447,0.32072731850859504,0.06441511622326637,0.012161281936628951,0.3725441790955802,1.0,0.15487776536897666,0.1897086590797007,0.06628161250840062,0.2414384916882681,0.9157376120232497,0.03802026957685349,1.8779951644848183,3.0303524758414206,1.1989086680349608,-0.043502624348217875,0.12701852872890407,-0.007026854288295973,0.6837570325186109,0.7313840242583288,0.03758995650804677,0.03906063665513387,0.009381688669486672,0.019448360468971592,0.02117203875967845,0.007178878563284231,0.019276094315550073,0.020069197185872106,0.03482272322617756,0.035696525368045615,0.015720277821332895,0.017218609129809447,0.028635799926723264,0.01239255016394885,0.027652321972586234,0.01885721566420021,0.007397818489397931,0.007561122732564594,0.03881176304840433,0.4343578520856701,0.6140354093898311,0.3089090991428072,0.023785667614709415,0.051104797399237144
happy,0.2370059265195602,0.27892326906647585,0.2495322530565176,0.2680448834286595,0.23148391378442773,0.09550149780291735,0.4848606878081314,0.3718560613137447,0.037748529481196946,0.015484023163219087,0.29998291960416057,1.0,0.18439547197640735,0.1746173657488455,0.04525091137369482,0.27900491645467074,0.6844256537567686,0.06209359490267036,2.566692890560577,2.2746964019462186,1.249276474591898,-0.08459093957306234,-0.1708033049909799,0.10292721050297866,0.7212459413478424,0.7938584814046206,0.04035513390564231,0.026612574059235283,0.0,0.025901943208810466,0.03602722866301712,0.017119249790024667,0.03294325247953182,0.011028497965024702,0.0006879909262104411,0.02183519724482432,0.0,0.01688297683238331,0.03672894941439154,0.0,0.0033665416531193267,0.006583580812899491,0.01917684182375752,0.01524568178659928,0.03818877296204914,0.5454348329091697,0.4995272946068598,0.3616504251475108,0.025111987100802757,0.008794229380926125
happy,0.3416794101101792,0.2909649593085806,0.27083692093397727,0.2720092972492902,0.17415444889697984,0.10755645546213653,0.441215065167415,0.4460763212380832,0.062364318975711985,0.01902800401965854,0.32018552003441897,1.0,0.1824995529109905,0.194424955595869,0.0528335889274887,0.3319684522459277,0.6413965446965852,0.05307475798288488,2.519227152050928,1.795184159906209,1.1930549892635298,0.06857682828452898,-0.10008398289232809,0.06683015951217847,0.6797545797632348,0.7055147538632274,0.008237502458212512,0.017795840695894228,0.04393632298754976,0.0035624053046962208,0.004795069967775243,0.0030748505878744406,0.042456437726165315,0.01398958382822327,0.019666692215480237,0.014763821765618884,0.007722502580759811,0.01694304159401234,0.051957166874575286,0.038096921972665315,0.00891180836870046,0.028418463339801914,0.009190203955337106,0.0,0.033253641929640185,0.5660092846643551,0.5546052251047899,0.31241078006243417,0.01783191545797418,0.029746952197555604
happy,0.2859215100953847,0.3361085012402779,0.21772540897022385,0.27916278145027934,0.2699462508540108,0.11875370658080835,0.517578101228223,0.39617894375078516,0.021703210497113445,0.013064246166122569,0.4622389122268905,1.0,0.15432039701726724,0.11987801183590142,0.08067133220464144,0.3212856820712655,0.8269895981274764,0.0669351942686408,2.2874302175016057,2.3577658571697278,1.1298674048415147,0.031319682987848575,-0.035427372416733986,-0.12952574560945318,0.698692276248945,1.0,0.027226856406892756,0.01397059426243135,0.02605145806416164,0.006858704067867871,0.039558587341659956,0.011406101754507177,0.026514110624092056,0.03385770918666075,0.025001991074664907,0.021228109893655298,0.020140427103128196,0.01926626574046761,0.01250291964394247,0.014156715412993844,0.039234674857462154,0.018589023775092965,0.009784648498023948,0.013288131240800388,0.0343048188490639,0.5175606633164479,0.5060329178232257,0.32939830408721665,0.027453712112248285,0.011633705375641576
happy,0.22894068801055825,0.2355126244487541,0.2856525119462973,0.3117839712400853,0.20253304506593017,0.10695832348926261,0.343356641803081,0.40083934800177023,0.043622502683875776,0.014533391535320418,0.36263428422385546,1.0,0.1601955440346686,0.13369539068311512,0.0636477182191486,0.31764360835744404,0.834317431002267,0.02303714631537857,2.197148399589849,2.705182018067114,0.9702588194071162,-0.020769122507661966,0.08728240386525708,0.06994221431352515,0.7511007897818555,0.7360480025627562,0.04394795856138743,0.04501844848116345,0.0,0.05242105107446386,0.008102065625006788,0.032748752826256534,0.0326164737512285,0.007056027051056511,0.02641248131990829,0.018602061324541168,0.02720629006022108,0.022998739930948135,0.03555241330981321,0.02098019406089881,0.017817637097457956,0.034248835029743345,0.027545147543161844,0.029513574126171546,0.011360373260638242,0.34547372186015257,0.3932277856747298,0.3003342891455529,0.03022059049248789,0.03268779265382268
happy,0.29265674365282807,0.23726162787976193,0.3619195857706481,0.25816947946914776,0.2637849558929293,0.09150987435983579,0.3810412497119672,0.3361804441505649,0.06107519566225254,0.009815786299343935,0.6141671860297777,1.0,0.1334768484256893,0.2096403405511175,0.07676298588192768,0.2832294828471611,0.8072242420187274,0.01773792019447258,1.879808747650176,2.0447100622505685,0.8113115636095898,-0.01241042316259203,0.1287827116941917,0.10947755150121039,0.7640376280828665,0.480860685406748,0.0028114524408631644,0.013016480677825565,0.009193284132636008,0.02515331052869188,0.02397254249473224,0.03161938369716094,0.02978098852526482,0.034830566261697955,0.019975060799882295,0.023945069710616707,0.026649678124949488,0.021841537066083334,0.01483647397107804,0.015678247053582988,0.009371740821710448,0.025481018788827785,0.018777802736892977,0.011378741241722057,0.011390817348780296,0.32896012722172113,0.54788413412372,0.35628941356254296,0.008783599745547488,0.030511120744826238
happy,0.2520709565425621,0.258737247309143,0.28214136105815724,0.29427767668370347,0.26060111872598934,0.07002207184636924,0.492150467818694,0.4124132963697164,0.08303866950176567,0.019985443614027428,0.2435475151470934,1.0,0.25195011831362846,0.2506729311089975,0.08204170005323991,0.22901199073092685,0.8412152395976779,0.03736509555460755,2.1728940548105005,1.969460458150751,1.04142013926158,-0.04483590478354984,-0.12658505643110093,0.08169778313753064,0.6688503963163661,0.857826633617114,0.03040934858170552,0.023598656481300672,0.0024445215652799876,0.01594868735865364,0.010300485721744562,0.03130578483702839,0.0353164030866234,0.03373301261840148,0.010182147547578733,0.0,0.0,0.03848115071506871,0.014783685788842288,0.010240579962553537,0.04135458381467104,0.03644707929134825,0.020317833384957226,0.01618575981616834,0.018282684233429373,0.47271627983874664,0.6100047281319608,0.3837973939389781,0.02943837742950884,0.03520051141791223
happy,0.14916304981981618,0.1693351838167378,0.22705788420102838,0.27593669685777744,0.2634139869602089,0.1046091676793916,0.6011981199082186,0.35164555484836457,0.04951991630178484,0.023957661796579603,0.34846088184231655,1.0,0.12080187463887923,0.24428138936508859,0.03807174533071741,0.3815700082389252,0.7467525676082545,0.06799093739448571,2.082676567577875,2.4383942033216504,1.0525386026871506,-0.09357408008195352,0.06793757032266386,-0.02356550037292891,0.7642948715239534,0.7881598433296857,0.009804639384102662,0.018374422593821507,0.012068714741257522,0.04989563290499291,0.018833499991148958,0.04008801797205527,0.01745690969950005,0.023370739339953803,0.0028222670686114983,0.01418805630571776,0.022736950720260208,0.04061804980247827,0.022885776109791527,0.037988364695508994,0.028329478432637965,0.041156217413040916,0.01923245117503428,0.051072895238473456,0.0136898493621164,0.3733538165802331,0.32899471503109656,0.5364819737246456,0.03065281844403267,0.01565643046605599
happy,0.19951269269752464,0.2662012743676588,0.2559488880349731,0.20078951970774198,0.29180981614339085,0.09324008610491605,0.5073214183864586,0.6328823249105449,0.04381823539301686,0.014525011225456984,0.40830649188067974,1.0,0.15903161806352445,0.16570797851041297,0.06850081222922391,0.2989319661919018,0.545527173699518,0.02855564350929061,2.5879016557438437,2.6017279268622517,1.019755948689146,0.0999218157498796,0.06189229666060037,0.15729019771004724,0.7295508411318021,0.7515884007362005,0.029564533683642133,0.0023425758668357347,0.009067661197284044,0.023548424813224056,0.018702150453559146,0.02743416937427723,0.004016403834325229,0.024642672791527175,0.03419058705190714,0.026328641112940684,0.021808452616900696,0.01875351316664238,0.009146935013970476,0.01906401829828275,0.03637617608744528,0.01845262941419837,0.008432548138470669,0.013600787846049978,0.022611053864587092,0.4126486002819153,0.49853032830631405,0.3918275008599224,0.03155678134526043,0.03850627313944543
happy,0.27605988322408914,0.25653888142355047,0.220807010198031,0.24674924617481017,0.24576461199142885,0.08320380650596985,0.4255263148229871,0.5413299408996707,0.05348666572186169,0.05213351798872111,0.41193557302137546,1.0,0.18015291665823005,0.1998749411700763,0.057616944250493615,0.38383556629295124,0.6654679535022432,0.06503330601811037,2.1675189442245903,1.856910602179592,1.3018085759054363,0.07966869794978887,-0.08408151577331638,-0.07228275572610178,0.9021148272964685,0.6471388315467084,0.019883859717404383,0.0,0.0036355160241036237,0.03362438450902429,0.01393658542190335,0.0055855613258054895,0.022982984737959587,0.013208638391396698,0.013879318448918031,0.029611238333773743,0.004897466333853493,0.00823025223513618,0.022003039897935294,0.03260232727972667,0.03609608391936805,0.0113541976352989,0.03218590056995543,0.009806150184884684,0.0437407215097884,0.33662289745802715,0.5828478810791731,0.29748111145450207,0.046172203912329804,0.027687169475082297
happy,0.33473750971600924,0.276322789230328,0.28232223061010026,0.282750590979322,0.26395395281032463,0.06766237851654061,0.386994513090386,0.46822179559425403,0.07127094228870964,0.041007771514106624,0.45456705945400155,1.0,0.20770611378135165,0.16433009226703607,0.04731845819548126,0.2387934639330262,0.6251257389292288,0.05583710770363359,2.1602918246400415,2.7095888129021524,1.2604845768842101,-0.08128132235265775,-0.04700146315882561,0.06249449641789934,0.7791173125588634,0.8167939998813065,0.019445119749042804,0.02536758813789121,0.010560122765077324,0.02480617703330869,0.028689429908718124,0.011294141435061359,0.02067381728690701,0.011893167374818325,0.013155412945290506,0.005375918383671989,0.036455074027165225,0.033853907271360624,0.026986640104955384,0.04563854737526958,0.01753980594461091,0.059412911396438256,0.017042117600278135,0.023317513572828213,0.014828887118777292,0.4872325560060305,0.5335614927886245,0.34088668855575327,0.04309735801252907,0.02310894070023499
happy,0.273030584517913,0.2483715340744611,0.23962333077628512,0.34015290139270055,0.25209568249462894,0.0635753644804683,0.39588783687072565,0.44600349244059345,0.05956667307078849,0.027212354782429074,0.4473630186243568,1.0,0.19259629640955717,0.15627171063174272,0.039156247797254795,0.23411455127498704,0.631161114540173,0.06862366605501516,2.3237988028181387,2.818691177166744,1.1672336041484705,0.021638830888815932,-0.08180979250623457,0.03347992596403076,0.8432169238638176,0.5386452714428946,0.03122013773458962,0.022302557790065392,0.028152424801939156,0.024940302887631972,0.007168282991020474,0.0005254829199163938,0.010743295839621478,0.02734392465654786,0.02897118839728014,0.002216750394035783,0.0072457082229132105,0.010597936082769089,0.015355034216531397,0.0022933391989155213,0.0015133270401782757,0.009316141146701798,0.021121299870925075,0.004652273583204622,0.018494554370367042,0.5558552816141815,0.319822026258649,0.3334843393271568,0.033321837538760044,0.014562510925270479
happy,0.33743374131068954,0.3023062003386144,0.26217207804868853,0.2743907159179259,0.26961348541538116,0.12552207052506187,0.4075032208154611,0.45319347017557554,0.04892347560691885,0.029153925841317204,0.3282374563889077,1.0,0.1972541645703054,0.13929838466513156,0.07114459944590876,0.3917046540398866,0.8501833969549408,0.07497223342646323,2.127745699020841,1.8227818927987127,0.8206818369851754,-0.04589357526867351,0.10471462328758263,-0.024496166317723826,0.780609845264131,0.6789625430724024,0.008110508381744432,0.019184293108407222,0.028002608742196747,0.001114151892092085,0.014164590936354998,0.0396283188805641,0.006021251057122128,0.03130689543314443,0.013698500099863078,0.027095318878049387,0.03426525759363727,0.02963666297080528,0.031819074828780394,0.00502928406569657,0.03447757618763689,0.008914989509747341,0.02337404295243,0.02335720043096395,0.026306593265304552,0.48369566760601906,0.3656190021475277,0.2420106070163427,0.03134053283950299,0.022415849507745902
happy,0.33023874341221354,0.26074072829762246,0.2977841797858931,0.24057621714561445,0.3093290513070107,0.07808587939542008,0.42384919405677146,0.45832727445904203,0.030886809275978235,0.024296753871638738,0.5128337334227243,1.0,0.19462028430417383,0.08414673763751562,0.049318738991515294,0.2643478857036898,0.6681502397589615,0.06892538321849931,1.9939708034722559,2.383002248622171,1.090596511038811,0.09195014727662543,-0.004025964076908118,-0.11241314885415683,0.5199820953881908,0.6141616271907646,0.032494215319562814,0.0,0.010037900454995826,0.014803639268233072,0.04266708427479035,0.0299918489514528,0.012756783148309706,0.036958678062502165,0.010373294333485444,0.03311829744854207,0.002334595803000796,0.03395235181325905,0.014720262608877186,0.006629444867763493,0.017177133030007917,0.023605474336362793,0.01356827040316574,0.02720139557793921,0.012421079512367122,0.5120372393931358,0.49422220620366,0.3451261556233652,0.014262029939242651,0.02197003034494846
happy,0.33075147739042376,0.4406026341327348,0.30682984079192793,0.27453930533935106,0.28112045222964965,0.07477585056029368,0.4155976231775464,0.4107718818313441,0.06133324460134233,0.017735730691124416,0.4096756397832012,1.0,0.21193657733205312,0.183773741382912,0.03827508580463111,0.33676373658265946,0.8273891180909866,0.02189050567983081,1.998224969854809,2.512482086911328,1.3033046679502696,0.04402029944269594,0.18556192374584474,0.07515363374385448,0.8592121793927725,0.7840687201410568,0.027608217907665128,0.020833778430915998,0.011239928053652712,0.0166035629164637,0.020246885426321408,0.019549169749758333,0.0,0.014832716645917395,0.020730673490158974,0.016342190105225887,0.016791290658349386,0.026343887820459638,0.005973556568367759,0.0,0.015473792719123226,0.029933487271523267,0.0419381895133263,0.03016766710823162,0.0009125711217049838,0.4267632760623229,0.4756634381081529,0.36420728935388735,0.027010959188257362,0.00807836369601011
happy,0.23810265533613484,0.2620518429033693,0.13940148063618632,0.24135614097266678,0.2442675532108687,0.07451038729581393,0.4628349416430305,0.4456642290164917,0.010463757142391797,0.022801603600922836,0.3350173108447681,1.0,0.13257150383403937,0.1911552517334412,0.04504464174448615,0.29515509424751657,0.7624697277651347,0.04553462693712455,1.6007114979356205,1.8923539937934608,1.0525648032070316,0.00519544700405941,0.037829054679851606,0.06605367626429276,0.7490064139284496,0.677010246336106,0.028127755097533055,0.016370128050248112,0.007454834577866366,0.016384748191157178,0.02293617787211518,0.024223501344719598,0.04441892871591069,0.011304178579955547,0.019044777399324794,0.025539611308652545,0.0196955015303894,0.013491964102147508,0.0,0.013359150732310797,0.006041868634668586,0.0,0.009656175058282375,0.00638780763003609,0.027589225088808327,0.5101091837414293,0.3596120710419125,0.3291817095549503,0.0,0.013573580647624976
happy,0.33469645274743104,0.20118402008129949,0.2151233544445228,0.2812898559691363,0.31013363685689743,0.1123357997045924,0.446873465043614,0.2798732596445288,0.01460717651923911,0.021682323979646298,0.37493561313001783,1.0,0.18242470549071188,0.19443255764905068,0.06652727769945477,0.2868301141506351,0.8728394368334385,0.05013989551710424,2.062516126687616,2.8517778503083115,0.979966878072376,0.03191855205618765,0.07424441006526925,-0.05704376653530511,1.0,0.7950308973800083,0.02495078028688975,0.02682624766164377,0.04440277417931135,0.030302596351743885,0.0,0.03824511500197755,0.015568344467214775,0.021393015946911207,0.0033696983617215355,0.026840626235610645,0.011532134229121822,0.02130220529391516,0.016306712930309823,0.04502516642256608,0.04576938390189267,0.02060467121279164,0.02083171024779511,0.015145241437456304,0.03437808178953622,0.4171080129666623,0.40786627253543006,0.42828742909319717,0.013002111760883558,0.019509184552169104
happy,0.3175037193855892,0.3560135567124599,0.23600268891877882,0.26708972846084605,0.23170520226891833,0.09430586136046644,0.5098463894948191,0.45789109751550566,0.025278782104478623,0.0029046216280092033,0.30331852479564586,1.0,0.2563640978192967,0.2424546423940082,0.016820259014943877,0.35105379690348926,0.8436400417014647,0.02295725095324674,2.0014594745690886,2.8635597103396684,1.2612797660120003,-0.12650486252087942,0.06337713106108502,0.1552693551345495,0.5929085937134417,0.8232890586955433,0.0,0.017103311715156253,0.03479343800220064,0.020239124802427157,0.013513811850494703,0.03156150129904054,0.03267177359612556,0.03703051600727035,0.031366451569803035,0.0340578723211829,0.02952781124668795,0.023451872438514137,0.021163616996929584,0.016915623651733776,0.004239212190223565,0.007580950385342485,0.016333811734842274,0.02313887807483158,0.038730563774055426,0.44582027721244877,0.5503476290877665,0.4363452525145696,0.016991191630045716,0.02773097274781239
happy,0.21809484475620555,0.28839928191200004,0.3657018324148418,0.254563068963599,0.27343145090285204,0.11364697094347864,0.3696617253147435,0.48957986606404735,0.02560788483939405,0.01186688661678185,0.4753006077245935,1.0,0.1687343211133785,0.2071887493179397,0.0489483856642852,0.2806289251175917,0.8156818526720138,0.037271064538465196,2.1131093318052745,2.332118756535989,0.8682489790735529,-0.01948224333798892,0.11899223046706292,0.050867467061274575,0.639545309250084,0.9381847736476598,0.02500140308960804,0.0027933520817819413,0.0,0.01854186929856241,0.040295424931294274,0.017572144247543414,0.03699099419425221,0.024575100020642546,0.026126255951996618,0.002635633379040596,0.032187797982746846,0.015645883515443104,0.03122020189694181,0.009415790234180531,0.022301641517628864,0.02457603840118921,0.017997566884513736,0.02525908751012004,0.016536838022497388,0.38509402469587206,0.6105483382793965,0.4339162293089154,0.010108758314373701,0.027389775972729968
happy,0.19138681946633493,0.3281965075059802,0.266858439746201,0.2536536019075841,0.2722925365886987,0.11452997029985632,0.38595840379575963,0.5056237346781299,0.051983984415441414,0.003671287692715502,0.3881087861494183,1.0,0.24203400753509077,0.2176179156179341,0.029168988957053523,0.3045303451227944,0.8350860903859193,0.06269988970807765,2.3551101438235733,2.5871318124159433,1.14667612965518,-0.05941430837609224,-0.10662161792960917,0.08270475531191811,0.6769959004915178,0.5222477377798205,0.024415342967273563,0.02241868696747845,0.027248485956722614,0.0026119319871923743,0.028385216961095784,0.046709086230070106,0.02101985170011285,0.01919835085031497,0.024017030629114113,0.0464203813212344,0.006692579097901417,0.022641690134120766,0.009604453510130626,0.012888938629015065,0.01935532599753479,0.03751520214097627,0.04341287780895358,0.025825847880147183,0.015104268600694692,0.6992738866638519,0.407244551867048,0.30430912685122097,0.0,0.038149190400181665
happy,0.3558248819889137,0.2836470469550387,0.3219172112736071,0.21056668576686588,0.30404245467995894,0.11966291878329577,0.4469844723040681,0.49999623329373694,0.03660383223176064,0.012467278887437908,0.3675588770462223,1.0,0.21188506428552456,0.2358763541460288,0.037726477379132775,0.297410150797241,0.7234459525370763,0.05574479433641804,1.8960373966064157,2.116507003576918,1.3535817790283686,0.07745964738970353,0.21760249825048011,-0.11116186817745007,0.7423355297850609,0.9926530741024171,0.02060202954232382,0.0079609854754436,0.03595023139366721,0.02820040213389826,0.029449347228053507,0.035477808825282946,0.01151364818000467,0.01834570698319126,0.01777115219065869,0.0032202950200969603,0.016573328047942835,0.03737293295239871,0.023085395349320012,0.002501202738015157,0.0,0.04164208876372753,0.01882585286668331,0.011583667325878974,0.016438107056338958,0.30226922456826677,0.592309514951162,0.3185557649931176,0.03777621986059949,0.020671472287815098
happy,0.31739283839659355,0.3124111354451025,0.298092592813501,0.25301447851653247,0.3174630407471858,0.07732657537260249,0.4503338422815949,0.45115365532858864,0.05704271318351163,0.014416855603371486,0.42203224139127116,1.0,0.12146775685479771,0.1903677630208886,0.030740106671972346,0.19328071187755497,0.7636873320689385,0.05853795848534242,2.2711768636839875,2.664106941899935,0.8044036201469276,0.11436255796547519,0.023102504913877685,0.06825861302952607,0.5866779686511037,0.9868225724176405,0.0063862861189985295,0.02794093340477696,0.011069810918344001,0.02103574561047834,0.011767695370443277,0.027300035010055384,0.02177806352511709,0.014172232942624964,0.006347762444150765,0.023481064567402645,0.004234655612446327,0.0255572535475709,0.0541443038174797,0.037552210666406155,0.029338522529624118,0.018887105129365082,0.0,0.002810276853297603,0.03667630712933528,0.371024391987522,0.38007479018359536,0.3367479619452783,0.006193398634994789,0.004052006450828729
happy,0.2393780666403557,0.3071627311193924,0.26792946409424145,0.2546428409631844,0.2779083769192665,0.0964490097941765,0.4284353329445691,0.48645990255668825,0.061693462262258546,0.018088044506388144,0.40564254429343655,1.0,0.14815472740291255,0.2196121788257221,0.05778648609453088,0.3027649219208288,0.7780854348725522,0.05080855732676169,2.3263338645174,2.803003557286101,1.3276659529550792,-0.004037925822513746,-0.08023765092048327,-0.059281486382311586,0.7379066500864816,0.9164391275890605,0.022969988862520177,0.028220890503355384,0.023667142580853437,0.023211087197294263,0.010435224126745845,0.02911756089848274,0.05698882713379931,0.015127664027728917,0.020922931300524326,0.014199331563485589,0.013655741279694851,0.04007784321554275,0.01125137676954296,0.013836953846237303,0.0,0.010151047580950784,0.0,0.028213461089755074,0.05639606388388503,0.4133321206349478,0.28332420670097624,0.42199997315437865,0.010549975533907961,0.03689151009719603
happy,0.3194043915686818,0.2681741272007059,0.25417031545472735,0.25403505191063386,0.22184434446497348,0.10992579005734951,0.31152868897701946,0.4155805872866726,0.06328924115453802,0.023939627678125318,0.4413224401090473,1.0,0.2232806086964641,0.225600919075637,0.05780746757433431,0.3263772888656772,0.8250423554403576,0.04230938851642942,1.6632328537003167,2.6086867025055906,1.2604804184729828,-0.022562323823195576,-0.056863412017450266,-0.014236604459654918,0.8808566389366279,0.6376414469945648,0.008216396229396877,0.025978703462001016,0.019074829144909874,0.0,0.02487640612880448,0.0,0.007711664825646109,0.037571857847181395,0.0437234272314925,0.004196467209864496,0.015717910013634973,0.02055409280002318,0.04315595005856039,0.01359270367828278,0.013800507700567385,0.040133432260017206,0.015127741014662646,0.02938862221656395,0.0007971414535384407,0.4328767255907674,0.28404031616735953,0.26556529752354363,0.030909617616979426,0.019351229915872736
happy,0.2956578846892361,0.3311116427360116,0.1434923724269663,0.2350471647721157,0.26477288726567016,0.09752842210094285,0.48126165879582117,0.47073437217480796,0.044664812397615376,0.0131509084521667,0.38281489571851496,1.0,0.15291570648248856,0.1875819411589577,0.053208488744972374,0.3580175464937229,0.7199691741763686,0.06677911648019182,2.5003933060611323,2.4259327649660305,1.1212277078498756,-0.02552845924423797,-0.06738746615828259,-0.01765248585930262,0.7105135593542141,0.7193012238908901,0.031105118187498827,0.02300312970432168,0.023058766219208302,0.005372094365062145,0.00742262899412195,0.04786480872210074,0.017688265571247037,0.009927964057481318,0.03860428915266087,0.02366351113288618,0.02751601391923878,0.018205388021340065,0.015857249822501546,0.017795377157535226,0.0020244037861178524,0.018856943677541333,0.023848430001554025,0.044056022039968806,0.0211179878450678,0.2165822957789695,0.4406014567215379,0.5691603306486644,0.03126276105480552,0.009458443730488347
happy,0.2618847931118283,0.2847593748404208,0.18264791387346344,0.22552522128384095,0.26031006689547065,0.08979567060027616,0.48059787351382205,0.3558632046335865,0.062496990599682764,0.004611131738217464,0.5149914011356341,1.0,0.13957549199581373,0.20606877591672543,0.07912408190120868,0.29575215180580855,0.8062857920182391,0.05030689577927853,1.7664205024125623,2.2649727735396343,0.9370086115234451,0.04728852115444454,-0.06678120824007662,-0.1083046015637486,0.5965548038667754,0.7982098703183695,0.005398686232856498,0.0241542020874037,0.0030763042211257308,0.02385297926151781,0.013647126603481486,0.03828600193745838,0.024208345642527846,0.036065177608923846,0.010176592686472497,0.020729863423174174,0.007245866944488382,0.014623131844322564,0.016592645104319823,0.01056384313106719,0.004198462835005964,0.0016242747925155135,0.0,0.006267495974455048,0.028157420656733982,0.2901501467986717,0.3131877153746695,0.49327188569863323,0.011725551351972697,0.024173598119142867
happy,0.2679848966452265,0.19585218198504362,0.40720852866333684,0.212153742079532,0.2285647934339054,0.07398497862896239,0.3340088130539768,0.5548260280061322,0.09239283826896119,0.013815261448935974,0.3075703797208913,1.0,0.17096797741468223,0.1778199312082844,0.03860231778869747,0.29106876269881143,0.7895173142815486,0.05565395701391326,1.9972594166102418,2.0341377593357164,1.2825132899964355,0.051385371720039576,0.059627351680315216,-0.12178513844864478,0.7515016511305836,0.8566029029801581,0.03027098214313901,0.001517093102387495,0.0013551113030511562,0.010177970656373131,0.006268549692221315,0.02981827308768931,0.024567025787842933,0.034289391919209045,0.02515432862634194,0.022712444564353798,0.03559648714447422,0.02610645541655563,0.020885312524690346,0.03924588944109891,0.02149735148098627,0.016043572136067018,0.009108297635890555,0.029139330967590346,0.036081657043952095,0.444941259856657,0.5807915623779839,0.1923987974422739,0.019279106127497107,0.01947876614264233
happy,0.2587979998765695,0.2813500298985423,0.17585368559665687,0.23720396223965257,0.28949719908336213,0.08427636612668063,0.385762174882979,0.551488236829866,0.07345445201665701,0.026720876138094846,0.3681417866172933,1.0,0.15024645142172652,0.15170123491739718,0.03172271145460244,0.24909727966073963,0.6465279009315255,0.022635160425494894,2.1713058676700197,2.5385598317872726,1.4729458675508103,-0.05815954979258776,0.21454749341836857,-0.005295410615100893,0.6697993957974357,0.7855320707547925,0.024065263530572423,0.01670011170536807,0.02967633665374579,0.03007797942905929,0.02425634423756802,0.016676683834378658,0.015352108588791043,0.002219199315638229,0.009523068877970008,0.011913902189278057,0.005388367088417357,0.025719011566939638,0.03555616229683113,0.008195188379721049,0.023684738664680283,0.006556555186113765,0.016036011777790894,0.011025715470688913,0.02782464343188374,0.3821211826157822,0.5511660413706647,0.33034233810702407,0.011555151775267199,0.003707031589512879
happy,0.3964192466535501,0.3543489475284618,0.2640085562347152,0.25045917698578796,0.2740909015845606,0.07904952048935787,0.5403873437562677,0.4780240404428778,0.05448803094002433,0.02893039768102061,0.5205980918358342,1.0,0.17581750627775877,0.24808570549791925,0.06693213227984487,0.2639510079808139,0.750518644865902,0.05341916602892898,2.2175892069966197,1.9378835562704846,0.8761828321645129,0.020256360823627983,0.08056965620035622,0.02186570052294994,0.6435131973597056,0.6342313868386389,0.011630287818357466,0.028251238347170055,0.0178039209677784,0.02255312986513245,0.004084055669450599,0.013998651362027712,0.027634349602682927,0.027734381956298425,0.010580540233557196,0.022101611022934196,0.048585022095270325,0.019771226919676706,0.01098856970014821,0.01774108893829192,0.02119830239784883,0.018034811051022857,0.019592388891205476,0.001235191639821085,0.007485803823882633,0.4350664762928503,0.4334732029977563,0.30470485801119995,0.01769882338100632,0.02079319312038467
happy,0.2518367843254361,0.3097489776271211,0.2995379754758426,0.2859745100953946,0.28140381387333463,0.11471839057202866,0.44237265082902205,0.4689827900959463,0.06861140624790171,0.011523030597763672,0.35601145549121943,1.0,0.19536534853982176,0.15827189977833583,0.048691655140267104,0.27530006128856077,0.5284719884396529,0.046157105187971705,2.0488717043242484,2.3894894140843106,1.4205282265222172,0.07115307652196202,-0.008929056170344578,0.031928256423860255,0.604104204178935,0.6510452914554465,0.0,0.013748083339736171,0.014856633796361988,0.01337029670765467,0.03439980541328888,0.031188027790380525,0.021012137415474953,0.01518203030398179,0.03334046568538923,0.01974314782213393,0.009362489494060048,0.0,0.014262911579356125,0.02981036702324391,0.049595002964060164,0.02080093450046319,0.010050378303436044,0.004595452292305218,0.027175413651972784,0.27353839476157316,0.5050345101404888,0.41541692850103296,0.025671632892027233,0.017144398264798754
happy,0.3762214407635014,0.2617126722602532,0.32033911962339534,0.18744157151912857,0.2982941264834279,0.13671909361636456,0.45231211850231445,0.4933047551921763,0.059774015678132356,0.011643813594670585,0.43829856138075385,1.0,0.15747599382512292,0.2333873110136735,0.06705650958725355,0.2446812248942104,0.6766423656498959,0.03870205945699074,2.3381078591012847,2.0725057452440754,1.2256351255826152,0.045195252283745165,0.015384453401546996,-0.06224990734884735,0.8396216172761154,0.739410545964828,0.03313082805924406,0.016043967796632697,0.017219877187079114,0.007295798995285865,0.03322330551906267,0.010035234189274685,0.02454703363029577,0.019072891127362848,0.006313820179548386,0.01208165913029683,0.03797733910752954,0.022621548054248247,0.006881045562231054,0.023969267735532995,0.018100517589270913,0.06490260322917436,0.02370660993744954,0.015051876988137262,0.03846036293123235,0.26589638327071546,0.45943201563810976,0.5095542795744858,0.018489409303323198,0.0
happy,0.2363794823053491,0.2443673740266908,0.2508955859002097,0.2708359365216199,0.3001458839881596,0.12631057531997927,0.48534094411345746,0.34679753109554506,0.02676118100511478,0.026932276275778926,0.30581702314469744,1.0,0.19125356650888853,0.1462026311785365,0.03207540914871989,0.2752939467716091,0.8003650287524053,0.06857657848224075,2.2972923663004297,2.4778053646095537,1.0227001653455028,-0.031673437152847816,0.1309066236863133,0.030085567705661693,0.6214911604986577,0.6886947494005022,0.025329162604747373,0.02437610818615546,0.0,0.009786198632522461,0.03565859817088003,0.021029795621453812,0.0015788841296611802,0.050625675360775974,0.01962375747990806,0.024996341471074303,0.02519382182858675,0.015221258939917581,0.010541542136321875,0.04758177480585723,0.03304167630503076,0.030685183614412796,0.02749175949233674,0.006956873925298101,0.036607892492623556,0.3656867341988251,0.4783286798150646,0.21884880756283448,0.0,0.024137785634490493
happy,0.39024420009464106,0.3522571334461633,0.2666194699661851,0.2602653592009084,0.2866311877035174,0.12805320049587268,0.4233759817910084,0.4526487729686545,0.05526075911837939,0.027200392163624815,0.39068464905921135,1.0,0.23105379620091235,0.2365665470440511,0.05835468503513155,0.36595545350114644,0.7113554237773583,0.07840203535101417,2.276317519149054,3.6848123611360077,0.940583325472024,-0.06472794137559265,-0.17902508141675458,0.04324876023576604,0.667278569733919,0.8002557393840657,0.025164042688726896,0.045351806794275244,0.011311129117106059,0.0317639407430205,0.035112019060865945,0.02916042181886842,0.0075070475549838395,0.03830086446830458,0.035981224107100376,0.027794598757274906,0.022656519933716403,0.022939404130576827,0.01897643470088809,0.028330206745284345,0.020404753088284707,0.008969175320415664,0.006368308617241303,0.010223528702520203,0.022887719153142874,0.4473044163564793,0.47153437932887493,0.39006505068368885,0.011844827963080574,0.03905358218848952
happy,0.18450146947649623,0.2388922086144082,0.33101578553197536,0.2078773421281367,0.2935272259079947,0.13777841415897837,0.4213672113186595,0.47261548947553905,0.06958402398489297,0.013931740555434243,0.46074428643683274,1.0,0.16232871514667235,0.15922554612348852,0.05599632598590906,0.3378984526282775,0.7315887067882836,0.027753139701532946,1.748120282756785,2.5989612815673793,1.4993174200645454,-0.02141686616379795,-0.03900842863033581,0.03859089898659619,0.7972469999177277,0.7035724139218497,0.029960391569053696,0.0168865177373723,0.015082292174265318,0.007540031625961572,0.03830983497520263,0.0,0.030372169603630504,0.01397131580863202,0.014665570491129036,0.042000097029531565,0.010716295801399333,0.011159100997630667,0.018304874894046107,0.025380016015559097,0.014255874830192698,0.0,0.00874592364853705,0.03665734013403875,0.02097209825876165,0.4951087283703822,0.42385787928269625,0.2972401843061384,0.04180840284838035,0.01755350585833595
happy,0.2490741781237522,0.2805328275688787,0.28001404541258534,0.26778834043709643,0.3227500726818646,0.10840620615880926,0.265700817886813,0.475288168115946,0.05066289990356798,0.02056485031656895,0.417216311657732,1.0,0.1780533525569506,0.21360220207617525,0.04051358604909623,0.23261568321804124,1.0523781452622392,0.03747249473382842,2.132546446549525,1.885388255294549,1.1814301883694616,-0.03546959036217015,0.09865281297198056,-0.057788828709390824,0.6380129339172798,0.6969032468579986,0.03358584065502461,0.02613612438891496,0.02738932381947265,0.0,0.04387963720777717,0.004505542957755623,0.03987129058582024,0.03328007025775932,0.027505325643200844,0.008885197848191041,0.021970667982653798,0.013878021661616821,0.020377514429568793,0.01675166063188772,0.0,0.034583193962799644,0.018945606964858305,0.013697594806470918,0.01271574597321302,0.4858459576366768,0.36062436617055277,0.16958595532207651,0.025292687441707592,0.026748338973438684
happy,0.2038443168476934,0.22658400897224173,0.24096370730178365,0.2853181721267467,0.2491216714868925,0.08880333970558849,0.6014886699443716,0.47731584353212536,0.055932403933309456,0.015193890312285926,0.35825398326542557,1.0,0.21584339968117164,0.2072599236716206,0.04686459511876527,0.2731386649081872,0.8236144262261055,0.02279257372110257,1.9082885672450134,2.02104566925807,1.4859577079775612,-0.01597054597421063,-0.1033112587671008,0.007114843271142827,0.8550786638223961,0.4856768830637563,0.00032109885368031624,0.01827950624635268,0.013858277243058478,0.0027830312950004495,0.04528190908945637,0.02406301888177353,0.02617261219722019,0.01100380565998122,0.029389563913314033,0.015054374107233846,0.016316538741802507,0.02794302547772838,0.0,0.040761362178062775,0.022371059791410387,0.03665227471414552,0.00601954316395536,0.00799885338763349,0.004895297119202441,0.4750297672664839,0.4565983301918246,0.3128470544615055,0.006817100492491367,0.0035342484934990474
happy,0.36044865327884373,0.27571906473397784,0.34604223256420014,0.2440024345195191,0.2673432885139597,0.09861309959359163,0.3184342710123455,0.5606962187354533,0.04763481187693273,0.02970343685522849,0.34735798942769086,1.0,0.14792646268283588,0.23758594158639065,0.05544966358038683,0.29835267633404444,0.8858184147104979,0.07023597269573291,2.348736324244293,1.913297926493358,1.03199504200893,-0.0038787120376524787,-0.04190281016297401,-0.05484855938866098,0.6295334236786376,0.8373040432350959,0.022218475242750668,0.0019233383628022675,0.017546325230854042,0.0005765396356558795,0.019308965655093123,0.0,0.02687475741399997,0.024913514138442956,0.044803330413509465,0.031022352763465454,0.014502114674307464,0.030634911212568318,0.0018303695477126791,0.007487856152145889,0.024330852916976432,0.0,0.01951690979585952,0.00673657720246053,0.021316991716992428,0.34222636419527364,0.4924248137455189,0.35154619389339115,0.038204756919457294,0.020087548943321088
happy,0.3011191372446829,0.3106722128083942,0.40839819390802656,0.24134492028186788,0.25196616278974454,0.08560603688904461,0.4664388118376699,0.47958101642217005,0.04906594022250106,0.034122236919349416,0.3568114347371656,1.0,0.19992442058472004,0.18953684808389057,0.044488608786749956,0.4013333879365685,0.6682991349257921,0.05521383059694726,1.856178802171307,3.1240718326045434,1.3231760444990535,-0.06149142439691731,-0.02221972702445546,-0.10753891176133852,0.6685980145390628,0.8115113992117474,0.02335004437659522,0.013283878094328396,0.029856134823966256,0.025060970084357332,0.02280408328051738,0.019455043753849727,0.025603708403795465,0.022982039599401975,0.020768213329325227,0.011666793092161674,0.04201896112991241,0.006344540736468887,0.025559270845436688,0.015836870350081373,0.0428741145028409,0.008254727016090072,0.010441577597115682,0.007392365177596271,0.024205045662357934,0.31269493404313586,0.4021471505242234,0.1778107341716572,0.02312547760366518,0.013497206836168587
happy,0.3214410718814672,0.2435458771526342,0.36328171165056217,0.2824865161677844,0.22975856387377916,0.07707293619474234,0.49692820340488403,0.4296656948699621,0.04703650612712611,0.03653910520303727,0.3475917788641031,1.0,0.21532122836513531,0.2211510233028456,0.04720677831838824,0.26555470595736713,0.5761184537479068,0.031515712628359074,2.2034667486367887,2.397949473674306,1.1737865824561855,-0.11904453951454824,0.09770484626766528,-0.10461335187079515,0.8747104331560873,0.6075212269125271,0.01692965607097555,0.02245324252434583,0.010845920811531292,0.038609202481056426,0.03181162842097092,0.023771733252153822,0.04332501313127163,0.0005143613650681507,0.019899558345626137,0.024762380596142795,0.008110784391679013,0.023909289043630468,0.005614427580757584,0.02897724513756529,0.03375185198567579,0.02354033421466827,0.0,0.007431684224841551,0.02734123004177109,0.4521198643512366,0.1805997382307512,0.4494264307094592,0.02177653458129982,0.009352029367999413
happy,0.2986343378527299,0.37261399988059934,0.3644265332545901,0.2707913449671232,0.2738715697655096,0.11978747330212064,0.35258376515887546,0.49992149612927866,0.03715371430748826,0.02414021486835555,0.38407726606748643,1.0,0.184369828205239,0.07168833457337996,0.05313060495484066,0.3121076476149632,0.7945928348338454,0.04820474594134986,2.6337025498773823,2.5675433562434273,1.2405318872355315,0.07959644780533313,-0.0609786011616209,-0.05507616940833717,0.8753390272860683,0.7935111599635919,0.008325769205615353,0.0,0.013797428273764942,0.029892291836454518,0.015409747691568524,0.030415318839662486,0.02193346628696355,0.0367448589134084,0.016162182807431407,0.026078992745379947,0.02657650583895967,0.03952082434420551,0.0,0.014040692430808951,0.03103070937005055,0.04009665423712243,0.023120929664347045,0.01619484586252067,0.029842538792767784,0.5368702675231684,0.4140338321332693,0.37642458497420367,0.0353468544113556,0.04457596691256788
happy,0.3089846209740684,0.27398501219106863,0.2898613059491642,0.22826371206407375,0.29891171589473475,0.07149538182128304,0.41651133856489153,0.4575634777160156,0.08484227039805119,0.014505121196919744,0.35337889302277226,1.0,0.24137919520161855,0.08172464075001819,0.032452084787399735,0.4165644354579776,0.8090882073491636,0.03064526338656365,2.0863766557931993,2.475464098690618,1.3156870452466314,0.05940839673882335,0.003972500699903381,-0.004326014083032657,0.9707402403387076,0.7966262017535058,0.01298275206083151,0.030232097747276657,0.010922714940782806,0.0065666125521426175,0.0,0.0,0.008346212970384464,0.0046887330198886745,0.024072074855871328,0.00440777626428754,0.0,0.006429146930336945,0.013865824579621547,0.01212915665766445,0.0397538208310194,0.012023946729241048,0.031452005021589576,0.019753226204148797,0.01945003856625622,0.3664619711151963,0.4441217348419233,0.28879230984820664,0.022210316085309417,0.016928754775892053
happy,0.2567007378246031,0.28756563844583616,0.2756412288818979,0.2339722718821018,0.26211488687063494,0.08447470612981564,0.37676762773944233,0.32423553190434434,0.04372437131307397,0.027370618574588404,0.35137384526347987,1.0,0.21277036918515108,0.2402167101074284,0.06391675271129078,0.37264324874692867,0.6712998016527458,0.005187095750974119,1.955009177285313,2.6607275122691956,1.1878791228016279,-0.07557023465532801,0.08927049057305357,0.034147238401714027,0.783056713316134,0.9085092003203847,0.024966748468012494,0.03038586805868328,0.007785684355914134,0.005759882040191521,0.04098348099931834,0.021311719956911883,0.011898020615200247,0.011921871583887463,0.01156139941870265,0.010783532726404057,0.003319078566152423,0.0004945347711333876,0.01746494309049255,0.012291963685834807,0.03439307071076284,0.023809996492469915,0.023449129841013782,0.010339434701792142,0.018426630594860317,0.48610011036314404,0.5216195739712676,0.3424886538785307,0.03402860913121472,0.020103861015803255
happy,0.2939546673769632,0.31771685128362454,0.3099180612539936,0.2726655998431232,0.2495423910213504,0.07983134371386019,0.492758940850893,0.4830496747553663,0.04018426591023304,0.03442251445949674,0.338199413981668,1.0,0.2405477328566416,0.22344040460275563,0.04373483714690711,0.2943690354821776,0.7654792244523838,0.0019517573628958784,1.805395966421151,2.4308054020412464,1.0943834883130876,0.06342776948141439,-0.04408669877302353,-0.14500706932549134,0.7796523077796504,0.8855378775537504,0.015820034799498943,0.006250487650402757,0.02422307156064359,0.015753896663618556,0.017971174489315265,0.016206941651009978,0.04914389140014282,0.0,0.0149516592592756,0.019952042666570902,0.009845147600323876,0.03169773581766768,0.030572349823355313,0.019379189959648973,0.016481241180531975,0.01854456115498859,0.01863777350257846,0.018981150634365087,0.017556011680281605,0.4752449314592393,0.5253212064827866,0.25157918819211383,0.006341369309969062,0.0
happy,0.20566609160509966,0.37281730238976724,0.24833975277644144,0.2650461742133377,0.28563153982035117,0.07532550610509821,0.40765986221526834,0.46388581253156774,0.10000577882063236,0.023914621657076317,0.5124452805441503,1.0,0.1936163713502972,0.15191596279221886,0.06854568818931911,0.2050944829175977,0.9100875123677092,0.05350009289381947,1.238677347128093,2.321458949125481,1.280326399049821,0.06931179202860796,0.022529096387141682,0.040421401274621654,0.721557135235228,0.8358006973192288,0.008949685819740158,0.0030222291537611023,0.019071209760381132,0.020410353674768893,0.015471003436189821,0.0359547849063485,0.00894730412319225,0.024071152895320545,0.020883609625127128,0.0,0.0028526076123093387,0.020154843211232207,0.04575559998293054,0.027530507554684544,0.0,0.0,0.02952969670905694,0.018749224721933414,0.0348364576036348,0.3619282079288558,0.48502124978585265,0.417693877042229,0.014182972703315736,0.014460887586996148
happy,0.3306478095634933,0.25597937015811445,0.21092344931591833,0.3193092610433954,0.24186098790372662,0.08578894790705632,0.44490024261690575,0.45520653599818356,0.043233036256455054,0.019773359339662882,0.39721664380002786,1.0,0.0927729640174693,0.2624137378198022,0.047422454513145244,0.3090311309723493,0.6121898658465976,0.04175749542813812,1.8814973434458653,3.004820721101976,1.0522102963421975,0.002021026487871239,0.04884087119042959,-0.0011467203609528752,0.8409695984328109,0.6719495456792166,0.014115953784498727,0.016807847852391082,0.036689986648780905,0.0,0.0028963737814323744,0.0,0.005862472443101145,0.009449199334502606,0.0,0.010456079294009303,0.0,0.006766146591020143,0.035605465198832606,0.02524664491365434,0.02243707973824286,0.00696387876837151,3.089553241858445e-05,0.0051909710180543505,0.019438272250351805,0.5368176779726669,0.5402367417135321,0.4004489889986666,0.010411760767116725,0.020319147821251844
happy,0.18837598767581215,0.26779680557204244,0.34301094317420017,0.21602325514899387,0.2406875772420125,0.08677403756080901,0.4326950465408162,0.32631332013051817,0.06041750605591569,0.02866173467267087,0.4355862727512564,1.0,0.1832008992591299,0.15537155077659015,0.04417955843649853,0.3876733963585439,0.7595695377596255,0.029218284920224467,2.158608985715772,1.9396970379111007,0.9393820877772378,-0.02570740240297967,-0.018107078714527523,0.16297023175678504,0.6250652236861451,0.6966828657365179,0.03218059694265962,0.027519176574218908,0.026798939267215268,0.005713980647322947,0.012962913379336567,0.023536014389481448,0.011831840189950631,0.01638123627608572,0.025737663002889346,0.015465955144383075,0.02293877465832633,0.04070546992825439,0.017765835613169034,0.03533139152634968,0.027271810874995656,0.0009258540846720335,0.005672218619574185,0.009163253520091346,0.008887146079873816,0.4409710253893186,0.5114644048081822,0.4504126733363778,0.02400627615342607,0.014206165771308272
happy,0.2895122951840258,0.38952449548057333,0.3445110204020398,0.2835518275474996,0.231137686097852,0.08717513127008142,0.4426495429630411,0.38990594788919763,0.05875812918723957,0.02463981503980416,0.3238184544861715,1.0,0.18378548235092781,0.12343076085042333,0.049101499978963035,0.29406032279614525,0.847279236143574,0.04409416294528422,2.3690799369203424,2.5206461000057567,0.9180299519370854,-0.16657929949038994,0.006353061787560415,0.002061615495599303,0.5801799871820983,0.8847071844179218,0.035547794318963,0.0241978199952614,0.039444187375340375,0.033735928037540885,0.028887173483236377,0.008152950646462265,0.04250857376342047,0.026971918618707548,0.01498409593004892,0.011312489931031126,0.02333818915968014,0.0,0.029095752579587214,0.007603579408977651,0.024817905414715728,0.013218935614343928,0.01656255673457885,0.010160171654054157,0.01790401739464958,0.6389379546017354,0.5885059627048641,0.3783583163996365,0.01967117454765562,0.030974615479007504
happy,0.18525817206245984,0.3384013097335666,0.38738126140044454,0.2624024787386926,0.1962496962529095,0.11522226291442578,0.3799330896234463,0.3985904182710044,0.06096508682134257,0.02330920363166542,0.3658323857262979,1.0,0.1846559340431708,0.17423557622827385,0.030588350161947372,0.263371840926082,0.7839592623255184,0.04688318933065642,1.6406097055693398,2.8233718945692665,0.6560586956024266,0.09039763152860453,-0.07468365439867763,-0.006195109410576176,0.6964361813965878,0.67557618545353,0.021926325412328394,0.02730160350143556,0.03464794250739346,0.010738736646421916,0.027625570385335266,0.022545639042458994,0.0,0.04470702332064343,0.0012959233458774075,0.025453464540026297,0.02506947927457072,0.023583278170278003,0.013570500531899102,0.03075428446482653,0.0,0.019144225747239,0.01266962920481804,0.01119512675312859,0.025573721236896094,0.5577478542719683,0.4156744238163134,0.4124544871940622,0.02064662865077978,0.008394481279905889
happy,0.3022811122901034,0.2922016017606475,0.19728621568999027,0.21045422014281928,0.2727405335961726,0.07961783928013663,0.47340818952027514,0.5105221973034622,0.027758325345402714,0.0016500156905095917,0.5172102177676707,1.0,0.16448809570308898,0.15404329257311886,0.04106728514412261,0.2204713831943345,0.838341217409059,0.036406854811889384,2.4553987411702867,2.298762582786821,0.968023566214414,-0.020636167459285107,-0.026953730171245343,-0.055732793000435724,0.6988438094383438,0.43509998669983,0.01843000850323791,0.01778845051530794,0.03072165570512358,0.0,0.03510426269122612,0.03066779083496953,0.03627656632808261,0.019314622111946213,0.03318065884333582,0.0008738275462102305,0.02926961834765893,0.009974884092700712,0.0,0.005386173263863311,0.020071904802180518,0.009284110293171156,0.024888955912045402,0.0,0.0,0.5872387434143576,0.5403800129401435,0.2660562531268954,0.019961004634882987,0.03325359178261721
happy,0.24200295128953656,0.2816212793305607,0.27907187080879564,0.25181713856986876,0.24830583465737743,0.10182170594571227,0.4526665809388784,0.3687468577035743,0.06403142842325783,0.007306992299038643,0.38472365888169785,1.0,0.193249833668391,0.10841449830163269,0.06559092176126552,0.24615048261939182,0.8719963294777054,0.0416321138209673,2.084125834636447,3.17245423012583,1.108969769581965,0.033536048663248434,0.013340078656513056,0.08761232650500776,0.898661986160815,0.7546854102677472,0.025400444793815365,0.020909461662347868,0.031022071141901614,0.011088089032910333,0.007207369200750588,0.011698509525098717,0.021296234892213182,0.017129355787845718,0.029233573394125294,0.03696151209767976,0.007314101615944889,0.010458665709018876,0.0013288875619328969,0.046394848879868354,0.02396070348858375,0.02623743016067051,0.0025772909945963735,0.01998479014291063,0.02662022379737011,0.42472423094655753,0.5575705624826395,0.5349464900514264,0.007688183247778625,0.006712865802302941
happy,0.2729525534747303,0.2819011025488455,0.23753973143777052,0.28670081473229553,0.2486029452767434,0.09349808651362503,0.49718120729351745,0.43543039229855035,0.04588809511378769,0.020137477671877978,0.4556748789655154,1.0,0.20166299059310502,0.2209275976095343,0.04650255391323033,0.24461010684156417,0.8153986232235115,0.05299671443051,1.6376456891563316,2.3261537171568367,1.1447469476793941,-0.07022048524228613,0.14455792440148416,0.08338842536237476,0.6887450559565825,0.9278082713450553,0.026237907479728817,0.03785127393255243,0.023424528401478076,0.02105804187352601,0.00782422837106676,0.02015508393155537,0.020169701033780723,0.0022275195075549675,0.012986142892984866,0.01579732621928729,0.02537523407272438,0.02599755145581418,0.012442859734452336,0.026095304833044505,0.01763297391846928,0.0,0.013698873584629949,0.034026852321850924,0.0,0.461269120041554,0.6085261214185287,0.2891509637591615,0.020027938045559916,0.0030477886560370225
happy,0.35042362420629236,0.31439687652156506,0.23446730591016957,0.24058166227738054,0.274847939135699,0.0843969736234265,0.28591364331065916,0.4458738381054715,0.024096278430315834,0.04101166279632844,0.4123751346434207,1.0,0.1541506006574892,0.11725819286685407,0.030759416981341187,0.33081616012703496,0.9731786145492392,0.06271193898098178,2.0700861749481656,2.2869353356906466,0.9840047703019492,0.13017849133308576,-0.007499936429695285,0.0037301474235214523,0.9971719079207688,0.727350155776275,0.04750318779081256,0.03811575362493079,0.0,0.011342618855129206,0.011302413385740308,0.018961997266625386,0.019215914709521206,0.058951108240175853,0.005996037631828136,0.02297660916363707,0.02801460065208144,0.01997956394190045,0.021432347511157655,0.006417484374014366,0.021384320529834862,0.026648186950266835,0.02425880759552467,0.02741261175085719,0.03836390270827102,0.5436966541914342,0.4571294613497437,0.25625933184933775,0.012199931428755448,0.0171447950250736
happy,0.2182136681657425,0.1941387565291124,0.2677825634037224,0.21591003673789086,0.22998422947527825,0.09015245317889245,0.34646640852216387,0.479430794608649,0.06295390361309953,0.01285744874291982,0.3694080884672999,1.0,0.1535821814023169,0.15986474440350415,0.07093872336826008,0.3242093869356394,0.8101550002343919,0.06619878087439662,1.4573844142556072,2.961072918914398,1.2321394294514085,0.020187666507315787,-0.04304994853494556,-0.07485865593474814,0.8712937660806882,0.7964594134939635,0.020636022720842032,0.01642098023929329,0.024772876899520672,0.015947277184240823,0.031282389300846467,0.0,0.012959513796674389,0.04658270223019641,0.011860953973558897,0.016897111600174784,0.008526447866449008,0.02436599374751571,0.010428556428151466,0.017587057847508348,0.03103526496845592,0.010916075555407393,0.03025194455044787,0.030688981102284636,0.03371442923135082,0.46405409949180404,0.7741259076976785,0.43436269572336655,0.024223409117288746,0.008612982616937442
happy,0.35687311322289195,0.32082999994994027,0.2147056692726303,0.27461485453477014,0.22275792865841007,0.06281322016548105,0.468534798054736,0.49054795716340566,0.06580909922341409,0.02646277112501922,0.4372110190019924,1.0,0.17611586266666734,0.13197600375307222,0.014941040235496576,0.31703213549215375,0.6746875606209042,0.06526872378750344,2.4602129628110125,2.2162077099547433,1.2686172413981749,-0.007764730069931279,0.12836942792100306,0.1367627692501015,0.670661192566363,0.5284945350447812,0.021603022257751958,0.01387863956369511,0.014278842862367289,0.04567946053199183,0.00016385922447526707,0.024977324759829125,0.00706750591711823,0.031807398320475216,0.023879606070275856,0.024931476539347977,0.007716434971170621,0.010047357127251796,0.03205425659549652,0.04302037038245832,0.026244001623914433,0.008333530629971374,0.024406200792006887,0.051557136576388926,0.02133149653934585,0.5961840859393599,0.3759670634161288,0.346633115869089,0.028054347679632052,0.025165268007417235
happy,0.3419606422578076,0.3586314650223399,0.37380438512914915,0.2640385830896779,0.2506640226730522,0.13377477346946173,0.505262869343498,0.3738597174532617,0.03191137585341905,0.02639509261763202,0.38759077369612005,1.0,0.2196837344942772,0.21922293008192387,0.07327278184732255,0.1834231946813317,0.7753397917221201,0.06215704914195112,1.6038595965765028,2.202776895405486,1.0053507301314788,-0.06131109440889287,-0.07285657114175396,0.07906275224821269,0.7526037805271899,0.9453424762432876,0.046293662260643714,0.00941426181004733,0.026845244256416465,0.027264372077850096,0.025039135029691722,0.025186735251610044,0.023948652531867266,0.04193841157048346,0.03433206468678475,0.006217999331222525,0.030344374051447142,0.03160085386864888,0.024094574732973256,0.03470851681653549,0.022444962445887486,0.022606080373991262,0.021576127080801564,0.0,0.01895482087922364,0.38317494255454293,0.33135520218074427,0.4647214627791618,0.02655469774094795,0.01961219594772088
happy,0.2369977761355591,0.2797489246416163,0.325139457940261,0.20191996612747612,0.2582729071278379,0.08926771573631154,0.4396281860239849,0.4111237868811775,0.052408430591127673,0.045007153865495336,0.3773254268250015,1.0,0.25380561748113717,0.16882440023265663,0.08175681860625697,0.2802661503313554,0.9281896225864926,0.06312851968656058,2.1998102178392873,2.4252244175878137,1.0451763750622252,-0.045184268088194104,0.026655262616586618,0.07931488746540105,0.7590949859957223,0.8576833750824029,0.019829551397043284,0.015883903534195852,0.016739827055688952,0.032902195976579694,0.035927098916298125,0.011327043321011185,0.011308357853182634,0.02493166595567246,0.03985791684184431,0.03489787400806328,0.0037259212416611495,0.016567012390105794,0.00790215378903634,0.016522337215101643,0.040857329948459614,0.0015061915658207761,0.0,0.00922879600536317,0.023735037833487908,0.5120754820640757,0.49374484348615333,0.4440548322584813,0.0,0.03544837499866618
happy,0.2802577482444717,0.29228608007062873,0.3400990539499178,0.21244236132176705,0.2609225764560471,0.07286911772144643,0.48917594342614135,0.5102342815753498,0.07252547924389154,0.013044617093991132,0.4649058539982153,1.0,0.11919986211534772,0.21357527942379034,0.06677394694115185,0.26706368068062813,0.6289226422474892,0.0665017257319191,1.7101596310437293,2.3826723334721347,1.1526171733641875,-0.02496762560370332,0.06583448788243808,-0.10587403414105635,0.8358645662044799,0.6748042128584961,0.011100412045237885,0.02128590122392044,0.03308307620905674,0.049736850008490915,0.00040274440287593055,0.024099446231225514,0.005875044658954205,0.033244546161687656,0.00779892088497997,0.01122957316362979,0.012339478832168049,0.01900941379664255,0.024201568759163197,0.026288118116910678,0.019925021899623818,0.002711416708272442,0.02946121995403246,0.019311537372380637,0.03510255227019109,0.37922612205200634,0.28977252726490055,0.34727791978535394,0.03684738494769545,0.022092247776008662
happy,0.2264606650659915,0.24227949860333153,0.30964177819636923,0.20431937930339633,0.2982377199614402,0.1156048278554339,0.519690408065361,0.4932540684260982,0.047180338444513525,0.006179066767979502,0.3901947191142528,1.0,0.1979877464728262,0.2210610234761019,0.07584415104596864,0.2985883820276432,0.8424575356595186,0.04479996709847252,1.9445599301473369,2.628811138783343,1.0888889914200888,-0.015973583933828524,-0.07833123158916898,0.14062131733446578,0.7823022946593189,0.6226569372797495,0.008538840127808086,0.028260320913237776,0.03152697098027925,0.0071864698034331525,0.028717986036583473,0.01307443625054143,0.02021456729060403,0.03842027740527841,0.030497334042298332,0.03034633584428851,0.04481427465994057,0.010849568566352628,0.007183625325096905,0.010612410487028321,0.016691486305714005,0.0,0.017303432922941467,0.012920580485366144,0.03018887697617139,0.485241937901004,0.3899303372230663,0.3971968676290323,0.029402419777709007,0.01000890473271166
happy,0.24139158285797396,0.28385664118351317,0.23084010067328964,0.24459644038852674,0.22324007955252204,0.10427784746328177,0.48299288108033034,0.48118331450253626,0.05021631980834204,0.0,0.35660324352750045,1.0,0.16507807342193687,0.1928867768926087,0.07494697401649283,0.32060481063423,0.6512482220151306,0.061872050317691094,2.3080982694913645,2.1457095289607846,1.3161913297649206,-0.03944194043059348,-0.20028268683881842,-0.08725279794954278,0.7307548036865684,0.5808055811982666,0.025917635420282845,0.022820503706988817,0.01704019082058424,0.019513109895217106,0.010651888774449994,0.027931696549362423,0.01943514175138396,0.022163834971326964,0.024642845017575344,0.004990387012457775,0.008374320715533323,0.0,0.027341649360375295,0.004241269691292036,0.02172340622864348,0.024822846924214187,0.027830586905602764,0.00434778012013123,0.019152898964171015,0.6170280420787749,0.6214314679984316,0.42898584752215607,0.024387410804644915,0.006933616945010091
happy,0.24709214034768995,0.27100747813232373,0.28853566272397413,0.26738834274481577,0.27481168143380746,0.08552012538687752,0.3458954549614593,0.5759208405922341,0.09356194795790876,0.025816469245630923,0.3073205533688923,1.0,0.19883735005488584,0.2416329510497295,0.028774413895517516,0.27378335895755496,0.7695932064443969,0.0651301228975028,1.9883296443198768,1.8596599540259735,1.274300350939334,0.05748973003128424,-0.014221910587215678,0.044842262021827554,0.8849755158205486,0.7400890245905807,0.025268121186983607,0.01383161401744808,0.009004953668563374,0.033343533847113846,0.025037446021587993,0.026374791792224475,0.03952749692392997,0.006287049653858548,0.012823658513927513,0.02205313353485104,0.012663927909103857,0.03018077495854185,0.017563810128248206,0.007097073502536534,0.020855031777439602,0.022214404020488243,0.03215086681765229,0.025110831740916516,0.025994903087677865,0.4820291684007225,0.431177747870807,0.2927024707910988,0.02375489857157189,0.01566937804351267
happy,0.2996802808432353,0.2754261293489788,0.214421565969949,0.253514833300341,0.2630420010021577,0.10573641186111657,0.48638906844372654,0.5214030903355206,0.03788730374537483,0.011120017106282853,0.5015599675820211,1.0,0.1655414751410671,0.18587236999533888,0.048202505933189276,0.28157870611406915,0.7972683092238613,0.09436237305674705,2.1616708823778623,2.7001308017855323,0.8496882860610137,0.13518580963528123,0.12079640652958967,0.05062713058812866,0.6918120008665398,0.8974578003259926,0.025230100087636008,0.0,0.028762301630110558,0.044936137130174,0.0,0.03975203978339166,0.0,0.03219398628569438,0.01988756786184088,0.0,0.025799791754117226,0.03496091673897676,0.02473053104968045,0.02760275928177497,0.014648210539592199,0.0,0.02899423229038184,0.042746800952801846,0.03468455110495697,0.2512124170398654,0.29851055927890663,0.28232258065621274,0.0,0.020574468954228507
happy,0.31125740508904076,0.2514957255081275,0.27102885672883287,0.20150596473040905,0.2500321353113878,0.10018462435325814,0.4630779386301847,0.4793629606815635,0.054274230506535015,0.016563531935546282,0.4200336459788022,1.0,0.17646657128754314,0.20222740329701955,0.04674200640337793,0.24766205417602147,0.8022879666917604,0.04028354597702141,2.225497742822462,2.4606664027450424,1.1040760195202937,0.03147326441444183,-0.12872279549181306,0.06217027674204226,0.7106228601424007,0.6890254809101176,0.0,0.024977636237102,0.023010108728618167,0.03104571328183042,0.013091060270011667,0.04463998713119668,0.01506343267795477,0.008623574651468954,0.007082096042045356,0.0,0.03992416260111066,0.0378238760799926,0.027809687117501855,0.008350845498914862,0.043546479860268564,0.015427650900218474,0.01650266419405352,0.03868436804566899,0.02856583759825134,0.6701103138754594,0.474872226031902,0.318237536033702,0.012046536515022655,0.0
happy,0.28105601634114113,0.2282634089215509,0.29179739693666235,0.2903844111558612,0.2729215776940995,0.10416837924083398,0.38823578187070656,0.517206590593681,-0.004808334328023169,0.024976994215246885,0.579922538666122,1.0,0.17106933017604944,0.18969542688019803,0.0419048007540099,0.331818712127949,0.7972451014355301,0.05266525651957809,2.359113582380016,2.456323392674583,1.7450950659435265,-0.022287661824496357,0.10301340049446425,0.04790673381248554,0.7681616320388089,0.7734338518187646,0.0,0.012935145745055492,0.03491590986339753,0.0026390609453216564,0.0,0.02042010112543847,0.037819678597174715,0.020550955973049633,0.015630380165857535,0.0,0.025879303595128515,0.028596576415479587,0.0,0.03474892183306384,0.029954041836597417,0.034720107253115494,0.027585826193833447,0.028497875214547143,0.026769371683122607,0.5368472321501196,0.26812422308760814,0.2299152453102788,0.010431897297532968,0.018312337768256807
happy,0.3397217555261783,0.2346359743687228,0.2924059577226245,0.23456505356834487,0.254352588849393,0.10804478422621237,0.18582481407344398,0.6368714130720755,0.05991215185445582,0.012255857419625722,0.534915882866116,1.0,0.18490321727563813,0.17124604129969134,0.07890985715525844,0.274750764684706,0.764948410073951,0.07106618767794531,2.29017032367485,2.429483605411888,1.3643119389137732,0.03105095386465435,0.029221348790596506,0.08936846491648251,1.0,0.7880892538559305,0.021517881142343362,0.02221815208704806,0.03703558351080973,0.01221042944457201,0.016381871723748408,1.3241661353663448e-05,0.004609717785680341,0.013268599964926384,0.019272819077214506,0.04299808323501156,0.02696790646402792,0.00814297936753268,0.0105362536902665,0.03787173288199851,0.0346459345321795,0.020365948832914642,0.01424715594799518,0.03462412686416036,0.0070867473525790745,0.4892030398057523,0.6772658990893332,0.3664284545801166,0.009917076769599143,0.025334793134729992
happy,0.3381273888285856,0.26383285305222626,0.2603837449469938,0.23115303826634512,0.255501931985973,0.08594079042692024,0.37164496678049774,0.5966430843559695,0.05816362429311638,0.02744113640438158,0.4618379698252699,1.0,0.16471493174652155,0.20049327598440148,0.045291966525438446,0.30192318123883305,0.7841690885958165,0.04330344543487647,1.6679779150504153,2.505204489004479,1.122414414243457,-0.037600697521227806,-0.1254704259378073,0.05608288214976854,0.523155330274949,0.8109194122666461,0.03254944745915608,0.05286863417771635,0.014914432456831406,0.012996745344862119,0.005577526604289862,0.022712344784331092,0.022630136347258616,0.009453147647772261,0.01772591153395008,0.0,0.032042897721832206,0.009981169624261831,0.01954946743163127,0.0014529855231288705,0.012429403206999545,0.016365315004272147,0.01985321898950921,0.026236522701792653,0.03870797608532087,0.5232710942769356,0.5462164543146245,0.465688328795451,0.027406202459795068,0.019522806456953062
happy,0.20435936495412266,0.23624407203907835,0.2657075865904149,0.283388630622077,0.2593596074278832,0.1284217158362641,0.5519308387276818,0.5429357113224835,0.07109695987840503,0.006519079239436662,0.4337844849619043,1.0,0.11898454573970965,0.1789323614158503,0.0731828968984769,0.3030371005059232,0.9517809371605892,0.053101527542191954,2.8955358949176953,2.517014262632687,1.1641363744922875,0.08072895250040443,0.0965708357365491,0.05188526703728282,0.5964731894494204,0.8832675288351322,0.013472373323773774,0.011588380687686549,0.036655997328913434,0.035056894694347446,0.03471666777373883,0.015291515257285244,0.019337313751031728,0.019221892829953933,0.030172736348741177,0.04019634069042499,0.024785905217579292,0.045673584109645664,0.0316635274344298,0.016947607876512564,0.030773248279676674,0.04217722362321405,0.04597775678343735,0.035429587479788055,0.020333767897553992,0.428330674594408,0.5076069503561391,0.4839179596216837,0.025638998588787872,0.02590891433429454
happy,0.2870421512327676,0.3693411998044708,0.2675348835163983,0.26157836227734144,0.23403867018780475,0.11791577666182888,0.5559176363506669,0.5758985830616485,0.05355887918217494,0.02746660568263006,0.38925147744809735,1.0,0.19161671064247093,0.19224317890918227,0.05241068961484977,0.30259611416968246,0.7205847565154436,0.04575630613863442,2.654892654443255,3.4732314052395097,0.9383964814697359,0.0041118283453673845,-0.02951019563680912,-0.012970760531513423,0.598863455474873,0.635141660663022,0.018657250604498785,0.03164514664348434,0.027686288246627534,0.02223640477814609,0.026876162110452687,0.011002879963831197,0.016826403967215953,0.01973877087111464,0.0,0.00490296733860625,0.005419641203390432,0.029933406907889065,0.023189614331441413,0.02794379560096126,0.0,0.0007136330813291569,0.02862180072333444,0.0,0.03592018164879746,0.267668285647721,0.5343344891924978,0.27891323001944296,0.033635748297230574,0.06170609188091444
happy,0.3021919839553102,0.26924784749530156,0.28674868076801585,0.2326494117101529,0.283416233284895,0.06379105405074048,0.5462268878746523,0.41828310123771084,0.025452913145445934,0.040734178703429075,0.3952860143033593,1.0,0.22519017678459366,0.15927139036572224,0.048512678483606894,0.28605189698317873,0.902630319998644,0.057656559983924514,2.1572951018563495,2.374545455870389,1.1506975054027464,-0.18185421040969005,0.06258394330745835,-0.14465301708749917,0.9065510502813989,0.750444642095697,0.01486503547312373,0.01266140684702207,0.012801053000129894,0.0017727520514440528,0.010245120991755773,0.0394794635834542,0.017314209612622544,0.02915735169122928,0.0,0.02738804701655643,0.01790241484320152,0.013741279702423385,0.022352479446474713,0.013554271700443639,0.0,0.03198922323523519,0.02315922829752651,0.015918748088277927,0.007439590163058313,0.3030142483892865,0.47238927070680575,0.4790752768180287,0.022641164197633498,0.0020240991207932588
happy,0.3115501252254098,0.124737228226284,0.3083525946302798,0.2298956177148775,0.21734813775653905,0.09528816474066092,0.4818502609498259,0.32284306770277116,0.062330087298507156,0.029923405017910798,0.40328833374096484,1.0,0.14376301384499618,0.22949838706583875,0.023553602986321667,0.3332235230409589,0.7334800840869563,0.048322896256250004,1.5448714957406695,2.3946144721264586,1.272899734946093,0.018009338163072205,-0.004800866602205513,0.06912349008593843,0.5896307894577623,0.8098363040702214,0.021157159297827296,0.01163117702018001,0.03111075012438696,0.0,0.024506849733668217,0.0410526570549528,0.038719260808308606,0.025067487367000794,0.016078149910299003,0.0117345667648808,0.016061964679226652,0.027069494222932783,0.009505830529027589,0.029846509634654954,0.047731086734043214,0.019195517943343864,0.002522867557317031,0.0025183182978866306,0.030095352172250484,0.44402538210395565,0.5376830896064053,0.307309260067252,0.03079810611801781,0.017942110745153568
happy,0.38344669704624385,0.2749881456949587,0.3135147326114742,0.24389392601387602,0.22844216534060532,0.09415298722705162,0.5353424213368879,0.40964328616663304,0.03476569047723523,0.022021035176798865,0.4349315820502421,1.0,0.1930887676997823,0.21479371812345255,0.06258731664610563,0.2223492309033685,0.6536667929530455,0.03103181493190112,1.6670526294002153,2.7502861027635777,1.213369216866131,-0.05860032442591593,-0.036089863092214604,-0.09576434843385892,0.759539527570974,0.4388740181517278,0.046721199162042044,0.008374463946003776,0.046673565827206456,0.0011598607515328901,0.00943878493876502,0.0,0.02470762468725507,0.005683661329453979,0.006050997996721394,0.002157315176732833,0.03010561581559222,0.029249027470378115,0.04355644058402421,0.011085813926051347,0.022844651823608404,0.0032386424337746272,0.015644492704440866,0.013255010927344692,0.026037849447440472,0.5517021806418191,0.54910666908315,0.2825750182225911,0.03298008276009899,0.019426893217598638
happy,0.37060032000220416,0.29598535985768926,0.28907981607006267,0.2521325942438916,0.33337935834314086,0.1326252622211606,0.39411768610309356,0.42879483326039164,0.04625072049100907,0.021896335717673795,0.3509141805157996,1.0,0.23372726088545462,0.13942531780333972,0.03025743210088883,0.25584207223513467,0.706320443989217,0.08497315280805379,2.4255554965048227,2.806481687924645,1.1113567123935342,-0.025967751671761196,-0.06376603381370266,-0.04479486354892417,0.7156423911855823,0.5757953503481521,0.030162622964621626,0.02638370986251421,0.03671796574081769,0.017259213726369824,0.01815687109939484,0.022210591871288266,0.031594668481592245,0.0008871969127327746,0.02956872973859887,0.019733557691753202,0.0062377155166019466,0.0,0.018225841745581405,0.03882026878256291,0.04177090066763814,0.024619890738711254,0.045506073629949226,0.019441765921562316,0.03239294617135616,0.4048769111093573,0.3985401160715851,0.2957992706495491,0.0,0.036732199379309854
happy,0.26937330930011333,0.37170160014910664,0.38887650024278136,0.2101739937259375,0.24936656012071154,0.07414105574765754,0.5265961749438928,0.4722109999152793,0.03886003677085289,0.02094345004768325,0.3665806965014604,1.0,0.2002375020555934,0.21578820170528287,0.0033289441344242915,0.2766605660585595,0.9583210959059034,0.07320725872564199,1.4996958845759014,2.3316817481619436,0.9389204182709552,-0.0513305951310413,-0.07212949017796767,-0.09439773452901404,0.9553321872435444,0.779313393873109,0.010018657723491331,0.020444053266030257,0.0,0.005895503055064503,0.020473768435742026,0.03099377978989319,0.0,0.015044980999868418,0.03312591460074468,0.0011311067831474599,0.022979376852194252,0.020857668540378044,0.04228694416463583,0.01700822948954871,0.017769192221124087,0.031114476791140953,0.00275746731535852,0.017128518314838838,0.014075574859073363,0.43610881872949,0.5348406448962838,0.39433291880657384,0.010267129989127209,0.021777089643253762
happy,0.2699556447991913,0.2767237391764876,0.1952058036430312,0.30232288562936616,0.2367694429733545,0.12565179925383832,0.4018433128763179,0.4015233894780786,0.07122965688314567,0.03292049984521302,0.4146066129274788,1.0,0.1693235471305132,0.18967784633282275,0.03842157313188317,0.325203247465013,0.6806586668832648,0.07599023603641243,1.9973538952960572,2.457741982916166,1.2996059558003974,0.11923532912804193,-0.07482291289175746,0.01161334243176101,0.7528637305427498,0.7142510022857628,0.019609695178489872,0.03161963859624859,0.011382921112222829,0.01835891890544756,0.02013372745538718,0.031239607541859532,0.018702010139671325,0.04350788822841839,0.017964998489703763,0.01691011270073136,0.017776582418969487,0.002883661427445866,0.006522550992137095,0.013101330433391787,0.03476578803505169,0.01956936122829387,0.013699625534995815,0.03594495169288574,0.0401653027275994,0.5755382460907761,0.36469100027648427,0.3103801103845075,0.04357856891409135,0.02313481599600029
happy,0.25028462231173026,0.29141087784823644,0.3281811235992871,0.22519138562120442,0.2603703637227842,0.07214025867373212,0.37377251148817214,0.4063597439952764,0.058349591912890734,0.01581370582770425,0.3546107312522116,1.0,0.1375623790541421,0.20650892388660555,0.06979926833427043,0.27603979795059946,0.7297351006699792,0.05653520618127247,1.440747438879748,2.652648589865695,1.730746987889055,-0.021410165191686287,0.06465131651977535,0.08058392538864899,0.7352788534662336,0.7357049959540403,0.029666891001295888,0.04138932468657351,0.03267458197764376,0.0,0.02732418488961571,0.05343509188814177,0.028091733607873048,0.004990175127467255,0.023663785117441983,0.0033510657325661296,0.03602644796049517,0.007573526355636968,0.0209651672509963,0.00884885997410598,0.012896175251876116,0.03931995839618643,0.021344943143618067,0.01273036784156564,0.005112036378472603,0.2628298513600564,0.32487193664773134,0.3589567393155502,0.03274303899339463,0.012715430598511386
happy,0.2238620105424629,0.3315196101975285,0.3890705519303176,0.20714549117191408,0.24961513794095908,0.13161949617625088,0.3378617220895159,0.4939180027902592,0.07137576350363249,0.021016974586638884,0.4385184149658093,1.0,0.2520917825017424,0.1876142622981724,0.040683387637263424,0.2340009944463152,0.8476964150428713,0.025993927738658055,2.0179134376528594,2.488765388535311,1.0674475376597492,0.12564348805752118,-0.06457503800054042,-0.019040937830390344,0.7835784318022949,1.0,0.018419218325494948,0.014339726843443933,0.033199313716964086,0.023114587373891785,0.038711365025747894,0.02214093905765634,0.016770498296376567,0.0,0.0,0.0,0.024931409161695117,0.002290756761723023,0.03632250575695198,0.0203932053431274,0.016825570051678305,0.009029884022343605,0.02808936372751268,0.009541528345948652,0.00719008594709155,0.5688349920605349,0.4854621160775023,0.3312056457401382,0.028338628801538316,0.02011611435043908
happy,0.24985976168083632,0.36091284900139886,0.27017881983616726,0.2842129134696489,0.2820267049707841,0.12867129387875115,0.3848516626947788,0.5333617435991118,0.0823126973909502,0.016636991269855857,0.4024294246999486,1.0,0.1671818586691513,0.25588977775890087,0.032425895792721426,0.23289405890746143,0.9110900936414377,0.060929597453046346,2.7891203309388204,2.2799594142207407,1.1832357292517126,0.030641052036134694,-0.07351631121379094,0.16563188871284978,0.6707187667473835,0.7671961402377235,0.0,0.028904409236515105,0.024205163085400397,0.019251789387943054,0.014925263780204357,0.008368198164214706,0.029460267856425894,0.0047758301858557145,0.026654646856640162,0.04696786813252295,0.039311779352375884,0.0004333367452815061,0.013022405215537063,0.02547885962721939,0.019086335013813446,0.001807725662328525,0.025009107369155386,0.019869780363488108,0.044886230311849164,0.42467712973825533,0.5668003385326591,0.24863292774960194,0.006635879127345392,0.029381605477523373
happy,0.20815788297648796,0.2705765690321151,0.3235199848524546,0.24695124502591567,0.2525289588216859,0.07175511504259871,0.39975222294406826,0.5862535960066112,0.05127618560504983,0.006969999033542224,0.37796596350574063,1.0,0.14247609139081213,0.24237307995328844,0.047506557573234416,0.37453650880506034,0.7404652161503944,0.04937037281664882,2.30829060152619,1.4410981877121762,1.1977088355522576,0.08669846244858997,-0.0861653453466953,0.0019261925187129376,0.7441216214326858,0.9283246672218177,0.03254083212412703,0.00526200808789159,0.03614780204215855,0.016589911167447062,0.008242108058151414,0.02256234226132563,0.017363998376370364,0.040000049082370814,0.02442808637038573,0.022673565971518074,0.03170841207712072,0.034207331035205256,0.03018686622586489,0.0384530251465944,0.02791287136787925,0.022179469041447124,0.03610923680714438,0.018818350178932196,0.0204322047124806,0.6221576917296915,0.6121924127955232,0.3493459354461341,0.014103829495026983,0.03902125550271048
happy,0.29724822209315893,0.2788711600858395,0.24545441466220425,0.26387126985761705,0.26796272136918825,0.09061512332699423,0.5200464908672376,0.5498845104041017,0.06697320963896973,0.016408770992218068,0.452907505293186,1.0,0.13427739879305978,0.2159000810721632,0.05255730371674659,0.40967740010346543,0.895727086327856,0.062445127746354176,2.1809804129186583,2.511805151284402,0.9753211497315081,0.06403346863321713,0.028402312877762667,-0.025749816815195566,0.5413215327360107,0.6452929069102122,0.019379678763784405,0.0,0.012923816700454262,0.016781030569382464,0.017199454804689047,0.011397593223554117,0.015560320413041794,0.04241061976561021,0.028607888659377842,0.012716089900324053,0.019111478751294476,0.01963192663652053,0.010016579361378036,0.01000130716932989,0.03313681226424727,0.01454280309228139,0.0057689469685986705,0.019439175527097244,0.021534126790678607,0.2527295775806165,0.4459253642182807,0.4194383947478608,0.02586598201178383,0.04898733649753463
happy,0.3194241256122791,0.2884796508125005,0.3306344952584293,0.2432229069981502,0.2632305895848491,0.08380680892304217,0.48084380321112336,0.3994770456784639,0.037978751252419944,0.02537515281037156,0.3903601991453603,1.0,0.12614439391145268,0.14583024007873366,0.03454799164300545,0.30072116647393193,0.7718938847071636,0.06864238900473599,2.3446605924560755,2.8546433659589536,1.2719448992284785,0.10008875858497433,0.1304040622275768,0.22400687487314613,0.7751615170909788,0.8819222090745187,0.0319523662926213,0.024889239778201885,0.03652393432118185,0.0,0.016223978736174153,0.016024723946527496,0.03498487740726042,0.040428134960360004,0.0011476681872665852,0.03834517326394059,0.004771212581658503,0.005164201807709304,0.01695428586974426,0.0158633158622764,0.0,0.02844841365540337,0.028832231521445827,0.03370254075012772,0.014365080712887753,0.44604172850275514,0.44695728350973574,0.4850396353174771,0.0,0.007559723463141654
happy,0.27344407210876476,0.24580032234279164,0.283352384157339,0.2788444783327344,0.25291200664906993,0.08867013165078161,0.4371532189593249,0.44942368313496683,0.019544407606647617,0.02600020093349662,0.36842991393872443,1.0,0.20186897859877156,0.23504755656245674,0.032307433609989104,0.2614306679406287,0.625754151254259,0.037659153843736796,2.5069342629652924,3.011527693165742,0.9487434737559793,0.0004432674233438125,-0.09770132114239527,-0.020665628581689393,0.695006679801926,0.7408565193571262,0.027612873343527158,0.0,0.0,0.026365139870341232,0.0,0.014191633720194687,0.02210719351126493,0.025403657609130527,0.018157664757930184,0.015245162652382103,0.030979421176314234,0.023707677042754848,0.01158878391463102,0.020490397656869098,0.024981197294530508,0.042337084138867956,0.030222207687790534,0.03578923912740127,0.01206210384810481,0.39758170937449977,0.426462000718701,0.33851418826894686,0.006895675548562425,0.03645713714523864
happy,0.2915907564761996,0.3174310550084315,0.21009602957666726,0.255630167804077,0.25825884416282613,0.1155910524902913,0.40129608590838467,0.25625536888361433,0.03107025494054889,0.019206376185758205,0.40447189578523324,1.0,0.20156161830434965,0.19313891575041234,0.04943315265632484,0.3352091691084847,0.6909889547842561,0.047545033714539525,1.745991110955052,2.9856370333824773,1.2322198044082968,0.07066813102070336,-0.027511007517135647,0.05133685192110828,0.6650972044795265,0.7362653987618031,0.026625459921681645,0.01674065413461042,0.013051881917736189,0.01149444208220369,0.024406504690134494,0.015345294370261093,0.0141011494480843,0.002631197184279725,0.021009327494853205,0.017644095295705195,0.01581857146765446,0.02258401880735334,0.029724029415566674,0.02912035113522609,0.027185470511696917,0.016871286377735623,0.012629021632763854,0.006429096662808314,0.012288965404604934,0.451965009513657,0.37137138783475176,0.3576845711293954,0.007449063187145763,0.0
happy,0.2231199486525332,0.30199787068598083,0.35149520099633436,0.24790778416981568,0.25353309876012253,0.1267907959972268,0.3096904579122308,0.6024323198257318,0.09277175529071147,0.0,0.393174773975827,1.0,0.17020344447652483,0.17389217481978694,0.06420578422338877,0.2743715046516005,0.6589092785800044,0.04698675967733533,2.267304877012783,2.0031451987686064,0.8570930012295235,0.0655524896691836,-0.04269731358292601,-0.0669626922579113,0.9891291361002383,0.6729087984349876,0.018214411170046203,0.014828659724267557,0.02712514015306785,0.043046269000183573,0.0275391399424807,0.00026125308198011316,0.002006395448889111,0.014813457920750086,0.016512968406067533,0.0,0.03065143196226773,0.005877832747540779,0.039412920307634824,0.04366822376367437,0.016772704075781693,0.025706644325436404,0.003984686112905377,0.02810779224422849,0.01352349849535319,0.34127646784116467,0.42106650117470157,0.31274015932757093,0.015772927760951194,0.03234583873661267
happy,0.364002374205287,0.22714144766085195,0.279947311908096,0.24529411659565942,0.24968813985386437,0.12003393090888873,0.5662365767852329,0.5422656646340622,0.042915014184017664,0.022395317891259193,0.34525454884321466,1.0,0.13758686648803925,0.17315342768111103,0.05436809854276149,0.18440924201242478,0.7453646297419234,0.07653043967961669,2.4646210974490907,2.2290930111111837,0.9029753846919673,-0.06282460741085862,0.15615206997964884,-0.1060047706260283,0.8051796367757792,0.4719086099751,0.03443200350647481,0.017223363047517874,0.04380690416750621,0.0,0.031935900927701835,0.01869338512141542,0.015696343090862954,0.002192034952242121,0.027744722787252315,0.028789786002099152,0.04320666142555657,0.0331046534171877,0.012279360723575444,0.006949786412972307,0.0022096113642089757,0.039151916493313114,0.009883734304387742,0.03924298829662699,0.026825936531206865,0.48299028815939604,0.4193131687439702,0.4028538330401801,0.019798880083121573,0.015200227210905463
happy,0.31119099232395386,0.2766727459073146,0.30542332061140587,0.2463842042493744,0.22372636085957132,0.1433768490628569,0.569862384334177,0.518493334497802,0.04321331300595022,0.016095866348906057,0.49676292121275256,1.0,0.15659542665514997,0.2620810350120034,0.049165640571757235,0.3684212664256923,0.6101608089309998,0.05906823544872879,2.7731018447454,2.4612309061087205,1.1114231734227253,0.055680382931856016,-0.012957489829901749,-0.06386678229910615,0.6098697698881896,0.8798811665322297,0.009988334925671062,0.01876748872793015,0.003951470362696049,0.04023962980126662,0.03501350903943388,0.019589398260229297,0.004996063837369934,0.03996679164015422,0.015242887548387086,0.005632337069372257,0.0,0.011602453285380926,0.001089704407110783,0.011903329125203279,0.0296773135380703,0.015119797868321967,0.024624013967478244,0.010596649426080986,0.020847197862735006,0.6420900822086022,0.41515139219731034,0.38075435500957266,0.0,0.039761379591419316
happy,0.31180212698108195,0.31489264621497204,0.25647310234533877,0.2927571930728556,0.23723045408020701,0.11944835550068858,0.41975908970209386,0.4770907410189847,0.041915122458800434,0.020649687671185742,0.32477144088157633,1.0,0.18163494989350468,0.1692040881682098,0.04903701058816982,0.28670022380839555,0.6883642946734888,0.04774672492473079,1.7731956192091507,3.3355142222077805,1.354877833478306,-0.03817653031558922,0.09454802849158508,-0.009854423660712422,0.7827712926757862,0.8906535512972034,0.0,0.0,0.014809216197251219,0.0020786661331725804,0.01692412818217172,0.022673536327733685,0.03196538847842795,0.005202568204422223,0.025195198920080934,0.020187066010979023,0.0245176210291301,0.013242964640203202,0.03798075681820756,0.018654387570413558,0.043064368905548996,0.009724947502131091,0.0296567554194222,0.01922430975271313,0.01573934858333207,0.5132315340467547,0.42008265208104106,0.13704277302741372,0.0,0.03654148808369264
happy,0.21278299029610967,0.25818164018214795,0.2805940747987883,0.22978885327144674,0.309457241689216,0.15598757199109342,0.4870667543065888,0.44915805963088984,0.027338077876697436,0.040103640650028666,0.4053414767594333,1.0,0.1978034412809579,0.16745010613391637,0.05257031552963183,0.20787665745771702,0.8587087189252434,0.04817280678012572,2.476610279706054,2.374071092864789,1.134939253583748,0.09842067663037567,0.1698606851630352,-0.0014022598625741938,0.6045219086049651,0.8411708367621772,0.00861408059769981,0.013676509148410027,0.020013613419072977,0.021575914387961637,0.0,0.016999523748655786,0.030337992842368273,0.015081605551189266,0.01707848719522682,0.022111278660955445,0.018362514376889013,0.006603298468961141,0.01952750039233024,0.03292295121007665,0.006334712685527823,0.015131735436684366,0.0020387927888439947,0.032237965356374486,0.018799343311107573,0.3649800366394137,0.4592265600143178,0.25371198280836377,0.0065645580910147164,0.001018264111926851
happy,0.3042437063778769,0.2365123261622921,0.31949575477968745,0.22921753997206054,0.2611768378328527,0.10132128274672372,0.6304049135730608,0.4988579598184628,0.039624179749237716,0.02890563652745668,0.5496722129339646,1.0,0.1488281644249571,0.1808794439741382,0.04270095602501586,0.2633621650835063,0.6195767734406756,0.07456923093712522,1.6376522054950988,2.374419664367507,1.3524328288839684,-0.085342339004592,0.12216038255998256,-0.058649466502607675,0.7463778171424977,0.6324726999716677,0.002467216467138548,0.017010010451638833,0.010158615643943936,0.022668004192138713,0.0017811350795856641,0.030569464579539088,0.02150214380113804,0.022467873126582202,0.03873399811712022,0.014308658521165743,0.010564382968468088,0.012879072831490649,0.017497154596197648,0.018817456367712728,0.009200929424176949,0.0,0.012707922988572503,0.024677733661729567,0.0217713579812954,0.5699554469825827,0.6455486543963789,0.41074670171667743,0.03797276835130694,0.02996806579942056
happy,0.31673176761407845,0.2693279270592569,0.27785046138987674,0.24986488005949214,0.27863754832685167,0.0819912990660163,0.435189268742057,0.26747433389868175,0.08015407315851893,0.01713383042637786,0.4318906306135604,1.0,0.19111085718532364,0.2456072325305971,0.02826958828735108,0.3998688294798851,0.8587110198488765,0.05366104361851622,2.56315078310327,2.0088403305390123,1.106894862306413,0.1367919404741907,0.16657682708621407,0.07609321366231414,0.9233100475682855,0.5259527782926042,0.027285951074464465,0.026918290077987003,0.045599935618688116,0.0,0.04092520374141123,0.012726880339064264,0.014188877021145886,0.004113942969522687,0.005857923512929972,0.02524579051690099,0.005539685107842378,0.029623696337487904,0.011381441389393204,0.004230560523967579,0.01313848109732137,0.024377193492831975,0.01639440759489675,0.02044473153832638,0.029050697003869093,0.5582421451616949,0.4189904691410569,0.2664622387539073,0.020989228225992713,0.026118444619352935
happy,0.26919324618654045,0.24042623701140717,0.3167661177050388,0.21184600395624748,0.21260843908416727,0.09165277971221344,0.4363869076791611,0.33726509985349695,0.039381895253667615,0.014786430373551838,0.37246914370844986,1.0,0.1555215812763282,0.24689669755031854,0.05854358119533752,0.23964432396793392,0.7594511493367573,0.05217026807559809,2.494784479211779,2.223355633084078,1.3011903203805855,-0.11685802447775605,-0.08015474673068265,-0.057534951677035276,0.7550225370938973,0.9289879819738519,0.03678158888431231,0.022560730959703804,0.016590325926791213,0.026585876825832924,0.01765414964734684,0.04184399237771835,0.021020111016301156,0.014726645777333116,0.014025003881038965,0.004230537392416803,0.027235268665213197,0.009339854365686467,0.03427592727844071,0.0031918442979795465,0.021654138836652254,0.0349529088604669,0.0,0.04623745206929842,0.014471292436424577,0.4641095382162139,0.5071449225516343,0.40809032448924426,0.02356049119737587,0.03296599958818278
happy,0.38216104703392056,0.3268560996923581,0.18610099346005038,0.33833308035163523,0.24276967674568345,0.13738860038004339,0.45207649184175647,0.5322344949642,0.037951619059848604,0.028134679060164647,0.3822766618223916,1.0,0.19623072219442933,0.2260337916901103,0.012128654749221271,0.27572136601056874,0.7910551635058296,0.05391326086269488,2.4123760944583017,2.3118711474606113,1.1689768273263719,0.04152565703374501,0.15847930260290732,0.04178620342836778,0.891747211729799,0.47655731958655717,0.02766155652129844,0.015659497262083807,0.008139864380802922,0.02437507491558774,0.03595686685851252,0.03350886980929435,0.018243530598213827,0.031384632528892335,0.031284882679795976,0.01886417348358883,0.010989952824153297,0.01174195759540971,0.030892093535285783,0.01945209142173502,0.00639963114350235,0.0,0.030813808877252935,0.012891880510565092,0.024295040823527764,0.5739706907069124,0.3191075523146515,0.3463890095589724,0.017780976099154695,0.024936657383163488
happy,0.3336392362996725,0.27030839267424733,0.2728527563695576,0.2725534810695477,0.27034451233669365,0.11455881518417807,0.4934992407960943,0.37389714631478704,0.06732966370983651,0.0351681811084731,0.4130258025583209,1.0,0.17575440887799665,0.1974846262622119,0.0299694958387307,0.26199309682114935,0.6090630612441458,0.06062761393726277,2.153935477343167,1.828716855282623,1.2246695345310843,0.09913279987363477,-0.11965066331961671,0.04558383589646136,0.743218926313165,0.8119697139305285,0.014910078361179439,0.009580767790340686,0.00997901985604851,0.01300378718487074,0.02024472625555361,0.021923460050522297,0.017520641588494663,0.014496845863045251,0.015431757515928738,0.05260042221159013,0.009980573030523287,0.012746363888899496,0.06282010340878594,0.025473172931987184,0.0020602513432519537,0.030954933651704424,0.00816949444038508,0.03181779960146626,0.017257490368181142,0.4060204150510593,0.6109164968827583,0.39531210821273954,0.0326488626868397,0.025653955833759304
happy,0.2870063782629128,0.37368541542601835,0.32422533456649927,0.26635947649314834,0.26754459593053453,0.10343092822419063,0.35302899411638816,0.4430194048248331,0.053870763493470426,0.014590893423535126,0.42363739130932865,1.0,0.2086265999706544,0.21552982667103066,0.052925182532734726,0.2116393554349001,0.9290722738681171,0.047516907525004995,2.0737119025490824,2.3206983796159815,1.0701322552839412,-0.03555556190344788,0.05502189782323873,0.09673723141475686,0.9352869657600629,0.9163253184463296,0.025777114246509723,0.01860249799240057,0.028048533805178792,0.020959360763001846,0.017527102061799714,0.024395376979582294,0.014264949289709217,0.023279435432044623,0.022654872033081263,0.02783816827635302,0.011951219552817085,0.02923177258739503,0.008217950591643432,0.012556633528923897,0.013123974231105326,0.006063326959142183,0.03320360968401362,0.007402317809532634,0.010914087613713265,0.5755407710486642,0.39294172981463493,0.33494858518895226,0.0068436229880850345,0.030828365699094903
happy,0.2838266337730128,0.25273241331922486,0.23762159605336694,0.2986971658028501,0.2829441281517977,0.0826673943199894,0.45308696203729293,0.4267410802936615,0.030256312650149372,0.02230946789607693,0.3709155135032563,1.0,0.1252720954967548,0.12979356524208166,0.04350004276534381,0.2757452514787542,0.6624699189837684,0.06138793998400149,2.078697373920537,2.6677742047509905,1.1263444146054618,0.06773889953528521,0.06650513137111021,0.043002386255515494,0.6555458837751473,0.7636941085366337,0.0035852313437618084,0.027012700768276422,0.007817060315329262,0.03193702284493484,0.015600075298855109,0.033812935712028924,0.0054058985483519,0.011188993890525335,0.02495215430903142,0.035216462214547814,0.04166591580809399,0.020537760127851346,0.04389069320022783,0.016234360852269404,0.03428397909071865,0.0077516470395290315,0.025462606589222305,0.0,0.00541931684850939,0.49666767980807647,0.3187561147799477,0.38415596886313474,0.031783955570560726,0.013482837494662385
happy,0.27473689498317233,0.28530871249418027,0.26408747359896595,0.31023077720560466,0.23841788540939074,0.13478582948138282,0.3693039591858112,0.45564026167047006,0.07070434464959122,0.034707642979293137,0.3705819471609836,1.0,0.19558362609557636,0.16921234162417953,0.060779123900091304,0.37312460860261865,0.7971700665062631,0.05991123663373674,2.31845036791523,1.8984813307234347,1.244681339869957,-0.07751623645393585,-0.04267679542692649,-0.07726498553473485,0.6279888510193767,0.679213567116264,0.04810524315545054,0.01670759907443547,0.010377736644175045,0.0349835735257181,0.0076801989630491,0.014183551125534197,0.03623767818382017,0.02055597834900347,0.0,0.027071864986194048,0.014845943533395385,0.040018069324893185,0.012119569680756262,0.03366593765843704,0.043084074420754286,0.00893773809044958,0.017488230730143495,0.025052128563877857,0.008854505216795731,0.47702949467078304,0.42750797124940076,0.33039459427253076,0.020636199105205453,0.020926441302521335
happy,0.2738334453811088,0.2776726026557387,0.25717983432277597,0.26971818926258057,0.2055571475397441,0.08173834352727621,0.42830559346927877,0.38365107300512813,0.0785109652591556,0.020245204007424373,0.4123738774758133,1.0,0.17941617994620043,0.14321274162434475,0.047028201868336214,0.23314957857021223,0.7222596415243837,0.005201460089706296,1.7333989572558544,3.002632217704161,1.3127931858357877,0.013110461526083222,-0.05389437109111058,-0.04441373794798027,0.9082847203098278,0.9165265523605108,0.028748836514138204,0.014112707090071244,0.006515737698546903,0.03490767987084606,0.02083938366703608,0.0524222966129648,0.015253726311860196,0.045647646112146244,0.017961706720955182,0.03736863176436311,0.042056992584021916,0.006701650933650738,0.01369502498221871,0.006571270065919099,0.004010721652643094,0.02867186905682435,0.01744383118676272,0.02068076220147177,0.027231108754652643,0.26426131662850855,0.5786766003957055,0.32207246693280656,0.026921216981092146,0.028069266909971115
happy,0.2829706358995852,0.29043675662440327,0.22621843532471392,0.2644247196329882,0.24916944695821125,0.06643115126793725,0.5020400793632195,0.4063113008054208,0.042888363742101296,0.0139864749852679,0.4864835018224903,1.0,0.1829266933601954,0.17303550805612372,0.058100169389460846,0.3474659024225336,0.8147860817486506,0.06202017182335999,2.2970248169124123,1.9289584021500361,0.9987941349673585,0.10966372486110725,-0.009437164900473019,-0.16989099672343447,0.7254015127681048,0.6628963149008129,0.006161018678172026,0.0,0.002495120229256166,0.016665167754546194,0.019097457231354503,0.009690300910302518,0.021026027764881938,0.01436016266819111,0.034177456635860026,0.017898865067677114,0.0290523014582223,0.022641778909831003,0.0017730764898272848,0.01882144371541672,0.003936886708727112,0.018594429103180023,0.01031329937600104,0.024965519435302508,0.0025493936129393838,0.45147018252794374,0.5072415582563194,0.42260764554471963,0.010065819147505102,0.020230762638693278
happy,0.2326226676563055,0.42583204962227617,0.2657989412342893,0.20327018570290178,0.24252349569955503,0.030778169463390945,0.46867135521535186,0.512758318921562,0.03404590841704682,0.013880589010730412,0.46465579087582387,1.0,0.13110186514861683,0.18121756550394788,0.036834140344330676,0.2653066551263206,0.6236249680593478,0.05375048600362639,2.051499247316504,2.65731941157297,1.1968735080883737,0.014731757832925883,0.1392413651588491,-0.11850640486001096,0.7748028086995228,0.5764431174563863,0.02640369017138334,0.015698736776542252,0.01783422200055497,0.03362743689308053,0.010647337765280363,0.03756539626996701,0.038778178891850215,0.029786197685736836,0.007251929460023515,0.0,0.034024853885379236,0.021448005797304038,0.01031243287932099,0.035256310468822834,0.008799734548588477,0.014485981642997744,0.026823574736120924,0.005523163189006593,0.018576748175108123,0.5589137183913362,0.471111074362113,0.44979410694589445,0.034736830654077976,0.02010059834748105
happy,0.1993869261451651,0.26301198539347864,0.2976009919118297,0.3040871208728453,0.24274940910636758,0.08391280727292177,0.4459354530965987,0.47719575516028295,0.04730068052056836,0.03364048853551554,0.34405993168800697,1.0,0.1964728702791397,0.17459103681862453,0.06469492388979942,0.2874479270621175,0.8288845713152274,0.05339682189085456,2.222331485733349,2.2112721117893686,1.043938006244815,-0.18693931010859108,-0.0995195065693776,0.061066728990759156,0.8969275775914531,0.8262612533424398,0.006701452839108777,0.02235122452051281,0.0,0.012538777871907585,0.032493359796058774,0.018373107346754926,0.021532864705658405,0.0,0.014900702964230027,0.024397538909753762,0.026048768380178416,0.032510624247346735,0.017266649226945433,0.01784647443588606,0.0026824734176717872,0.017341219990748426,0.0035995241888286157,0.0,0.005892668188562482,0.6008684907803972,0.4229438798486724,0.36759018904186924,0.013324548734425271,0.0
sad,0.2771600261957968,0.29198546145835247,0.24222358056449877,0.1989121184319764,0.2559398689215509,0.240099360990427,0.38907626019379676,0.45880234360830413,0.028761951382565012,0.023912730567696064,0.4110807926052541,1.0,0.17507412074573353,0.220458542237106,0.04698614758335329,-0.16262429893660799,-0.34017646523483447,0.0038301336649055953,2.2227027274089024,2.612771630079809,1.2474924292999463,0.0748890499943766,-0.19549783258700298,-0.044383414143332675,0.013175877308189171,0.03936638927873484,0.5948146621115574,0.7005054823606843,0.02773027092505302,0.04234362207673844,0.015878614942732162,0.011508492219021014,0.0005241100026007958,0.04018077108661215,0.025478341791631023,0.02588979437662593,0.711670424132392,0.43250447411862997,0.5437214313879961,0.017453253525091313,0.007327828684967508,0.014853710870423958,0.014766335164190104,0.012368682916128356,0.001887327430379837,0.04070252123773985,0.02388502457769912,0.017068863548896904,0.02984929178370466,0.026123874573042084
sad,0.3148515157635628,0.3191618396456443,0.2884613742217058,0.28787830285771365,0.384171879079965,0.2617678768181253,0.4356525440170938,0.43655633642956265,0.03933273758538638,0.009498308990950586,0.37523035853911046,0.8749369298907198,0.126049169219362,0.1649174393230079,0.05465890223110484,-0.12936225663405604,-0.216736519889582,0.004508146278520829,2.3084237072961318,2.2392977008243666,1.2433667337425482,0.0220552586193638,0.06164982654901441,0.010714779500692532,0.019816241630261834,0.01749506086087124,0.6377317126445431,0.6473090830076265,0.03747726463717317,0.019744417567893864,0.03411196973135561,0.03221877625599354,0.02867159211858749,0.0,0.03451622453010089,0.014047283176237355,0.47157272810747725,0.30274671667595865,0.5577911148036092,0.04569305357880559,0.007559220131104513,0.03489938630767272,0.021539464178674774,0.01453843924131777,0.019417224503707316,0.0030857715450929545,0.019821193065080005,0.0059243759193525255,0.014859230673918186,0.03202889433160449
sad,0.2796308123807246,0.2518063660427144,0.3188271678032644,0.29080362396626486,0.23588862630518578,0.44782477691596834,0.41930850228436045,0.4167445918207113,0.042910659494714676,0.03533955461294866,0.3632585044300572,0.7143905715312302,0.15488892650984878,0.2410808221175095,0.06456231282549955,-0.19020062610639443,-0.16760469150157153,0.06308898900438295,2.013358456818753,2.3873690296993426,1.22059446267796,0.020335254124612585,-0.13339534489924693,0.06811905015310958,0.009185469654370395,0.020058565851621562,0.6870216037535949,0.44756405136697525,0.017538835806617328,0.016060269590246052,0.033364884259484195,0.0,0.01504042174385176,0.01373718958426037,0.03248092253098081,0.019433894598256396,0.579609464565237,0.46622133819063866,0.6507732406972577,0.023115563055266464,0.015397105478197046,0.031172149176375463,0.0026814297272168414,0.009291952304572665,0.025923968941213977,0.03593483383340708,0.0,0.03786812580787541,0.01817824333043592,0.0
sad,0.27657330203393804,0.3129264226048841,0.2514266667668299,0.23905776994546057,0.27728024867865086,0.30268882295292615,0.4292309117982111,0.38843341202910375,0.0657753172558688,0.011921841967587565,0.3391197846372568,0.8672852948060857,0.21976908650099647,0.18488733656178463,0.03784601369627899,-0.14295568998205824,-0.12143508760307523,0.05366944610040659,2.500998799781266,2.841119426341983,1.0485622856948666,-0.2401382273511471,-0.13764474592274517,-0.0015763884676321402,0.020346244346191023,0.0033269198138481636,0.6254069280366038,0.5748571557049131,0.014762482556716746,0.010251364592055624,0.016267741493457624,0.026919024921443886,0.018446605164280056,0.0,0.010300432656319681,0.00024780841674271886,0.4244060225981768,0.4503317364054188,0.7307857866224997,0.009763742887107964,0.023209101078705812,0.013888514675004624,0.0052030691532467185,0.029645088956216096,0.030634360798409036,0.03233564125408558,0.01209146819957807,0.03533171006501003,0.013583430732735121,0.028495517180000672
sad,0.2643005128503204,0.28473667827282145,0.25867741989708043,0.39659034374468266,0.23606436530710978,0.2549135010316859,0.38380509560056586,0.39744892084018113,0.06804972860146234,0.03921441332625053,0.3509445172356741,0.8397413497347115,0.13718624000202514,0.24029198738099317,0.0696175771210353,-0.18423927199955145,-0.3337659517784128,0.02713340510451559,2.155454571374993,2.6573750642135536,0.7798293558761087,-0.040873012941334025,-0.020158394737119376,-0.19369422859113516,0.015822971163007526,0.04103784656424599,0.6238988952043658,0.8287565708948749,0.02843759967642389,0.005904365189140349,0.01619527318642587,0.018326974898918862,0.007617349614784413,0.007391715703457764,0.03958799169754129,0.007294311943991627,0.5078436076408681,0.3563515521634984,0.6969232804140193,0.027303977437101445,0.012218737252239178,0.027382756075428935,0.0,0.02571619604939028,0.0,0.01705099255292005,0.031105158809140387,0.028089838978758885,0.003120663773494764,0.00479436285078428
sad,0.279312374055875,0.2961943274376034,0.2652820665947089,0.32889265324291783,0.3123048287079412,0.2566676592480884,0.3425524255896204,0.4253365232628329,0.03332118110847539,0.012481545876799912,0.433538695257416,1.0,0.17859177543264565,0.21133149620316602,0.024721611529824414,-0.17017905676019862,-0.25359435626062976,0.07151148266095819,1.9243509952906541,2.3587817995212053,1.3548218619524341,-0.05509376322581079,0.016759427612232126,-0.16255465520349627,0.018803560698869556,0.0055850620432655075,0.9561959927948147,0.520568868399592,0.019158898939856193,0.024506946028332973,0.023479027617404488,0.017533331847916816,0.017598115183157997,0.01694588573825658,0.005492859838312162,0.04795284978749548,0.37800090822866234,0.4596930992823096,0.6598416570782073,0.015388072259378716,0.014079232385294547,0.0,0.01791192517843,0.014708900493847408,0.0352298186194021,0.004442898471401299,0.012497086691786886,0.00832027393219693,0.03875289512215352,0.008697690216889273
sad,0.20840582795109566,0.20906399934428813,0.3247077313693962,0.23066732896600783,0.3215614636082952,0.3091479287856477,0.43508529937244106,0.4388633923138355,0.03366076127268672,0.007318133672808362,0.4500448993870282,0.8540249468889295,0.07824450579580951,0.2149770789685288,0.03186542745879656,-0.16131456488378987,-0.16643068904098185,0.05029334300208409,2.4236238952906475,2.5080586244024166,1.452086996377971,0.04498398757809094,0.0873145326065382,-0.011689832913232657,0.00619260758615762,0.019893205254585634,0.7307793926049762,0.6271505891587945,0.034978846956484705,0.014383485986359853,0.04690182497117555,0.04758856755553919,0.023666935950954898,0.02718381534461002,0.035491728663120295,0.004566433813424231,0.2687999985422209,0.5256418913857634,0.7328786167447598,0.017055431802262735,0.020144602937455094,0.0,0.017522689912058985,0.010210392390488092,0.031934931236996075,0.032935400118992084,0.027496843043688837,0.02514096243438884,0.0005344922666365159,0.027678360039959365
sad,0.19198684497427637,0.2597992050678529,0.2414021348678025,0.30948789536117904,0.3007371022019921,0.28127343415358835,0.4611041744560469,0.37594343155276866,0.0317803743206294,0.006685071475725451,0.3747770688801809,0.7626399920734435,0.17820285491442697,0.18362862750671163,0.0362359855050161,-0.14504934983775217,-0.2535700316972042,0.06859632887055657,2.03660879835856,2.440866429692664,1.0564480375385652,0.050351835641870714,0.11206733883918571,0.16945678499441577,0.0199083949730387,0.029259006979716604,0.6006398921275643,0.7122094355041597,0.009434289506405364,0.029867657351788725,0.012461224244944944,0.031071838351977656,0.020792695051637645,0.039772398534083826,0.004997119558695282,0.0008097019469457123,0.3383782754024433,0.2615389051965687,0.5340718126686066,0.028080159885978388,0.01994567568563544,0.013764147302844636,0.014969486235029382,0.012235910363757587,0.04145479918164757,0.010438425800640522,0.002812259324917108,0.030348658027322263,0.01719517689647833,0.04650405795463251
sad,0.25289053672549583,0.24136812006873015,0.31855105960840707,0.33161905548526616,0.22241644446089903,0.20972514909562234,0.3185427998020798,0.44381547415915207,0.04541802412012445,0.017892044527321335,0.2815989131608703,0.7825393911538777,0.16231552023500004,0.1641154643943089,0.05206213132155855,-0.15666127493472742,-0.11382324584288817,0.04964970197445881,2.4625058655065075,2.136685276690135,0.8518098780445345,-0.04209645110353082,0.07613857617811128,0.0865757864479444,0.01542007859276838,0.0,0.6517607800602924,0.5563455050589602,0.0,0.042568326896182306,0.013011697729630057,0.0,0.031676233276594766,0.010528013286989291,0.034172158437978606,0.010465873649185357,0.3459102309737203,0.43448317094770467,0.7711863256844932,0.02999028858542778,0.018833365196518723,0.026872017380209584,0.029693171890004467,0.02260739880136905,0.01814544452756415,0.0012111656729953055,0.027789264038139857,0.02054825808883496,0.014622993919440802,0.03661096272669158
sad,0.2965109452821507,0.2594577060444259,0.19331220854878683,0.2923214555843821,0.31841096987910356,0.3540980357122075,0.4120786720624439,0.3322984063518233,0.023020926469804054,0.04667625510892283,0.32352248113595194,1.0,0.14543879071554897,0.18297544747547712,0.06094114454299832,-0.21280777786323496,-0.15446709185445676,0.051325246266197194,2.249776525047393,2.3489783544727803,1.2812045328111445,-0.11422669063306526,0.14796326838283977,-0.0017818622907572518,0.04052430561804821,0.018293282810898214,0.8575655348899084,0.5766085029945058,0.02993324851157223,0.02635848637115965,0.006108433055129198,0.022779526160285314,0.020095757192054847,0.008908501708401014,0.024654031644523646,0.02190176409941073,0.39274130526927836,0.39314225309413153,0.6891987689291657,0.015219904923797743,0.021817843235194763,0.011629115239270854,0.05453852338911,0.0016786678089508941,0.012398430995952033,0.013425352640499771,0.04652641438621899,0.002838249550292507,0.02553698987381943,0.023229122845605018
sad,0.2565502450209539,0.29008890737368753,0.18306669432808853,0.3054501154687061,0.2563305814692444,0.2850894059231587,0.35258512540733217,0.436194891468763,0.02031004782742686,0.021927699888290623,0.3141446084884216,0.8204297421417776,0.222725087794171,0.21263484091767446,0.0701110549092345,-0.11761091469994839,-0.2963703224283859,0.07623200409271526,1.623710661741857,2.7316528762907013,1.0692258605136051,0.026688184373963843,0.11127088463498462,0.09726634877976707,0.007906098145688887,0.027988108274957756,0.7633941830203056,0.7598322063975854,0.022793178555632298,0.021715444917280106,0.026849265614098734,0.023948932981723483,0.027037625914617745,0.022651992994439287,0.03095618971858273,0.0,0.3868726524913614,0.2616153506154414,0.7332042421125862,0.041345092286098076,0.013836897834689409,0.0216542763938638,0.029834327293981305,0.0,0.013212563732125558,0.024738703570547055,0.0,0.007301489590025372,0.03431115365395676,0.033038959705859426
sad,0.30888053518700037,0.2635860071402881,0.2860222595119489,0.2652196287471298,0.36949158393002723,0.4217247527601761,0.47519651202788293,0.4036756495328855,0.03330895431111097,0.036600657589752124,0.4380735041813989,1.0,0.1565556128570296,0.20638805678651545,0.03100763395591614,-0.1546375057568387,-0.16726679802362737,0.07854329701838916,2.3302703175856903,1.9282868650180267,1.1963087440940678,0.029945458189608018,0.07939778759488597,0.017208338753717096,0.04781586267275027,0.008708049324250304,0.642898211250774,0.8196229222161173,0.02802274098695661,0.05224203221830637,0.01047269801802835,0.007133174785369314,0.03591363066585726,0.004453577832470032,0.017442016145372028,0.019146594916825507,0.5035989473385922,0.46142679680252474,0.7548477897012235,0.014768398587278332,0.035795052248065264,0.07233571255545444,0.028986667285997907,0.021295738698108874,0.003127781377101912,0.011712741158877004,0.017221766958685047,0.013050196876527276,0.019790988151150973,0.043114208998494746
sad,0.34954311743092553,0.27744917778000905,0.19022197786867756,0.33918365651711696,0.3564127676328406,0.10592732760522647,0.38701781431468385,0.4155818395476914,0.06285394094790081,0.013295294399885773,0.34175006686182446,1.0,0.16267207218737612,0.21086910404612483,0.030548476037944666,-0.23409332076945594,-0.20468385054577617,0.054419098430551247,2.3997981133017676,2.248946142152156,1.0137006243437268,0.09977335338953873,-0.014294944482142885,-0.09666239557326885,0.03768934553803184,0.0002015360680718871,0.800175285101675,0.808460564897886,0.03118116368545898,0.011058502278864174,0.009385190122570329,0.017269274951023407,0.003164484201191805,0.0074979780162032425,0.0283815457896176,0.028441538484914042,0.2950425173465044,0.4676121935300075,0.7545163966887767,0.03962852130950235,0.02739877374427778,0.033761553698546914,0.02620200868209275,0.032739078426063446,0.0032674769646189247,0.018417322057558125,0.019493224013042112,0.01683125068984133,0.025770526194117432,0.028246935508444763
sad,0.3370536758561242,0.29818610646391946,0.22703207936323078,0.28934718520927066,0.20411851772609513,0.3028296491477954,0.41206480229605613,0.3970213219857865,0.07773050332156177,0.004969996445952538,0.4494475066177635,1.0,0.21985891243751743,0.18878575688923596,0.03015379881009177,-0.2344824870633782,-0.2746931016974513,0.037977487156506604,1.866147254588607,2.3268166705596056,1.1411865349090335,0.03138056616569187,-0.015924949309920406,-0.058858406387609995,0.02630775531938885,0.003908649146988418,0.568130744464034,0.6308393500613023,0.0174586924854975,0.0438735081963745,0.023019205705410148,0.0,0.025436357700627944,0.027093628395671726,0.018373335632818406,0.004225843232680382,0.5758054695313464,0.2930116086418743,0.779292664769912,0.02260065687783116,0.02781053713738701,0.04218915301417529,0.027301305337833457,0.01273736504843407,0.0343778995766635,0.011795707149426444,0.022126254148138482,0.0031899130957947254,0.006567344044622218,0.020668026715670425
sad,0.23738969321688855,0.3465437768149007,0.2616978497011256,0.23820077517475077,0.30416925068775885,0.22670119991370197,0.470757805657325,0.420021208301324,0.04734565909586748,0.027693413246103103,0.32965367925597955,0.7534040675624015,0.19510900843934056,0.14766267774166086,0.03074982230938451,-0.14652975875116447,-0.21849615340096362,0.02805798300707405,1.8987807860440657,2.108841337630264,1.4868427508394666,0.02944693668646977,-0.15321515604219274,0.039782989440053144,0.03177813555841791,0.014529017001931438,0.7191433627212191,0.48725765768830054,0.011255600034536592,0.02136322245724452,0.025878999738896867,0.01873303136832523,0.023224175639284937,0.02101837397939064,0.017873493773709875,0.016150107301518384,0.3573735127322216,0.4231937508628588,0.7492978707039347,0.022578669175144842,0.0046782383499862235,0.00701393793513856,0.025185463477324876,0.03913175290872141,0.021981401000263818,0.014648310637799075,0.022916425920756083,0.0052213215073254274,0.03701626103497403,0.022425723878604368
sad,0.3482068387944754,0.269483515348753,0.28807901879801084,0.331554955115821,0.25925783679295017,0.31549675729081256,0.4309774227757684,0.35783684715917513,0.054422188553608176,0.01940509315573919,0.4090976404481198,0.9554335313073113,0.18958928529915303,0.2414877141885321,0.029358620288510585,-0.1936860934200168,-0.21000288226222982,0.05841620268523845,2.2493068048361775,3.489475398916685,1.273000936437474,-0.053556577056843864,-0.01501159194835876,-0.04216289856508926,0.034702191351315324,0.01600806323491739,0.5308505151323262,0.612281908491964,0.029255482227464255,0.025288762112779282,0.02524226781778544,0.01721352297163734,0.01514056595543132,0.01766185582418739,0.029418180852147768,0.030929456566215437,0.29937583503287724,0.47623425594314495,0.6219134523092524,0.026095981473933695,0.017504445347987653,0.040355251140106796,0.014565029823245108,0.022321953931632183,0.02788571104827256,0.008638534948402532,0.019052858279449712,0.016534396499899216,0.013320424715722347,0.014283600980717886
sad,0.29635894010561953,0.20735703397969088,0.306996810798175,0.22225677346332678,0.3345450505490838,0.25942466854953217,0.4203346901302581,0.36822880201494645,0.052141690663084286,0.03205035543361806,0.3435124200384166,0.8574070193630383,0.1968209778719971,0.20846530546040717,0.007401862277851133,-0.09938374544868907,-0.21828679098710013,0.06219607659292683,2.0533493548348445,1.7496040505215278,1.284148859270044,0.08896116785094355,-0.05386956612842999,0.04531263061372846,0.01265255563299848,0.02707111202438342,0.6237438715684726,0.6785647254939653,0.009925047041679819,0.03123705625482611,0.0045510724870502645,0.04919240252940947,0.04909333225483116,0.04122509461106464,0.03658122681506863,0.01890087134296267,0.5166546705747208,0.39038235017238726,0.5135778949305632,0.039541618382398946,0.03467471801799257,0.01959259160047934,0.004072604654695045,0.012379391204473341,0.0,0.03228605108403371,0.0,0.023728801311906793,0.009031986478864053,0.0014528552150068035
sad,0.21408452602610728,0.24061963843536127,0.15584260515847367,0.17986093247196422,0.3989005825488182,0.46668785952797354,0.4237090482089581,0.3870468493637395,0.04477714380392313,0.03135646463232273,0.3639927686124568,0.9862391647238575,0.17952802613219376,0.16810071220180997,0.040791626945142254,-0.16826716513257967,-0.3086132881832465,0.05790526354841154,1.946736838114016,2.498081157504707,1.4146491121750149,0.019068407462285736,-0.030041944678082827,0.06705512843402942,0.017813503412049618,0.0319574564224959,0.4349560572939406,0.5935564383631287,0.020359952073988948,0.04500329882968397,0.0,0.0187492717953939,0.038936955061911416,0.009794734731530664,0.017233095464466285,0.024312606805722014,0.41845085537227805,0.5565770475454415,0.7538168572087878,0.03726104764168485,0.015319891354971152,0.010373169653746144,0.017065598490744738,0.004931659786221178,0.02628565205073124,0.014983584534181806,0.01126674430029282,0.026482559325073023,0.005131694886334248,0.03001652878012533
sad,0.3128593026610121,0.28933724343619116,0.31868289743315337,0.3060470790681195,0.2085131423211216,0.3807034831393706,0.4164926831016837,0.4515806430941925,0.062079313345204994,0.009947145746852556,0.33596432163772927,1.0,0.16877978591181098,0.22605252725946012,0.0468814834998971,-0.13906360890206848,-0.2246017309474539,0.055039562389997604,1.978446360409411,2.537741424308223,1.3794848995512985,-0.038266991079308865,0.10431867996847656,-0.03141900625836538,0.019295199037376844,0.02690526776789012,0.6555632091499648,0.6649524851294506,0.04240433984019788,0.035622490403514166,0.02103224959754434,0.022787903143168444,0.010875683453837404,0.017751369898555608,0.024022171238131995,0.031057976664398662,0.47492208969109195,0.289074094409549,0.8172379276814357,0.018845942168091812,0.007169112376192006,0.03737300158661498,0.03902262695759339,0.023428710770428584,0.029214316824768057,0.029976839713677615,0.038145037986559265,0.029464890830612427,0.0027400523932986053,0.046127500736624666
sad,0.30625029838101236,0.2655304780048859,0.2971597584079459,0.34088737627030447,0.26884569616017623,0.210711360585253,0.4354327387148791,0.39866448578892105,0.05255667625031697,0.00253675631949056,0.3823472092867754,1.0,0.20241950278293147,0.15964821812137917,0.029555373536934097,-0.1793694524099283,-0.21633803217883546,0.057090564953369644,1.9335480505825744,2.562428727038693,1.436433406714783,0.08525255115840344,-0.045857178474548815,-0.08237000578859277,0.02266688093501736,0.0,0.6743840405720771,0.8952748365455131,0.0032639194294972577,0.020386420603777287,0.017057639370582252,0.021246478470575834,0.022525277990999033,0.03481963581881802,0.021102182723210537,0.036604374243756614,0.3882344341213518,0.3649863226025367,0.6196980420353673,0.0,0.02358515835503592,0.04670200375013396,0.0259570612047162,0.028927715604101838,0.014630592774812084,0.01682366591344228,0.03280033934833241,0.04611301732376767,0.03934332316535866,0.030468180186464286
sad,0.20469528889226185,0.22140648539648308,0.28258960179514075,0.28394042562153277,0.21918070624041736,0.2970141296760211,0.4072627870213622,0.3730860457886368,0.04352186731414877,0.015827610990687524,0.35683540020528737,1.0,0.10959264220254746,0.11354673885762762,0.05005750122785911,-0.17615491242430775,-0.2257470918388616,0.04056796360511586,1.8016747633449923,2.4472381599076574,1.0787496230959686,0.0028120463512407174,0.018874702284059113,-0.06028058555426035,0.04016392826052403,0.015785045750972507,0.6436177817939507,0.9470501767517532,0.01746811705250107,0.02723003924758818,0.02840202263402259,0.029508221368336793,0.02376333445034628,0.022519930327336627,0.02130434576788251,0.012512079270960947,0.4325518802839269,0.6028645837424592,0.8452818290756269,0.023950934288920277,0.031125787375377873,0.008700713186501521,0.016613341995403656,0.03232204797439272,0.03933317351495649,0.009978739762760086,0.013713351977498955,0.04835788532042097,0.021251396246996644,0.04370370564510492
sad,0.3290128673585319,0.35060443261580804,0.22617988403267494,0.28061521962787594,0.3503293188405821,0.2896361089772538,0.4002645812586716,0.46038168615477604,0.06931043108246895,0.014154652821262197,0.4148656569591562,0.7657075936246044,0.14686720631228814,0.19478036143713512,0.050549618782647264,-0.21867504366922538,-0.2929584354835345,0.03136172352577771,2.2478944534967935,1.7072162032488079,0.9738697897609239,0.016548585382063396,0.022156225409289167,-0.024439271012791797,0.0,0.02544726785015375,0.4336719739934358,0.6538075038242649,0.041313812204716506,0.04175464175652173,0.0,0.023879324821202426,0.007143373147054089,0.004489231535766644,0.018524890592929038,0.03596778504013064,0.4599658874220358,0.32848590715171194,0.7846040796892002,0.0,0.010211704620367874,0.00928940991888374,0.021018168992606105,0.017363236472420003,0.018160875782941496,0.017728646108620197,0.020291294132858132,0.02702170257045691,0.02194130333933098,0.016303426384140743
sad,0.27691105800502086,0.34041914127842254,0.22265644478209748,0.3992586207940769,0.22634647638932334,0.27237083110362104,0.3819924001249595,0.507517079874775,0.04119137449517485,0.013489064965129072,0.3740475882042057,0.9645794282038274,0.16784765418053307,0.18488385802203763,0.0,-0.1777136065599269,-0.2489316027108013,0.0681749539547169,2.5254448081908056,2.3791402068245966,1.3101861510280077,0.03213986238438257,0.07435111892874874,-0.04448207125781035,0.005679605854217515,0.02997545045504936,0.5813029041038508,0.5078363038243935,0.017587347183347344,0.03820614181357113,0.02235307197750101,0.039454345919818945,0.010266474720394547,0.03362206435912387,0.01152191951591971,0.022929272729359643,0.42166828286594155,0.4661491733924173,0.7300888743893592,0.010390601008316373,0.03144399037720333,0.04251153572623013,0.012410555510670461,0.0,0.026491154388599253,0.01569465487732206,0.018295662872581147,0.027230310824503157,0.014066898412267218,0.016504924372532273
sad,0.21574497379762209,0.21781431898066203,0.2872399559262993,0.23788145996199614,0.21407330821917114,0.35084287927472085,0.44737993611474575,0.40527453864424584,0.05513903759515491,0.022445581374541508,0.442169357017836,1.0,0.08358582226149264,0.18074079009842783,0.05906332329311734,-0.19641826364156056,-0.2478278416444104,0.06313724967936636,2.126300700806953,3.0192395800061624,1.3673654704197262,-0.00800956135492691,0.13227785441865145,0.002405568329086527,0.018458666011371357,0.017425399780577878,0.30796110737583626,0.6108197363731369,0.002407504394763154,0.022875984046008095,0.021987319244560023,0.029046124828348112,0.03815671613532649,0.01965849741426441,0.04964541205500155,0.02302186878785875,0.2689783606283367,0.343792812488988,0.6552703959630614,0.027697652964993925,0.007685751297019091,0.01612631352347785,0.017906476349650875,0.014174429500477932,0.03054839996183634,0.02833717805004963,0.03516537275635147,0.015696672645554407,0.035632858379422726,0.0022680378822984015
sad,0.3425236620620433,0.24868861180673926,0.2552119429418493,0.28811901245798643,0.331505546786321,0.2617899757316341,0.39866332168333996,0.36618418946569237,0.03999488055440038,0.035307002788159327,0.4063648205934934,0.8371721871871929,0.22573732699097054,0.1674692801706828,0.07484922264094315,-0.12385572088399596,-0.24663930241751988,0.023775383270995466,2.8440876999873703,2.5961967112398665,1.1004047874514113,-0.11107074407918857,-0.1092421517482092,0.0007369354105671561,0.03242966289207573,0.029129936231277517,0.8073126019863729,0.5705182653584124,0.0241401543660671,0.00458368700681582,0.028662347144636044,0.019701710194846563,0.023653120321328557,0.01809745359007389,0.016737145332351305,0.008712994737808719,0.47904302146842337,0.5489704036741438,0.6331997969307898,0.027196026564624234,0.02561838712058315,0.020105271547535164,0.00015425546625868342,0.003079234435562298,0.009847234635029583,0.0,0.038304399488773,0.024780141979336277,0.019610506370811416,0.0
sad,0.24367050181459976,0.3249174967494468,0.25504507480090205,0.3030381592608877,0.36680761168911125,0.2723238695866764,0.39239580367791466,0.4767228221649905,0.05079726186948792,0.034185666177620117,0.3520325774630719,1.0,0.1901242091577806,0.20673932360926436,0.05230351295001056,-0.20021899927986006,-0.25010096862969833,0.042254670835186095,2.4118524703595554,2.3733459194315802,0.8846426700859225,-0.14590966840163203,-0.00021072493682624947,0.15763919723871817,0.0,0.0,0.7241564909064729,0.5118194826351867,0.02390111508590137,0.021775468727388374,0.0191587882661729,0.025699267643970805,0.022057945982176842,0.0,0.015792871868969625,0.025526340742824605,0.5640282810754998,0.5686457616582498,0.5364219383697691,0.01545357110893395,0.0,0.03975850597643108,0.033167130705931164,0.024557642529221272,0.02215923319638273,0.03794820430454317,0.03574722753188181,0.035054581056529574,0.025936838177169377,0.015460032106315887
sad,0.2617350562206195,0.33893229001702696,0.36653403765601955,0.25878323204968784,0.2855142828503614,0.3280746461163758,0.4394639599099444,0.3991053456303482,0.08296161103102077,0.025487238452087224,0.43719683859293873,1.0,0.16338471986595016,0.1865953727569723,0.028066860992121495,-0.18689401889014312,-0.33933565143612177,0.06308736369838051,2.2364989437727476,2.3454063365929514,1.1415220377615158,0.0613699865614046,0.0734437714729603,-0.015250997567356784,0.029899063397456876,0.005234650870431325,0.6745001440943028,0.7339411767750493,0.0,0.028904194074126255,0.0,0.018471271709930077,0.004875915646762057,0.038606205530770196,0.004957426296019481,0.0,0.4133352141596316,0.3586297019979177,0.519447372560328,0.026835597589013042,0.0,0.006528867356419374,0.012522162484529798,0.030428891098016823,0.036841088771170975,0.03433616921525845,0.018007440723990974,0.0,0.02508108927584126,0.039117458609919976
sad,0.2526840358113224,0.3805583487347751,0.20633006419746508,0.23686873245172876,0.35184033531409065,0.2655072604155578,0.3727297951118151,0.4811188471489206,0.05806847961753995,0.015036584863096683,0.3197957614870339,1.0,0.1790952827063755,0.24379713040507553,0.0656385870306652,-0.20083606246652935,-0.28077646689938685,0.07531051071384359,2.5753181331014927,1.741464219014423,1.2611595680207233,0.09870323262508546,0.041665410876934775,-0.09516022114707622,0.018424207538592946,0.00656679888179942,0.6814095313660637,0.48804838508163273,0.013936080389600699,0.00961984147399042,0.013502713565972019,0.01907077958239412,0.006797633395228677,0.04045132737535287,0.02641268203412363,0.043329319368966716,0.38399200309219805,0.3451210037702891,0.9110098737391633,0.012485223381638193,0.01768220371414138,0.02936061633646509,0.003909564492135378,0.02924683090231745,0.027583511860139836,0.036501229134491824,0.03157057853913184,0.036899718587408425,0.01856451529339067,0.008785285856808212
sad,0.30938665810645927,0.36449927450522224,0.28985664398753663,0.3549617034836213,0.19023084998904227,0.260036403025509,0.3450420877142696,0.4512164383291464,0.022923451784692246,0.003388355001575586,0.4359817643472982,1.0,0.17411817999551898,0.21195164140817763,0.059411292920279114,-0.18861707437769887,-0.31568232897317494,0.05988559962048125,2.299256099501902,2.787494212166573,1.217420222030517,0.168798833126669,-0.13740260539697702,-0.11412104630990463,0.004809501124768757,0.028974422097799345,0.6498342703725991,0.5920715066811989,0.016169734116481742,0.011026656680925064,0.03155496912510758,0.001564508463459735,0.0070846828475165605,0.01572595249926797,0.040978761027107,0.033705647138207034,0.23591591967527747,0.5351347088752486,0.861930426038042,0.004737891761705639,0.0,0.01906111890948585,0.034591517320897686,0.04068640560740263,0.008679245563303746,0.04277572836061855,0.0,0.01521534202021926,0.014576261300195285,0.034980381324015944
sad,0.32485618965354396,0.30647018236686163,0.1930958119654613,0.1863142394159072,0.35708941095114266,0.2855920559216604,0.36859271630180496,0.41167312285164925,0.05637071891948105,0.018922935353321887,0.291360969281174,1.0,0.217156064852552,0.1770879681105715,0.04483584352170997,-0.16562050421147295,-0.3177772837444199,0.05564683763939696,1.6675119580202513,2.42337333314095,0.9449828440263379,0.1038641972751824,0.08588012898900557,-0.10804400389967157,0.005464908229752709,0.04139439397703673,0.6571071073141466,0.6748887782481401,0.0,0.012238977139226379,0.025995757543156514,0.022523771457317564,0.0,0.022692792916542057,0.024765264446145963,0.0366889059765831,0.3344768881061657,0.17579312798643293,0.5803875097833813,0.005738154494708755,0.029577215411139668,0.0,0.014171366019055913,0.03853534115650431,0.02009376201683725,0.03165211861029351,0.0,0.0,0.038684151951988044,0.02131579975484429
sad,0.22041124644631502,0.3417172633430938,0.421847196913145,0.3266167579515931,0.2650779487996151,0.09730733356042731,0.3526214354183063,0.48219447324108544,0.031989142742756216,0.015179146538075342,0.4458728182205425,1.0,0.17261528391693798,0.17442032551785766,0.05125336799893697,-0.20510551266556867,-0.2844291521975773,0.05720790205684279,2.1602197432962083,3.2546810032258655,1.240748182260919,0.00826194897673153,-0.1006337545296297,0.008062538316018518,0.03496489212521976,0.006073292702599296,0.7130188748036326,0.5632422384078729,0.025140892422855252,0.028950689775492935,0.02064829497201916,0.051295234379172314,0.038563736998409884,0.03530418932677826,0.029935720500810177,0.04292369063049058,0.2563030702530784,0.5370283117990576,0.5810506825600572,0.012663591452132514,0.027298101772801685,0.03603186215163941,0.005003503788134493,0.013336916590189499,0.021267916942517038,0.01757724193895572,0.03110241679605744,0.06466705900779876,0.025451169210836438,0.01044244630388989
sad,0.304312589182722,0.3035051250607798,0.2559152533647023,0.40917252575810803,0.2595503974418058,0.29044551456814605,0.44556650663559266,0.4556821957507931,0.07235758912700599,0.025570454226912107,0.4735638890551598,0.8485710037657392,0.21396903253296412,0.2248320722810214,0.07647551680818689,-0.2467374396891417,-0.304430986936064,0.06440496696392779,1.2383065440385461,2.6357323306051024,1.3550040141873714,-0.10372066645111964,-0.029272852222704506,-0.07521999088230322,0.012507121781844282,0.014407529998545145,0.5211035183312116,0.5874143456322316,0.01359660947449715,0.011123063431948221,0.01041018368880154,0.016476937796450885,0.01631964389647042,0.04436371469819374,0.014875593139478867,0.02447395281049416,0.3423117033523699,0.3410404224158543,0.4954755354720853,0.0,0.004309022364511004,0.022388058851880922,0.03399025751869961,0.0,0.01286200158246538,0.002230420778445468,0.016564397776263853,0.03398500341819296,0.01419052877909632,0.019382279361403944
sad,0.28826359486345776,0.23696745140708092,0.30186506466227203,0.32834370847400174,0.22480621647258509,0.3140119533908619,0.4152970696801632,0.4417870958868845,0.06454857339283485,0.026206844853619866,0.37877646526341735,1.0,0.1476966772765207,0.13915990325527428,0.0,-0.1828056380694862,-0.2992927863696061,0.05696070333131864,1.4593510969355807,2.205690097035439,1.2465296626790652,0.11641827171138512,0.04121108374571183,-0.06080734846534416,0.0066121300974632535,0.025320337731967207,0.5831572885918351,0.6460630028264003,0.027737054083419123,0.03238636130049907,0.021202401347167894,0.009417866166576316,0.014045494789064548,0.028280419720130456,0.006723703414726112,0.017685134243677327,0.36141159016385255,0.38966382166810354,0.5788860964900747,0.0,0.026769654007475364,0.032533708505352435,0.0,0.02479604009204081,0.0340813778929873,0.0277468436079102,0.014583287677211135,0.007734547193240149,0.02105271503154986,0.02322120576500945
sad,0.30197979114806034,0.3044844337095033,0.290442750524007,0.30610465047891916,0.39235872182603576,0.2500496972341283,0.4712574038982662,0.3906390212311265,0.0694066350267375,0.036033778151047066,0.37948641576186826,1.0,0.1973543278096053,0.15622501101608816,0.043452259598188846,-0.13468950775573393,-0.19461611788740102,0.031484292975862416,2.0547413735380884,2.5268299259981335,1.0666007556100878,0.0076646008924719025,-0.01621211671058091,-0.08661213792982059,0.050651396403871354,0.023037628664269234,0.6425825370916342,0.7929021253109708,0.015252224047095145,0.0330965589380252,0.0,0.01410249739880764,0.03363791543890421,0.040412570367665726,0.00994715573092209,0.00843231872915757,0.4567446430370459,0.33769661050822875,0.6677706498693526,0.031393265321583055,0.012926671639017843,0.0,0.0030859023371235424,0.02012942261436365,0.0,0.01613691457513483,0.0019027452888281012,0.04131920708925278,0.04814685373195375,0.00624343766955311
sad,0.3737804050537019,0.2557321955182228,0.2651260519636701,0.24816089030247665,0.3630404157715675,0.038938663798077866,0.40228810713873514,0.41816455623458165,0.038431146727609,0.031226091600505178,0.4841419098779332,0.7346639742858739,0.2574590061895198,0.13520453526238965,0.07255103692932724,-0.17400689205857223,-0.28022206582682885,0.04283607873067287,2.0891083430353983,2.528677742853578,0.9906915993476393,0.02054069440303344,-0.0864363358797167,-0.0247452481643609,0.016958780550180925,0.00998125330194127,0.5041940567511353,0.5519225957050524,0.005050329774959287,0.014537986134243258,0.025622173771089402,0.021569234604313512,0.04566648209658847,0.0,0.02610143256078445,0.02008346310081658,0.4815670342371967,0.4716465204310409,0.6802009899837788,0.022244466703137823,0.0103271002320597,0.027977839731607904,0.0,0.030098743702441127,0.01969874522493057,0.013668193508195845,0.01697706840719256,0.01793044895035105,0.036864948886246515,0.062035417622230665
sad,0.3150131166349892,0.23189164243274457,0.21443843654452457,0.2965195489095766,0.3444239181485789,0.1710553385918857,0.39116408529382374,0.4429060683596162,0.050730163232235156,0.03841155706778694,0.301204278214656,1.0,0.12309427958792556,0.11187719682511198,0.04896902635879713,-0.22537835712984036,-0.25232533984269273,0.048709779618293335,2.036373381065085,2.131989835345716,1.2396087320746632,0.09758966593203057,-0.05087932073007806,0.05038254594282233,0.015874617508026795,0.03434764331981193,0.6283553296966032,0.5342423092560094,0.0,0.017762577391171173,0.0035003405722859073,0.0024504958979378842,0.02685694501891083,0.0,0.03835851391832786,0.022076312997142022,0.3956157368975039,0.2965234059449414,0.7917246755611526,0.01996223586323386,0.011080743644369574,0.022597721056470656,0.0,0.0,0.00543758089108598,0.02454385447892628,0.01995764181652029,0.03363673045222479,0.008040131921808502,0.027470681926257443
sad,0.2765673833712479,0.24728580190443927,0.2821839525314928,0.2928758287734434,0.2915471562315374,0.266992548007136,0.36780205844425445,0.4229906166357949,0.03595249845987525,0.006735724720627117,0.38315101091281756,1.0,0.1868676997845663,0.16955102497823282,0.04000144398731249,-0.15456746951244926,-0.3938041461668344,0.06395388731099091,1.4909448731476398,1.915683514608075,1.0653750870475664,-0.009109644191622492,-0.08487406752668357,0.030824613657033515,0.048211613858100986,0.04180645168018547,0.7347785306956562,0.692785085395454,0.0,0.022037856117449087,0.012860120258720374,0.009383298662904617,0.02201244016967057,0.013875569877192916,0.03130089409759506,0.0,0.4075011422345982,0.31209027764859565,0.6508437005301168,0.02396014345323014,0.005474997786069129,0.022135017811062044,0.01723960333227956,0.011412370752700447,0.013882557681858042,0.01799082541456996,0.010018125336678242,0.020092228179232948,0.016383703918341017,0.01205332701812951
sad,0.2875847424028849,0.2266053528877776,0.2572878764475137,0.28239574022589636,0.23142633495495646,0.3309883238395534,0.39977549189548695,0.4057813333021038,0.04004740246534129,0.058468177678360295,0.35361693948781914,0.6345267645324113,0.12080251707452308,0.21923315097377424,0.07338792210445477,-0.20727188765491414,-0.17326301982187217,0.06297782499724452,2.038418957429521,2.351681527876623,1.19328012166048,0.1271873787122387,0.03737159303054589,-0.030616978609836358,0.031406925687997335,0.02516482935273529,0.5687830037841566,0.6290951543568427,0.04575642491138501,0.023265779364850497,0.031301230549474,0.02701850483424002,0.023553650671970135,0.021413085700195896,0.031666078129224735,0.02934234905903888,0.4263893478011549,0.3306237474452112,0.7462670566658166,0.019128896825914916,0.015992673152514014,0.05482408767455889,0.0,0.03246066716774728,0.008785277724700202,0.02170554136146415,0.053391637748172405,0.007489203067287181,0.010589655487245572,0.019772321417029195
sad,0.31400850128776553,0.2108821651463964,0.1860447618879803,0.28740582615758226,0.21373206890793228,0.421461513021236,0.35880786038020007,0.37849253249317205,0.05723834799580568,0.012377268649193921,0.29371284210926774,1.0,0.14293954928309577,0.18244407441138286,0.046339130898144475,-0.15158763392133687,-0.22225885235973647,0.035530981839707404,1.9941061543309253,2.3643367813379648,1.2978085476685353,-0.06777735661050895,0.07956507158462708,-0.04276235488506361,0.004811815106838183,0.04623543723782517,0.5588979935048667,0.6489500723892089,0.004920137283987856,0.003123932848671983,0.008632430681990887,0.007383198170364683,0.014614658685987204,0.0072734546260713705,0.02904218147682473,0.009821209360861125,0.3106184506548085,0.3607031135882731,0.8191406654435553,0.022793390256935192,0.01870403611146289,0.0013704179904071717,0.005144790021771777,0.003380670779484892,0.03698906590774051,0.02689732060071142,0.008798933383985477,0.01266316863026648,0.009271227708914658,0.008483804187050787
sad,0.34501871087488395,0.3480929777042696,0.3149105626973026,0.2767537511221046,0.3328784986491271,0.27209338443770736,0.4852110420291345,0.4361711753219968,0.05459130627555277,0.02165194461158362,0.5218186499152601,0.7313530740898901,0.24801664962374287,0.18283307841301571,0.025392392923226106,-0.21008838926572224,-0.34904843576341493,0.061438993047748705,1.7625547911373811,2.5136720439922744,1.3686959335505158,0.03682408249729444,-0.025878259870588186,0.16649341954379707,0.011263779928640222,0.016514651990682902,0.49359600681007815,0.6033971469258563,0.053462307128553835,0.030113131133435743,0.01655850455438314,0.012048055529637704,0.019445765856466367,0.021690659778517314,0.014552093807105149,0.02689076954502468,0.3046552509939591,0.30416123250157323,0.7444234548460245,0.004807657203662828,0.029477224287213017,0.019814352038839866,0.0,0.02142348863229231,0.0,0.0290137061255236,0.01676671371974225,0.04406409481458866,0.03392706697684389,0.006210997418986279
sad,0.3749383805176089,0.27946363771743216,0.3285377778175247,0.28432329980971777,0.2901182881445645,0.2973898381992873,0.46426157274369784,0.4324649902269839,0.031496657739158364,0.04109268379512343,0.3795029150709581,0.8805331811088111,0.07530830381678572,0.21442438425971147,0.05176772119408296,-0.1760029737359239,-0.27416948026664906,0.0399336877976763,1.9798863612801103,2.624843228850548,1.2775976702381364,-0.1616591891073134,-0.06795911311122364,-0.09770068822642969,0.01699658935113022,0.032336187426117866,0.6405230982779027,0.5894928298251614,0.022579402473795737,0.0023279765595798155,0.023025338018030233,0.0,0.006639549520211065,0.0,0.01772347961527049,0.04092523813001822,0.3882923338918565,0.4643585379433127,0.9822776676774867,0.025252726025561247,0.01005224342035571,0.011841608164434116,0.02000855670689908,0.011772369611607983,0.012744869002425385,0.03280830082037337,0.03334003165003876,0.0,0.009363796267297145,0.013967942970125897
sad,0.2557849885933016,0.25838210685421453,0.31060564081316117,0.2624780804574827,0.29224709761802153,0.26679695129731634,0.3151338431238328,0.4249293292060618,0.04680868321220117,0.036526003653339696,0.40038432852754485,0.7586510095570886,0.17045034169975762,0.10949331053923982,0.028808937884006257,-0.1545797612738801,-0.2648404263972198,0.06614389419121616,1.4607600184646345,2.3584708225102835,1.0725057002966474,0.04792711569322016,0.10287680296550906,0.2161574347419107,0.032426031573971684,0.028745915986166097,0.7270702580105958,0.8349692045700922,0.015214867579274639,0.03735605085890935,0.006425320038563432,0.005948589253045979,0.029785705429478407,0.0004383704006855789,0.027445953169446452,0.02131707151837724,0.5071852728654873,0.3940556035045111,0.7067258735554632,0.026620444908023778,0.01138555584922288,0.010819318002627122,0.026167582717964454,0.019619258481301714,0.014704919075044356,0.01892380670393032,0.04072927360189829,0.014240760712381399,0.013863745027333797,0.0
sad,0.28562731528478774,0.329703345800206,0.3180239808977726,0.36121226263307443,0.3541366460512659,0.4255982556885801,0.41321227333735,0.3669176783055397,0.06161507801449485,0.030147191461196092,0.5098996775366798,1.0,0.25198248086698893,0.2138643782425715,0.054004185358925996,-0.23539932485302986,-0.23151420792915517,0.04033119125475194,2.1687407543655532,2.4705787278318954,1.2467989803484247,-0.0033882350525691997,0.05911951601163528,0.06689584925446945,0.018734700775999362,0.032155262479523605,0.3232214824549931,0.6727992290189414,0.03563236712898331,0.04431063060993079,0.029515497399005816,0.04190347929357301,0.022196167944863652,0.02003721348705182,0.026882403361960773,0.019958474322416153,0.32176425319826396,0.3484759755868101,0.5665416512708611,0.02686890223324818,0.020148093562506204,0.015316280482144732,0.012633111161115228,0.026565732500595143,0.030145826347930914,0.005303318045432624,0.0032600992929169674,0.032408629423073196,0.0021232678996482533,0.027117328839692298
sad,0.3168580947967503,0.39709918741021566,0.15861142552952395,0.27446153781556504,0.3466670516992131,0.27301703937264343,0.46959113234428135,0.4184258375875923,0.05230551755590796,0.01642922936480281,0.3634242328834358,0.866565730619983,0.19003315298296072,0.16017924881581963,0.06668108546109754,-0.15387096301588707,-0.18403501354180957,0.030243823770122524,1.5476701222944058,2.4484198772490093,1.693379312894952,0.12935273590032106,0.1457311323053821,0.059029807250567334,0.036460714115229415,0.01279219798941273,0.700941456131761,0.737310428893242,0.0022109528704728,0.03780513629744986,0.017823486351327772,0.018821149020097815,0.020309200572640122,0.034879021811002636,0.010182631943381695,0.0,0.4322955292900045,0.19563419138268712,0.6638675685837352,0.03542936576816464,0.027528220745613598,0.03355062885442859,0.028064567747636777,0.05133434835418431,0.012352884840461403,0.025175711801108204,0.014304433874235545,0.03243841650889332,0.019199526611343554,0.04234498343277259
sad,0.27831202440747704,0.3082070015687161,0.293585748151518,0.31957750741384955,0.2886220909798085,0.24387291939560068,0.40659715520149875,0.3526742008820711,0.06473409581932095,0.003942868361718765,0.38476470613350106,1.0,0.21105767853269672,0.12167590043176632,0.04839265868356114,-0.16161021202204712,-0.2468790334442604,0.07352131175928704,1.8329127575277544,1.6764869733532008,1.3090999870854079,-0.04246527643215812,0.1266413873145286,0.047451162443517665,0.013017880444959662,0.0,0.6309785131320231,0.7976669571118042,0.0035777159684349247,0.05036794740131448,0.009107539271023394,0.02113114110363475,0.0041512785679810905,0.020540934533048186,0.0182612783171372,0.0006365792696958646,0.682582696895091,0.35046628309813055,0.6406644931232766,0.03259746643159751,0.0435853134835301,0.03464367928405594,0.004384658400654376,0.022780817123430615,0.0,0.03172216605719064,0.0,0.009558382793079918,0.01995838044759296,0.025785085294833157
sad,0.3135256872113389,0.21607115309679753,0.368367130672361,0.2558314170646818,0.3955648338142902,0.4617756045540457,0.440506261294551,0.46128052390717683,-0.003951095853495207,0.017464968598625095,0.4771515947943678,1.0,0.13487023649030452,0.17869170146508687,0.005613603658979935,-0.16348028639308987,-0.36299970407360943,0.06978336224878251,2.484385579733158,2.270926527561547,1.255914771203552,-0.020874769871625527,0.13671753090595934,0.05785916657538235,0.017177716587213388,0.02314480913519326,0.5123288692108221,0.7246991147887891,0.0,0.0,0.018414931883329107,0.017253837365053367,0.023539922497172756,0.011556402626927724,0.044513991655212665,0.022087864861932746,0.42328817785162254,0.4197233877407046,0.8203491842737693,0.027488226388298037,0.02574623269620763,0.02956779336325268,0.0,0.0,0.01901123631108123,0.017430239525135272,0.027537527972626707,0.02026021972838557,0.02756424414790474,0.0038072614957032833
sad,0.18232917779710733,0.29811212512412577,0.20361203219335017,0.27890597137280126,0.3492210230297087,0.3181903990878734,0.35417359105102797,0.39310424621223905,0.023725875804155964,0.0,0.40823642232937823,1.0,0.1963024190664805,0.21320113237287042,0.04979156010949818,-0.1909356087499987,-0.3143841596237389,0.04229860574436627,1.6705617747689947,2.130950013509588,1.1763625441605996,-0.0008595656326955784,-0.12069510641620057,0.03094863474971207,0.01846852086196801,0.059841464492632085,0.4885045282993991,0.6349881535001862,0.0014914825543515843,0.014958783612390638,0.015487788632502601,0.0309834403410308,0.014154334990167024,0.017512845199269933,0.014405866487861147,0.0017863273272562818,0.3347897628206893,0.36180632849161826,0.7088591060087661,0.027266314733922728,0.016950245373756622,0.016721708568242493,0.0,0.027016548724332567,0.010953327467049469,0.029712602096987083,0.03711371932210455,0.017557104652990933,0.006696953350043401,0.019782918029878124
sad,0.30930367495626554,0.3058740702840982,0.26199293870298784,0.20902636091066207,0.32510080019586984,0.23861382452468988,0.4285736430148123,0.4260462892671615,0.016943420026753357,0.021054061897350453,0.4360172767762119,1.0,0.18434253279056356,0.11387833730794078,0.07234891858826616,-0.16355909329829676,-0.3221991597622286,0.036214146797230215,2.1751478680207192,2.706618532970092,1.0702148344320228,0.027896159841491075,-0.02839680011220488,-0.04512307275034592,0.030731830295927975,0.0,0.5249049186687456,0.4022763188189501,0.008333733142693988,0.03960500339907323,0.04675142904961023,0.023049676086995756,0.01170042030550879,0.017118681288937735,0.02615341858082929,0.0,0.34275008240187954,0.5434893074450249,0.5745147916805965,0.010262676309599941,0.020171517527758726,0.02368084937356122,0.01187494739940686,0.02100053698227542,0.027903213938612715,0.04549887370892742,0.01835882306734785,0.019463134900572686,0.03985688049773364,0.01286084384212476
sad,0.2987744510303837,0.27495518580754325,0.2046835445969884,0.2967896915102395,0.3678235209473985,0.20127063347686225,0.41021011304786914,0.40450061071366555,0.037790170013839455,0.023222999058747074,0.43103136688792054,1.0,0.14385803874624037,0.12662962776815323,0.05459179763928775,-0.20023676165930607,-0.13970125721879284,0.08297891968026155,2.746974183178713,2.095108134859396,1.2647639119605452,-0.10594824262097446,0.022522407809306616,0.0860940020070332,0.03132238272426929,0.029858605036077228,0.6074722466967369,0.8034997883558391,0.020006174822764795,0.021665379624160715,8.16512689713264e-06,0.028381944604448855,0.016614647723558657,0.026042125207306827,0.02305647809746004,0.02235217549662902,0.3954286427533316,0.47865997346604544,0.676132895573792,0.0010824335471112147,0.027396422882861142,0.009482928176148698,0.002784596045132183,0.006710836656146222,0.023683320931639974,0.01874525555976695,0.0,0.015012472740315294,0.03520000592467194,0.014133156277866075
sad,0.333131056557889,0.13582721227720745,0.37014319799898976,0.33500202394853607,0.4353812027713282,0.2374139175380573,0.3494619757740436,0.42028873826900703,0.04518098422924969,0.02849763178699268,0.47524498412104493,0.9366876429058767,0.17109380230492913,0.2101247130513709,0.045514248350381294,-0.19359928403587148,-0.18777190367948285,0.07204611249581253,2.4522890292555055,2.3864932834461143,0.7662788262534143,-0.013238124274207399,0.09386922935944374,0.06363914065636286,0.018073320876892972,0.010146259835198367,0.6344329977187294,0.569469092873887,0.019730381878947174,0.0064894168199896626,0.003350673322661077,0.0358949892734216,0.007394451026220505,0.0200043111283326,0.03240869300583686,0.03188595364098445,0.4794848204915352,0.43028665145015355,0.7868803970244219,0.03785014572388001,0.025525293721939856,0.0,0.013129068320048742,0.02905281093238714,0.011847752861777746,0.04106137981296237,0.01917866223383639,0.021108234027672673,0.03462167458572256,0.017622951334979195
sad,0.2651644955558474,0.32311597135971426,0.2834112077138149,0.3807033596642614,0.21332421529971948,0.16479985856430932,0.4507874606649087,0.454632288597311,0.04661812488044292,0.025205127200594417,0.4521644884341985,0.8258858611076086,0.1538466101231759,0.19730445789914752,0.06582155679814011,-0.22663827705431938,-0.26187685791610116,0.045725858945172324,2.2358367091388986,2.4467163653216653,1.0595574205802738,0.014102162858254884,0.0809211135599201,-0.1177816492666949,0.03623135514984628,0.012989652738929339,0.6149484364374256,0.4590202836896452,0.010722863601003363,0.026708988992407652,0.02416782543261318,0.027793720870854906,0.027162769717293714,0.047140282471837006,0.01027783524319017,0.0,0.29494470039284765,0.3296348164168409,0.5830807676059706,0.021217591019383104,0.036284513772241275,0.04001556794860889,0.026556010524005857,0.047836538800902204,0.015367150264636552,0.0,0.0336913148825462,0.0,0.010184960704902544,0.026761459021496355
sad,0.2794382757494665,0.3321904494143652,0.281038331659873,0.25433757661974166,0.2313853846671468,0.2352324333635537,0.43569335009657434,0.4337440904943884,0.0359911257395758,0.0,0.42940089345705157,0.8130996216562743,0.20549531172356547,0.16088977877808164,0.03271174206077835,-0.1738731237096166,-0.10853804619841786,0.06310802484454003,2.1442712722419017,2.5854664549838158,0.83779468148665,-0.008190518403902463,-0.01718574865843553,-0.09446320262560048,0.005409575180216767,0.0,0.8575848673491947,0.8332863234986898,0.02510664084079383,0.02175649634009466,0.0,0.017149100516741015,0.043301094419250605,0.021708407976544285,0.012659595939245347,0.0,0.5380305727730805,0.3929916198972344,0.48919193759646046,0.007984546133069953,0.003392005774344304,0.018287334165744365,0.022695406604966644,0.01345817816437918,0.030101605754329464,0.021024429126141744,0.03381006100853769,0.015356476984950653,0.0595892326961449,0.01266164659483855
sad,0.19058412327497926,0.29531726787904616,0.18092420398263004,0.3088919008231477,0.22568115407470057,0.26949652740959257,0.4441816159652944,0.5121615073550542,0.031134990886329754,0.018045873157456906,0.34933689276571206,0.8173447758094786,0.15354598679112685,0.22172655931202218,0.04145902237596836,-0.09002749206916578,-0.22504124464631597,0.03232481342945369,1.98082081580285,2.1473027612599043,1.3072126321421953,-0.07226639934046976,-0.09236704950861818,-0.016875258124344424,0.0,0.0025676320543344677,0.5790144657501031,0.7319536151765991,0.03602978357269604,0.037947048480046965,0.026887419759317896,0.01892243602734574,0.030330135560081906,0.005121491973387763,0.0,0.025676288509924358,0.29943215828511505,0.3934693267834519,0.7143552419047376,0.023225554269317855,0.03219129000082568,0.03081697744779251,0.022535000873179972,0.014253801353897727,0.02140090715279217,0.01224926458322602,0.017446424013919777,0.05403625450654538,0.022368466111486025,0.02585318522148813
sad,0.31990233284206443,0.2911743448311801,0.3337778849798721,0.3699426858149103,0.31557044056421124,0.2908310112799742,0.45578283960459043,0.38383498773761027,0.03743569508923179,0.019307095542496284,0.27810500520932985,1.0,0.14437218616376454,0.17184759567218236,0.04626760707560401,-0.178428527137178,-0.2706191965853825,0.0488210066734689,2.0806210194731154,2.28124581349576,1.0177322197944672,-0.05643845192242897,0.09180660747868812,0.06082179381307395,0.034059161016622826,0.0,0.625314180918862,0.5937320633738942,0.025444289327444327,0.001094193645252886,0.013502790563833146,0.018669323458133172,0.033910956934815974,0.024318404568340512,0.004614653258704795,0.013662802656631425,0.48860513526606913,0.27992251340769325,0.6905626877953155,0.01988143411715842,0.014984820221030062,0.0550447731763859,0.014634491027181864,0.025846947071781368,0.010038085437149305,0.026860723895992256,0.03132023875907516,0.012356467522300726,0.019288876402159073,0.008361362991418646
sad,0.15449215891758036,0.37179852013766845,0.2382910432007445,0.2864494825938583,0.3902498578021873,0.2886606324649888,0.41346653591192545,0.37087307821797866,0.021390410256517587,0.017836978560250332,0.4253966841852427,0.9965926247521427,0.16219334002263902,0.1907799252748573,0.017848825081760576,-0.16159331917218084,-0.24031564931379723,0.08453906564820002,2.1024308850894404,2.094142319564855,1.1506669433276573,-0.09155230496399133,0.09331158892501858,-0.044320075670691836,0.01573860259979412,0.02565120229401517,0.6532270474070223,0.4988063958736828,0.0,0.02341780663422921,0.03798048903390011,0.02103152249267235,0.030572865600962694,0.0331665190046468,0.02346829399533069,0.009411610657801692,0.41953080850455643,0.5207072887600481,0.7635868659519897,0.029727189456772524,0.013986898858006264,0.01736940112330873,0.018456544958295226,0.019332605967021653,0.03518345810816066,0.0,0.02039699795956389,0.018966547115966896,0.0021704851612260635,0.028732973815637046
sad,0.3325186297760309,0.3098733208355461,0.29980040060150903,0.29094259876550616,0.4099657495953556,0.3641734105152191,0.39001800344138987,0.36399590887129385,0.05991966503481222,0.01927370131158022,0.2999743283137683,1.0,0.17004599506847373,0.21043059963280758,0.05773045375516587,-0.20433056086175355,-0.21202931413454773,0.04128666105388927,1.9593133912161844,2.24906754400043,1.3680992947163537,-0.05796001535559397,-0.03213293844178437,0.14790255262032345,0.016352558955293313,0.03784176134733527,0.8640181844224232,0.5613537035774662,0.0,0.03357862406252655,0.015554365334318166,0.008739576629284112,0.012346664620011414,0.014607420322241618,0.03686351017901862,0.02207884611112769,0.5283598630108136,0.4494220119278496,0.6628923131259419,0.014925356358279657,0.027300913759744815,0.030665533181325214,0.0329583049141113,0.01659999935211534,0.02227767613325814,0.027592525320319243,0.015008454662820796,0.00524577956056403,0.009518476132872397,0.01686653924687619
sad,0.24893805927564092,0.2613911501527109,0.3213252856799455,0.2709539205536325,0.27636472157788905,0.18704059382798205,0.43933629263893037,0.4135440370161378,0.038554211887857064,0.016626328081732745,0.4788896851351884,0.7967547464812239,0.14885859364916693,0.2382117192274264,0.05132605949033001,-0.1532098361315233,-0.2258948853996588,0.04938164533485591,1.9868027862767192,2.7639131534876418,1.3738699284772524,0.052976571137624086,0.11330797460148916,-0.10848377669876966,0.034094448511209255,0.00458886876258011,0.8065893221413195,0.6070477694962826,0.010184616011917154,0.017798739942009846,0.030804669658233516,0.02702603439236481,0.016679976645894518,0.030889656269413673,0.021818187549872654,0.012551370947988135,0.3291964717041507,0.441023484442162,0.6900978717021278,0.0021184330056227274,0.03101309940990354,0.013756424627882534,0.04069755542385433,0.0017611301929887566,0.017650788246929852,0.010900290102290041,0.007319507235094594,0.013671720682141102,0.04301737891748077,0.021863812211033548
sad,0.2521039165058258,0.2470482248247897,0.2683493632758068,0.17502989097602817,0.29495751227244066,0.3822183820117686,0.4849136498945678,0.3442221540833144,0.03597562671331478,0.008894959807331043,0.4102004999267955,0.7639846986488408,0.2422437402028872,0.19167561515990097,0.0478449399372638,-0.1162914506486889,-0.2509628574450009,0.05700530961372706,1.855990561180084,1.9326354704419704,1.0476934598032215,-0.06333664310379432,-0.16457655693036646,-0.13770900370781491,0.04843068590628272,0.028229272327730426,0.682944180453326,0.5328351931777761,0.03184626041279,0.0023499874339207097,0.0,0.012734467402538602,0.04540838185549882,0.04467262502110395,0.014133919932742931,0.011235412763426204,0.23596379594402203,0.4078030725520085,0.7194415302385743,0.03026423130455986,0.03183919767322713,0.01743351507035977,0.0272283623718746,0.01089169471799503,0.026981552933688913,0.013405982983600736,0.025972960707570193,0.02492051722870975,0.020894447134035835,0.03032901633607161
sad,0.20495030384098722,0.2588430452431553,0.26051922465596744,0.3720326082666682,0.30783935362603043,0.38235436608511025,0.4320669887523887,0.39857330915071737,0.052340044135563965,0.02948254234111825,0.4835380928509807,0.9298227154024988,0.11904210617744107,0.12386461308925678,0.04428777932295448,-0.2735160600459189,-0.14229373205579016,0.06044633154949534,1.8934082219133956,2.0311080332616798,1.3491739136596042,-0.12563192570885484,-0.0958424596398846,-0.021604773884242742,0.005522716976536926,0.006763052073186317,0.558086487196797,0.6636904897489191,0.028070366708916182,0.03550473903440362,0.033584626886307124,0.02001005822005164,0.03326678565883234,0.011277005018307315,0.0,0.011275296067763394,0.3193739485723713,0.3368012928200823,0.5848750324909733,0.014005575491463742,0.028060223783216515,0.04229834233461344,0.0,0.0032594498502903253,0.009711198636533821,0.029954644406675706,0.017335683241350354,0.010586580099652904,0.029317529100170478,0.032433073462445595
sad,0.2678700531604665,0.2674673113231561,0.25335518863270456,0.35087407860271486,0.31374341244797366,0.38285607055117044,0.473453045819125,0.4383592307546656,0.04113665048950984,0.033524241018857204,0.4325965291594848,1.0,0.19147380687430338,0.21686098950204222,0.05508241809768056,-0.1839639436747247,-0.26552749297525396,0.05514926728152492,2.269382119339503,2.8857814321157704,1.2168285027278924,-0.0015007967538904162,-0.07345973039584894,0.021622365378831422,0.013982440719472022,0.015750898044213216,0.4912475668516183,0.8493456612286772,0.012964743024228967,0.03257672598179279,0.023595161146752936,0.023948513800912292,0.01847317762145962,0.009758614447853246,0.007409039793604324,0.04247005005446418,0.4113961078837246,0.5125267746187652,0.8661888325174301,0.014658989908710215,0.025505574957061974,0.02058514008138752,0.004956220560780445,0.01758876031324467,0.02763758567310996,0.013512619684858847,0.015777038460165805,0.017746230879986613,0.047449881307031344,0.0
sad,0.26555046322787423,0.314703564679338,0.3176752268890692,0.3102309417339114,0.36010077240511446,0.4015066396080461,0.45265503767802456,0.3981523019541112,0.05865272711122534,0.026489608568801403,0.34290579964474144,0.7106605686567256,0.10515730200914145,0.19268943636931785,0.05521569501017107,-0.22727126310609658,-0.18723806004691823,0.052663817612687215,2.5385720998474897,2.589877290918806,0.9637946227742361,0.04013146392218072,-0.022800516952694836,-0.05125239268019469,0.025957655772771936,0.028711439033337317,0.5842851696935594,0.47694884032281504,0.02130384883598588,0.006989019740889597,0.034571539619794714,0.014706703154454296,0.042419814384412884,0.0,0.021752342853886924,0.03858210432131716,0.3109695684112703,0.38407990643729645,0.6516357142763147,0.011111020652020322,0.023180094334485656,0.0031595191870116487,0.018557405842707066,0.026707925089899456,0.01720378175197364,0.006997345400184917,0.03339241018181952,0.029493340501019052,0.006464566773051362,0.0031766016547069634
sad,0.32108430104717717,0.263040188661368,0.23191381964999447,0.35053655686279744,0.26956033176018596,0.3149238444683183,0.358003006435385,0.39720758302708803,0.06766443561647649,0.010688430633291852,0.457015267501605,0.5945194963313004,0.1593025085932021,0.1834028461336919,0.0804944553084921,-0.22676251520057805,-0.20974040227317461,0.0684963061718539,1.865515864645611,2.3089947093383096,1.1860596943813901,-0.07615395327950594,0.049074584893849374,0.022045831917003652,0.000740695426497115,0.014083658245802363,0.80313344491357,0.7127185773037304,0.017962233236717844,0.021469940703874285,0.027551769751887032,0.03004133192283148,0.012766616084071671,0.039951372262635704,0.0371125266156606,0.028804349194591766,0.3157040134154109,0.2979776093229407,0.6608075444084087,0.02078994626937734,0.0,0.02643101073608833,0.03673700943003014,0.027494163817801405,0.011211313563544944,0.009672755833793623,0.023898080474263023,0.01800705170060366,0.025759535265326806,0.02782237784387325
sad,0.2610992997940112,0.27487097771536123,0.3249492603387747,0.3535219230178184,0.37691440077110094,0.3340472200294614,0.4155993283697682,0.40988486122198464,0.019641787458093297,0.03741655558368186,0.37746711103500313,1.0,0.20512287145247,0.14205535290156965,0.03384143813195639,-0.11811920371778023,-0.23257386905898736,0.039839750874775974,2.058937221383548,2.860054431574397,1.331913864271112,0.08735124231157297,-0.10189110860365697,0.01772951582794496,0.0009409370908846394,0.0412456899677346,0.7659377637198416,0.6317029700790097,0.004507608239872634,0.03370211232079203,0.026193557503830057,0.00104862108498905,0.0169829850203411,0.06064024825630235,0.02021452284638748,0.01035438227363646,0.29915033746933595,0.577209898342942,0.8017311387493226,0.03829670848092396,0.02322640869319805,0.03630225005932623,0.00897183493587716,0.022113682751895757,0.02373169569464557,0.03797181011437788,0.02414495952182592,0.011868347357429207,0.020832959905964864,0.0
sad,0.2664063004530261,0.32320922732706403,0.35264454002231915,0.32939683751551707,0.4060440056619796,0.3402151307245822,0.4320885385431998,0.42961555290018394,0.027503827662661715,0.03242798187332159,0.22881737859893003,0.8605964392654437,0.18084842297100165,0.15959415054858553,0.04209427134622563,-0.10642497735091085,-0.18375856685309927,0.03799801558588207,1.9473908839339777,1.967931009421679,1.2897188566251292,-0.1856774986616214,0.07482072330974583,-0.029979510904507522,0.016753348144663817,0.0,0.662094031017207,0.7026774660322191,0.032520832651275686,0.019046387670501926,0.01515527488377704,0.04582144084636387,0.020085620029294173,0.029354303810773155,0.012985984636108637,0.02896882547126583,0.25443710075959025,0.35379324542813667,0.5550070912688735,0.012135346815696921,0.036256110523003926,0.012039763439051929,0.029337329631163096,0.03972444736674152,0.019641494923156855,0.032918972365731644,0.02690411745580278,0.021513680097585926,0.029754102661120083,0.0439191951698941
sad,0.33171025442630087,0.3387271164026744,0.2520740794666354,0.18251925478083592,0.26288837930423026,0.34382833422455966,0.4173310744406867,0.4272139098702147,0.04084147268017704,0.03318315862122694,0.42402342612282456,1.0,0.1858854302719872,0.21018817429901748,0.05802500454316683,-0.21712298512543127,-0.22761621427749232,0.0638513930090641,2.475420976513324,2.607080448477102,0.9823939045533973,-0.05098151300068421,-0.08632808101584673,-0.08143316365242746,0.009452874715537962,0.014343074943711898,0.672735668976383,0.6353316678430888,0.0053914831467981195,0.005313639553904332,0.0,0.0,0.018286836301585972,0.050162994876857124,0.043358133809288546,0.0072829916424013725,0.4149903297390611,0.25354204899498345,0.5425468562970255,0.004432856230805063,0.01706851710225617,0.01762802506724431,0.023285125620489167,0.02862181306615568,0.015620547995862943,0.020470625618614166,0.005780437413027278,0.002521538684656644,0.0005133595013719731,0.02844022141466696
sad,0.21506129074712368,0.36633969858659454,0.24990127047748506,0.3374828292200517,0.3598929665061743,0.2236057237954367,0.4230418847021883,0.44213871605552585,0.052022058017176874,0.024694309871027637,0.30692594245085925,1.0,0.16201192481560975,0.20345387209643942,0.06609980479715064,-0.15324765969926904,-0.22907681647063158,0.061237245183229046,2.323733592513855,3.0145516884224324,1.15373467129885,-0.02703262784705947,-0.16840082365419626,-0.005047116214688777,0.022131440914751055,0.032116868516689455,0.5911534868283784,0.4897679032786417,0.02641199226957602,0.017321692099992722,0.004302143647453217,0.026507045081937887,0.03860472919538023,0.0,0.03329022493781426,0.0,0.35997133698184863,0.584051591224258,0.6606011141784559,0.021169199145672897,0.02991726061005622,0.0,0.02093723241091682,0.02083476993549701,0.04421017265223362,0.0039353691970282975,0.01503998888614842,0.007931374719292996,0.006552646552012067,0.03465623545183952
sad,0.25071219199883943,0.25536223477479997,0.21424884209695827,0.285769875158914,0.28024363195913204,0.23937626348773258,0.426201850252199,0.4295955792047263,0.04025867374989512,0.018126256040038684,0.55110366088306,1.0,0.14099866296519978,0.15479376868634048,0.03146044265264006,-0.13771784240111043,-0.27391175797454165,0.05419429926293525,2.7490143833162874,2.4460495401478006,1.2899497648033469,0.0021321201600654144,-0.05000104767838687,-0.04142767209140284,0.02676546974090511,0.012353174427952657,0.7770994078090231,0.5480359029079778,0.03741843722377429,0.012363137452281445,0.013786419633030771,0.005849658292851707,0.007984627659383589,0.014452063809729038,0.0,0.016966679564717247,0.34920257627584833,0.4790011098611832,0.750757688602819,0.01080071339570914,0.01403884012746321,0.01694996549922833,0.039317435208186036,0.009310039154066255,0.010643111355641497,0.005328406028977039,0.0007334867673295942,0.023991047107131434,0.02263774330395173,0.03667590408685958
sad,0.26645246268259726,0.21238823005306534,0.31622206470876896,0.30651938327954864,0.33581964677558757,0.20887006246092799,0.43406416756106797,0.42820798471815763,0.05243311319813952,0.011117543193523188,0.48325272539873787,1.0,0.13891727102698823,0.21773709321432888,0.0,-0.15325560202070165,-0.36220927699250527,0.040813071411762984,1.6732669849298687,2.368606660656603,1.3143380404996803,0.08331272061815437,0.2157405043078627,-0.005909821403287667,0.0,0.015326764036296694,0.5883957477420733,0.839725842064625,0.025612893102053707,0.004696177527445505,0.013873173072604803,0.04022935509901191,0.029286749118062318,0.008062964988729519,0.016528083001019843,0.01694358107069408,0.34620180728441946,0.22897878436783103,0.6186853941532038,0.03805959097624987,0.015045121668204722,0.018657702804008053,0.021826833409096462,0.048835838131257636,0.020115372028420498,0.03422128959658565,0.012223657763334445,0.01662780961346761,0.020163185400433707,0.009936271755958001
sad,0.28000462961010925,0.3168541446861085,0.2371277654617373,0.3602477585938226,0.30400859138412273,0.2867901949328568,0.3396740877679914,0.405055502319461,0.05650286728254281,0.042689485244432085,0.43975224078781294,1.0,0.13526313077598826,0.18511733391736127,0.07136306274075513,-0.21550934201599692,-0.19208664226161384,0.06283306263050584,2.1892851857461917,2.3259147590111695,0.9785216915586719,-0.016297422448236613,0.07992458422319426,-0.06402916488735066,0.04307993082334308,0.0282142127304124,0.6908739349610539,0.6004580302157299,0.020492331184669713,0.022141324509610427,0.025198383901536447,0.029546423750135144,0.009827870163883808,0.0009342394486689422,0.02109565106655547,0.0,0.36763390050063627,0.34908101698882377,0.7590097830642003,0.04577376146132202,0.0,0.04956440539413921,0.016970022931452663,0.024521512868243542,0.001607181950891684,0.03295933041294217,0.020539142972572415,0.019200923654552268,0.0,0.020959358580016556
sad,0.3389105489383509,0.24666304009747594,0.36294592065746445,0.3024912230378795,0.3027359887933307,0.30791849780821845,0.42277263003764504,0.31479466573365966,0.04675363803167989,0.0022686958683880917,0.5138434991550974,1.0,0.21152171830085675,0.1808190036624528,0.03235973860943528,-0.20630324005102418,-0.13344148561443803,0.037886545735900695,1.3344315098245294,2.8388874794532364,1.4360925729056924,0.06766626590532593,-0.021265077193486984,0.09393594765153206,0.04156980393316479,0.03349852405524127,0.7941823612681738,0.656352088886425,0.0,0.020362453539500176,0.02808044604145242,0.018241489264638745,0.017649130456385005,0.007466465492761809,0.0069773963374636615,0.043895930691958907,0.5874346369880142,0.3997352868753897,0.7337828326111512,0.007248845258518755,0.0283534730492129,0.0428754392309846,0.00011999986071898477,0.02603048289613112,0.027007289154385525,0.026858884693560348,0.041356629682030105,0.046468236758224986,0.01696471218765539,0.02875125773803265
sad,0.31491797548201295,0.2912802916416833,0.2341785771067219,0.2745041648079377,0.2749250918903938,0.23260448360554364,0.43254158326422676,0.4367244838517231,0.06714155801552593,0.008850909473911794,0.3595764919639845,1.0,0.17391365302930195,0.1911600446261879,0.04693568487557614,-0.13467876725113426,-0.17969147915709827,0.06948114176030484,2.108634473691203,2.120655418497902,1.5142392063077028,0.00673869645808475,-0.05689037636457262,0.021665132550481164,0.031132016700421726,0.014063433241898935,0.8208582616333293,0.5857269301689086,0.03833914424145253,0.03921769966199839,0.008020723968146274,0.027562857939272493,0.030168479151497278,0.05399381959462232,0.010350085470759857,0.03862306260091978,0.40173460180335546,0.2758635816419431,0.6856015396198855,0.020032041894296193,0.006234427489501242,0.024058257045069885,0.03245152032148156,0.023096608502806162,0.012956026838061605,0.018069863110709444,0.019940936361685136,0.022825181157253634,0.034427799909120406,0.02353521679401916
sad,0.33845447321761396,0.3474880149599007,0.3722836377625477,0.30718379186686173,0.3419820046526371,0.18364307724776244,0.4371952629264593,0.37698943594156553,0.048905564074291884,0.05938789905533785,0.4212487965333301,0.8182684840749999,0.1950881932204425,0.17009260531630985,0.03318697801974285,-0.09587441866437996,-0.18599127842399482,0.05604689093742554,1.9726574306695492,2.332676970177995,1.4438166634993235,-0.11221573029037683,-0.05060889647898222,0.013281684071730936,0.023985507989639384,0.0,0.9405126218790605,0.6719674828366742,0.02446379707455262,0.034127032574652355,0.02605023675505063,0.029709812030318528,0.014491594924255977,0.004012660788436973,0.023643026159151558,0.03861099047956967,0.33521974416168826,0.3271976005180224,0.8465223112455924,0.014055812333165812,0.014662721120152773,0.015149124451698855,0.019155247247123773,0.0,0.012988578536958856,0.022994784248816385,0.02290209317027278,0.03505390968353463,0.043912098888532466,0.03966228480663724
sad,0.28092967849043693,0.31045009602819074,0.32274076550877473,0.33426971534337174,0.2933353490743171,0.3629489791873809,0.4704349002033401,0.4552064153627016,0.04943977153464052,0.009159966997421913,0.3399702799428325,0.8461143124021923,0.1895117823509724,0.21001244451189188,0.025245684435979476,-0.20015980433454203,-0.23540287208167637,0.03425560157329195,2.2410188497443717,2.3339458201789967,1.0268906700128566,0.07317219072591476,-0.013386113169048666,-0.04984552559655041,0.02069167062183567,0.025099644284528308,0.5481765302876087,0.6208865144223144,0.026079818904992405,0.010092827616882022,0.0,2.4540006033191286e-05,0.014565338767259394,0.002860562408033198,0.015479615362708803,0.04164425706524483,0.2621401612311318,0.37173951485222995,0.955876546512566,0.02530569107868423,0.015219597262817207,0.0179605257512499,0.025581712609112614,0.04204503509815673,0.013098903102795847,0.010151066322452324,0.002075486473857042,0.021340248422627453,0.001726064192367132,0.01397082587731667
sad,0.30064037705629204,0.19658721591219475,0.286838361631548,0.2338261831776588,0.27658933250385775,0.4768962059404979,0.45728697508963534,0.4148634966867477,0.10598148342120595,0.00810272902514687,0.4815651467452753,0.716267145330815,0.17097485796702594,0.13811009461804843,0.054502328514090315,-0.17776118985684972,-0.2684598879510149,0.06911099793971037,1.9156928337740933,2.573386534797265,1.3109821090099263,-0.0726946752888282,0.09667111592106951,-0.04067171098934447,0.0007181242843496173,0.010270613558233012,0.6564633160779001,0.7256184103313983,0.03847609095697993,0.017193562616537036,0.015885876445551506,0.00865625160722237,0.024289793198301435,0.01613747154192481,0.016437580583265658,0.01877944942344939,0.45516280620903393,0.3436269446820739,0.6073410293309314,0.025612414419743344,0.0,0.012152183742398088,0.005032976507704267,0.035642356899218255,0.014267874086942342,0.012710690501525998,0.019367907691707438,0.012260158429956123,0.014765573944004049,0.021262435335501123
sad,0.2200032454929324,0.2831531186746946,0.2959432265088628,0.22145138459188274,0.3417967778459466,0.3611238111859798,0.4589875655311449,0.4319955633896239,0.061148936755057434,0.04840533597951819,0.3788934879385895,0.7905320461143426,0.12323978432080591,0.2575934463139442,0.0809537770272265,-0.2169839896773692,-0.2936392487607134,0.04433015684320449,2.4978834834474446,1.9640434200736832,0.7981420074204468,-0.03376323476050145,-0.03862957070448333,-0.0808126138969047,0.0481776881953081,0.02406085272996098,0.7045295967102273,0.6253872793760008,0.026055204008334307,0.0003153235165671807,0.009068032630817013,0.02136705249879387,0.0,0.01606727102041502,0.015265863185652706,0.016065026984645302,0.3448918192179019,0.30041080741255033,0.4813561779674896,0.02188171161317636,0.01609838817164884,0.002121339894607187,0.02081293436683902,0.01616564746405482,0.014006688628392504,0.0,0.028875977660002612,0.003970336478581308,0.02082251331293614,0.009492510235374991
sad,0.3387620772070525,0.29718004572032186,0.3005994663857206,0.2020373549875602,0.2825361253373395,0.28200728545211134,0.468946592814079,0.3997508268837229,0.054635041408482146,0.022934845460101782,0.48103726121965096,0.9296040274483146,0.21062811710164642,0.12436269233570531,0.02175465992348102,-0.2713337737849811,-0.20284090149200001,0.061789171411302884,2.391468961517267,2.1942959070209125,1.0563072310136215,-0.031098121403838816,0.103706324257492,0.04252945606426991,0.01842638064538996,0.03876809093831953,0.8532593753146461,0.7452570187809635,0.024303256422445515,0.037359975070101636,0.016674048057055742,0.014917760103730165,0.018322712432020456,0.0072767131975454875,0.017724878263169035,0.0054736954308087764,0.5025007818899578,0.45436873910330183,0.871547487705739,0.0,0.04472206030998695,0.0,0.004421995023918324,0.011929319890779829,0.03700036899560824,0.022932455463971456,0.016830219743219566,0.009695843349612912,0.002112843041410902,0.03472415520800914
sad,0.1426106721551122,0.2152816875005645,0.30417330790402886,0.2796655636120189,0.269263691818953,0.2117418588088377,0.4579035826965816,0.4382477054965723,0.05877084640089215,0.011763170765794256,0.41234014312298667,0.7459908487550366,0.17519636470869082,0.09267471122416532,0.022557967565145286,-0.19289247377008045,-0.1074929112235041,0.018486996215064874,1.6958363074245446,2.531832485751536,1.4855738147066868,0.06389114088389118,0.1217205339383115,0.03174545015848994,0.022628242460844956,0.029127844079954036,0.6094875499188228,0.5887254093272748,0.021068396576880834,0.011442237921860644,0.02941550140333069,0.0,0.03156983142336884,0.02051106915993578,0.017208628708188775,0.0,0.30202113280021303,0.5198651473133179,0.6749681202359961,0.023619180056346674,0.008566083826900495,0.01962228972906914,0.002162023374440266,0.021298469305742532,0.024818331664512663,0.02416799145340523,0.008253397203627897,0.015553337206693479,0.026983523897761208,0.01725131126138472
sad,0.33618176034062713,0.21995660549774365,0.31404861646011356,0.33894839069681854,0.2719299164718625,0.2026018517710315,0.3411826718478633,0.39539545964298656,0.05920882633916567,0.005990833957705478,0.406786400664661,0.724844455818596,0.17134613689215333,0.14583880968834886,0.04863534121684753,-0.20004317878430128,-0.321421968174256,0.03846971413694354,1.7963990197713522,1.9539934256603768,1.3592252318532527,-0.022984430587208806,0.17131208477630008,-0.07607912950928997,0.015317726762137978,0.0,0.5752063030886377,0.7597654056581917,0.010102337767654106,0.03947067041573718,0.008863393285499342,0.026544304725613917,0.03347630159968315,0.025852521640048632,0.0021315783296666016,0.007747908500019659,0.5170070990386582,0.3195388543668023,0.8170811816682645,0.01440629861640573,0.021838685149848967,0.0019806053987276306,0.012092521528737523,0.008621017054283616,0.022932795457256256,0.02121156853630647,0.026014448651193248,0.013623207459795252,0.007907009073170481,0.022375478112076002
sad,0.2630409742953423,0.304033132383011,0.27602904602955075,0.20880715557406418,0.24162135553358113,0.38461669630916917,0.4233553739137833,0.3527372879054623,0.056161961167515415,0.012729635341693265,0.33878500332438527,0.7754069093408384,0.21699739043879143,0.11432831267779403,0.035343188697308923,-0.1751949293635503,-0.1552982158657902,0.05969251843613058,1.8250419999518392,3.0273309289253225,0.910657294454285,-0.08236711224056276,0.09705802737803293,-0.009161790927129005,0.02344937014961701,0.026341200394778795,0.5442661300159471,0.7337111662265905,0.013319428323767526,0.02903685155773354,0.0,0.02435468917297537,0.014642613254983134,0.03494614917858169,0.019428250512977644,0.03623998393836155,0.4507612765033052,0.3872491540951843,0.7945203171537154,0.030322760038852585,0.02613483005838578,0.0,0.007226713620062828,0.03799337600457701,0.0036727038793415434,0.03147199495085549,0.029183884538135696,0.010565219299433617,0.0,0.012604136226676953
sad,0.22812571466388903,0.34316879278057505,0.2673683829954945,0.26557515740779736,0.3777410709457443,0.34635952703484296,0.3832283903315896,0.37105664355752876,0.07026797438539953,0.020218246128642307,0.2915655186100721,0.6780748577487338,0.13870656753760893,0.14227984335803334,0.014193653009224864,-0.22398027946593985,-0.3051448336986312,0.041903077453270016,2.6501957646665066,2.3492666647829017,1.1291662298550644,0.1662412034906409,-0.0776949562988419,-0.06354058756794163,0.026620319729386253,0.016914865076134718,0.698018355666405,0.6836737852342081,0.021593651352790164,0.055964059097446464,0.03184463597257658,0.005937614198812502,0.02481288842045913,0.009707421513423636,0.025801259932778098,0.002122563577592492,0.28922205519160216,0.43439075624901274,0.819720293631763,0.02653437653378917,0.031103525348957835,0.024859641263929998,0.022242449287420314,0.013451987434640319,0.03056902351331836,0.03332343002674634,0.01917949601271292,0.018479961456877445,0.04068827555238908,0.019734516862389105
sad,0.23734230321735908,0.2996542099272232,0.2779847394788393,0.4013237366060973,0.3433646702660807,0.2523614170845599,0.449162408767615,0.4323146333892392,0.07291496028404648,0.013182095233222488,0.4132073303851667,0.9348882185133949,0.18216373865315708,0.15591984046334795,0.060078454188480596,-0.1632814289660201,-0.17288658298469228,0.04982454759023134,1.966152159819356,2.7479586276738743,1.013866393785658,0.006054869629277528,0.04358033169776055,-0.007824500476332291,0.03410479895609147,0.03407694596637814,0.800873468136129,0.6951947581615392,0.01367554702622904,0.021419440441969716,0.02494089563602968,0.012718158612557613,0.03733051175602781,0.02754109417839106,0.008401101580813936,0.0444773577940551,0.40973892751701774,0.2905896957150014,0.6003695052703271,0.03934118676314948,0.043724803910818684,0.03312330569525194,0.03715101243163277,0.03581600096438195,0.027239909985932863,0.024277543241542035,0.027018221528195902,0.02956820076086283,0.010359225915156823,0.029515463481057432
sad,0.3047804080804107,0.24621780737877694,0.2115254319353697,0.3631245472057848,0.2751976806987112,0.30147588629761674,0.3955949983596774,0.47107019259651994,0.06493058276997025,0.016870385965001893,0.3174071844666074,0.8970932047591245,0.20109564989813938,0.19726247460707097,0.05190921577790977,-0.17153204962120752,-0.20447222611011043,0.04926746392886173,2.2462543713993384,2.0774379990762255,1.6299085429634599,0.1166893477837614,-0.018573518549612787,-0.02505982282574376,0.01630982884888869,0.022646709102491707,0.7179758629743453,0.6007051385119352,0.02010172232524302,0.019943778570538077,0.0081175047965461,0.0257016625320153,0.0,0.04278520975141599,0.030308621504719108,0.028308590649493894,0.22633578875667582,0.320747132670698,0.8667214144966064,0.07396613816151482,0.0355310020457414,0.033480264333262365,0.026824664965484447,0.008982536455767784,0.0329372630816043,0.005684304617739921,0.004262392853181904,0.0034441187692996304,0.032684394404520714,0.019253617285942475
sad,0.24512199288709502,0.2477378372748205,0.20692588474428125,0.27226844475848067,0.24052814489820687,0.34621405030935937,0.44643884255867294,0.36825443509440436,0.04480894412565999,0.04412877845711714,0.3313465971625195,1.0,0.18390431155810671,0.23207617097687494,0.05517066972375462,-0.19725181911695,-0.2459941527116269,0.05142397401919038,2.070199065758082,1.9520354256151835,1.388728303798012,0.008068647992350441,-0.001386354334561599,-0.09005732329585799,0.033863636642236225,0.006425542650691852,0.6139129241379496,0.6229897196774941,0.004965255593505429,0.0,0.011282295525139631,0.015366769576734506,0.001263966666267751,0.022300710933111225,0.03511713194311242,0.03094750990014848,0.3873314346841282,0.21595883034788033,0.7858842808790857,0.021903098197839255,0.025516564419834267,0.04516933640393268,0.009277448816101506,0.0,0.006305090488473157,0.026318585887481677,0.020350036722724528,0.004196730315217136,0.0015436740187064028,0.01539008279437386
sad,0.24738987001475102,0.24056962704800366,0.2936823817821909,0.30234350730680193,0.31110764984244266,0.3144103555044649,0.41711217853613175,0.37867477666167637,0.03721834778220291,0.014869226233193821,0.5445636666661826,0.7443024611364362,0.16449786937727504,0.19378328181425383,0.04469167681773138,-0.1370412183424905,-0.268509875830172,0.04589552551486434,2.364754266925303,3.1335436527516873,1.4189797008064922,-0.09968757359054445,0.04685700764290728,-0.03291415109010152,0.018223499506581132,0.01935631524747876,0.6556063093741045,0.6676399290155103,0.008984474513478407,0.032175719385120705,0.022685918660396227,0.019416869545400922,0.003475110104732053,0.02080972071037796,0.0,0.012438558527580985,0.34369022935208016,0.42869951930876193,0.9255820029934354,0.027434797053650685,0.038829226944262975,0.0283877582503465,0.034625695365939,0.04414265558826038,0.010486121180070685,0.009637642356290456,0.02869454170620518,0.019952180097190804,0.02286459982649049,0.01676733040260431
sad,0.3156923974805603,0.3072598708579834,0.19789130852634734,0.25430708185035233,0.2635520191477573,0.3451667290653273,0.40531859576277796,0.41657640773556776,0.024491171252767265,0.05023685231729908,0.4049836933117648,1.0,0.15999685692308677,0.16487384790788773,0.0834719814616868,-0.25666886428026514,-0.2332811758941534,0.02879868190561187,1.9683746248209735,2.2091193384530574,0.9785801062508583,-0.047700697361977386,0.14586882018975225,-0.08798888910559315,0.020460742486182258,0.0,0.6121413821697563,0.639165202958003,0.002329404896721836,0.03967184337884199,0.012272041127634907,0.01691270484795712,0.012301150869108865,0.018939640434402383,0.03700587321557865,0.05214920545100517,0.4745639203700659,0.5087993766971771,0.9059712977772498,0.023235323997963943,0.04041326135695431,0.03030121472107524,0.021871835671050437,0.024554433447869083,0.0,0.023797550385799948,0.0,0.0,0.022507422957327924,0.005516978262399294
sad,0.23298568683381074,0.32673148388902234,0.2753597677037639,0.3242591624094139,0.23419582123291516,0.28573379545632105,0.4638917793308048,0.458807105272348,0.03604737804882311,0.012907743522527009,0.3307919288955327,0.8498970299652155,0.1282345009938584,0.18468022891227376,0.06107992196819977,-0.21140211455204314,-0.25543637695967064,0.04614127786645126,2.4429135877694215,2.2191240816063313,1.0541602361922433,-0.0005691001042702164,0.01245910674148783,0.014643968065370792,0.009001725332199303,0.0052123762389796584,0.7135021989736364,0.6337867044403426,0.020712528177702926,0.03657033503054016,0.037317049437062336,0.0,0.028421850750242374,0.022933410034245462,0.013999317011102826,0.02425988793136325,0.22736167647792144,0.5462642342776399,0.7617932916486289,0.00875242931717543,0.01238966711634619,0.0,0.015918555752128697,0.013724484295872422,0.0027735649673911317,0.030097129038227116,0.03659836346602818,0.01964431362942179,0.016026590522997215,0.02565479982771332
sad,0.2645853276491024,0.2929057029127882,0.2804855093295764,0.31157031589929135,0.2161344609193843,0.3532174195267943,0.42013663536034046,0.5221083621660061,0.04321639852191277,0.02420496043642184,0.5980453413545952,0.9795989734992347,0.17749767004678738,0.15200350705209992,0.07674466142615724,-0.2263640634470628,-0.2243727449891127,0.041712781877103325,2.0384657146621428,1.9124655685997032,1.4071354087990366,-0.0015711169996034456,-0.09739612946080677,-0.0522142389269809,0.016388635023062405,0.004203834434390562,0.800322871644811,0.5895035824355236,0.024349894792499376,0.03093841296774676,0.026162446297466162,0.0,0.029039637112711236,0.018692021085353335,0.015722626941556676,0.01858202566332211,0.23899672060589183,0.4192170914661803,0.5362730351548828,0.016284083775763795,0.022031437609996738,0.033962482143838985,0.009345028921823711,0.03887063583399786,0.03230909229569692,0.01441767334762303,0.0055862595367661624,0.0012303896310045248,0.02353280006993081,0.01041530605596942
sad,0.2921485702647043,0.24432556342771,0.2804445996551778,0.35422941315321865,0.3064476132417798,0.30967715685621794,0.4282058683563367,0.35227604038858423,0.056857160623783584,0.02207911049743665,0.4625028128888395,1.0,0.17252790063059598,0.22974712632316158,0.04487896279177739,-0.1701137158368918,-0.2686689658287614,0.0580807615861562,1.9776408206427274,3.071950732375442,1.5311947436495175,0.09594854442253724,-0.061157144684544335,-0.07205367840415777,0.03136119730441807,0.04003685644238237,0.4652942622969144,0.4794346708070007,0.015819712633794232,0.020536002548365406,0.017423303564704347,0.0,0.03497069218220741,0.04800457703364018,0.0366528398292441,0.03411180249422413,0.42261196051456035,0.3157002629272863,0.708703366316316,0.047372644478939546,0.015424154537408271,0.01408555577828876,0.03439494756835088,0.035257918659692744,0.008977276524927554,0.016600700027913508,0.01347522855328135,0.020905961927794176,0.03434792672236941,0.009547642225334815
sad,0.29657920598728543,0.27496023437927825,0.3098851658100316,0.2814569569162034,0.2012599782156496,0.28075830605831215,0.409748255637231,0.3563073015780075,0.04872188417859638,0.0,0.3756619215391165,0.9871483887868124,0.18358885855411458,0.1741738252938575,0.04850321796590875,-0.21136257749911322,-0.24935100883464792,0.051016512115355996,1.8074187571820093,2.5510564481921847,1.2081072885348034,0.08717318497895493,0.009148612402917766,0.18609537090514225,0.017839271123446077,0.051473611471728645,0.633115713597883,0.6164918905552379,0.014508889580299476,0.007377790100006804,0.02891666567796424,0.011078789415747147,0.012616674089029212,0.013002859725998225,0.007195734293969355,0.0,0.3537060132840807,0.48733353127122914,0.7236375766558292,0.04028747851244563,0.02976243196485939,0.026811542533562584,0.0444744372944853,0.018737107264958253,0.02081998375556438,0.01985096251841821,0.04006922750538615,0.020032699113968183,0.011572394136997644,0.027639781993517073
sad,0.27015106127406224,0.30942220174851504,0.20263492362396573,0.30896291667287423,0.2745479038433297,0.5289810861827617,0.4262330027856083,0.3961443180086625,0.025879719619071068,0.036970280558325457,0.37549770963333556,0.8293188097709985,0.1924430709183352,0.21501417500911765,0.06109417633116676,-0.17920998307762553,-0.2404485917867968,0.054060648824412305,2.209328786329384,2.6103941614528097,1.3613793062402204,-0.06530078488456224,0.04801243613525326,0.033107274731346795,0.020733393206336055,0.009381557544205294,0.6326849956275159,0.7404536982481996,0.0,0.0,0.03193758957810022,0.039761596619067266,0.0035523995447468426,0.021305970520827635,0.014805913532078805,0.01660920854085889,0.4305531008756416,0.2707129770989251,0.5671338999409118,0.016083734752024074,0.01811011722737592,0.00536258362610577,0.030265419772259397,0.014571707349556567,0.01451637112113101,0.02367456427298871,0.01832419241112251,0.030887198567775574,0.007865507008591335,0.0018339742381748396
sad,0.20783681479158655,0.28947948468157525,0.24059541049962202,0.2201118555646194,0.3530937710772734,0.2494564261658326,0.4659924641546143,0.42113883164437704,0.05515828008596781,0.01725050330074091,0.21413864288180126,0.7766400601143101,0.1753487499904072,0.20404207178576914,0.018680704608207886,-0.18214406831441843,-0.31733584523284186,0.05410585288906895,2.093694744647557,2.7306718549171642,1.3562954191545034,-0.024783005103888606,0.00542125556415116,-0.09926047552780164,0.025966868690562375,0.03118511665661747,0.6079589028891395,0.9887740893520575,0.004155351745566544,0.013139174887178823,0.031717661575709606,0.029785376963192903,0.026336057248850537,0.028779142553910404,0.0,0.040660883028991845,0.37961090411333853,0.5245894182270852,0.45597681052384526,0.023335390545255484,0.012674470371116967,0.027437561970556947,0.024121915882094995,0.024758621367489318,0.006233758052990609,0.01925940142935806,0.017657828376918566,0.026439030542196623,0.03286086094063507,0.02195618698611199
sad,0.3655922770033649,0.12533122273659966,0.283293843992132,0.3512665738890439,0.28997201430876113,0.2631927263884893,0.40932143139666044,0.4420875794173861,0.029901775448437345,0.03545295247092182,0.3960804905811352,0.8074087981979887,0.22160095597175172,0.1305124601532018,0.04028382330247229,-0.20286700261140655,-0.12136348370583216,0.03801213654880975,1.399636303337466,2.2303647939821243,1.243821263922479,-0.10209378307108789,0.009682092861009123,0.208886098272741,0.030193099105586853,0.04959501601475604,0.8188277085183058,0.6725507112698182,0.008411598921527891,0.041112356607515665,0.015208673845758991,0.011443955929210138,0.01457804057199709,0.003720252894341476,0.013954738814777316,0.016969591710280597,0.47306566058121186,0.36119116648989813,0.5479048909793781,0.0,0.02272440671780051,0.020944136095099923,0.012793934754228818,0.013923066013603078,0.02505033012638921,0.03807710129796152,0.009858120406128157,0.021155736870800624,0.03245751525206921,0.009910514227435751
sad,0.2887619373278124,0.28164032328743044,0.30886438097899505,0.2347212438936608,0.30054837118936734,0.4105387250924647,0.5030999932764915,0.47120517075886437,0.02940124865112076,0.025863684866567142,0.36617973975272206,0.9932948404523129,0.1514279818862538,0.12403127248868645,0.04397094832275293,-0.15109589213559937,-0.23272001467157133,0.05705158754850119,2.170313854968298,2.602709121754256,1.2574301636719531,-0.001250569165064428,-0.0034196042778899594,-0.10490361880348152,0.016429141423589963,0.021077577298455014,0.8591910049843628,0.6670437234801367,0.020553325453900935,0.021337498593943193,0.017167189261889145,0.01434037247162956,0.022712820816750613,0.013425702374531034,0.0181083059167962,0.009723308815158265,0.4108011804534318,0.45841949441760277,0.6745702168106901,0.0,0.027674830072721132,0.021562389955876886,0.007087991149825022,0.03005251315020255,0.0018204723906939842,0.03359029899921809,0.01925423394458623,0.0,0.02231828463442209,0.01471949921481783
sad,0.25477018857930867,0.18345210735420397,0.34614753010721466,0.2865603289221007,0.2597435741266955,0.20972610539637349,0.45082928269811684,0.368062721236139,0.05234477778251442,0.012412562975643443,0.3632206237606368,0.7817071715261752,0.15704818099669857,0.19033927707301404,0.05411796396110738,-0.21142369925131912,-0.25545606414624483,0.06554795254198238,1.5596457189915514,2.4476334624690734,0.9850557540460001,-0.04454794334585091,-0.06639531853105965,-0.010177263268789817,0.00631510576248509,0.023393149668975308,0.5845698237598929,0.503983624851788,0.03721568149690984,0.031961163686313784,0.0,0.0008324343359731173,0.027714941927142862,0.016296640170512897,0.03950747037661445,0.028012373181033133,0.4299465523853998,0.2978137308174563,0.7589728353837365,0.0034150685882439295,0.036968178934330895,0.025487801657237144,0.009277202502151296,0.030460806565720092,0.04913982355877236,0.01717097770247714,0.027155371465986806,0.01438621884401698,0.021109578829038488,0.0004059507195911839
sad,0.18665983813942583,0.2653940601263955,0.34698209532721386,0.2867025677310684,0.29057621568582515,0.23333927800942605,0.3826957847894897,0.3469658493666739,0.0389887331662273,0.0071383842835423955,0.40826271835599515,0.8298805991303809,0.16225513355320526,0.1725900923672801,0.04915710930991849,-0.20114089025619364,-0.3137071653962279,0.05150091276908717,2.446932045285999,2.4984959889110177,1.0477930393640935,-4.236108046920845e-05,0.003921959684755027,0.14391982214757987,0.018399096733782875,0.0,0.6332716700553362,0.6019574757091433,0.007865015345915341,0.010222721419684416,0.014666951479984591,0.03290195758808438,0.03419678541814121,0.00793437289974846,0.013264994147835885,0.013596330555248485,0.4809545515550125,0.4145506552631617,0.7111347835169249,0.026971413974475465,0.012246625690657889,0.03773052546660274,0.01997731945353738,0.008873138199505129,0.01701467683062808,0.03601506821470234,0.014473152232210962,0.03234425138758281,0.011870504693970219,0.010046371941895019
sad,0.2982845519492142,0.23457311540768525,0.2762849773122947,0.26981741401922543,0.31919371061679824,0.45102385959643354,0.4051718158845031,0.44135105095434024,0.050427711229181535,0.020312750139821343,0.38843564154879334,0.8192438394313879,0.19240017812345084,0.17888344262810355,0.03416599853457229,-0.13943306951006806,-0.24405942263785943,0.04600826824649332,2.535518399792547,1.7568792203362935,1.3941990278861522,0.05276779284754335,-0.07865753045811667,0.06580322001293565,0.008557556661229175,0.02274992301240176,0.5794323495055147,0.5392398751457091,0.037080524837589654,0.04413081537613871,0.01712406654153598,0.024361171128525837,0.0207408862716125,0.04249658888558712,0.0,0.024902604736512863,0.3272873685856067,0.16440359785288214,0.656736388308491,0.04402463428183719,0.011471360524794796,0.030279951585339943,0.035582738561823764,0.01983494156594621,0.021565923039346794,0.0,0.010689869778755594,0.031791099116289946,0.02078882826148188,0.02477543873876787
sad,0.3634813222352882,0.2869421675547501,0.3680983466782015,0.23262620509080173,0.3101558714196973,0.2685050572861224,0.42557889343400157,0.4688950505066451,0.056629168093764046,0.0358649749703502,0.35308452347082386,0.8245177452276332,0.18059588770607884,0.18851189113194322,0.04674746104557663,-0.2183452690268274,-0.1780809046088867,0.04365034898891397,2.563475389719122,2.4548106203645323,1.2793109232697841,0.010652606374644076,0.1972803549866788,-0.03444158649508809,0.027250225358527877,0.009284428375438919,0.6940643505862987,0.8813999533360527,0.02327095929030464,0.03171659761427577,0.029012533979698406,0.023991645558744834,0.022424223330421704,0.027115102268576906,0.029922673104182968,0.0024218672583360516,0.4247302889096455,0.3815922119252683,0.653016778761795,0.03684753692737146,0.010469098775169905,0.001868002215969975,0.03034431093001611,0.0015348798647994398,0.0,0.03180747996986955,0.022063389257312348,0.026145355155794088,0.014248441527864912,0.002002720289082747
sad,0.295966751166374,0.25595218722221025,0.2896218744629959,0.30853314705245366,0.32127397549334896,0.3399586021831199,0.4062439763688302,0.4273587706653532,0.054130142247353054,0.0,0.44525680221016434,0.9728661849235882,0.2008698080140121,0.14045652157528038,0.04447396943465812,-0.22366117826262322,-0.2053239174272275,0.025410460513801355,1.7981871958752458,2.651703583422673,1.0441950860609863,-0.0948629770894134,-0.024497000948815538,-0.10179222863344334,0.007930921461742237,0.03178735258402238,0.7637254107910242,0.7366485431049199,0.031033225761223818,0.016989469373805268,0.017340291329724002,0.011574943379063165,0.022180479180307706,0.013137321744763975,0.014370139322949298,0.0277987056417777,0.518453924551438,0.43982602542700955,0.9153179038291082,0.010828297563574273,0.0,0.029290162564664206,0.009966163815592491,0.016442000856920273,0.0,0.008310266784504257,0.00047104358446992817,0.014354057575536053,0.01487083057952165,0.021169485350126718
sad,0.3116168026518686,0.2858112442669559,0.27491302553412295,0.29875152585345255,0.311250383544744,0.24464905671891476,0.41270596569901435,0.4673575649556733,0.037681648772553165,0.006611456309723759,0.39568048564883046,0.777588615344657,0.11625702450618947,0.17673801368261957,0.07535088297986867,-0.1815441638350757,-0.2392853743331072,0.012722403732355309,2.242390785043308,2.4852456126444467,1.0376556716407588,0.09917783714841402,0.06092156384080368,-0.12977357089683847,0.022340656128230864,0.02221158102305348,0.5228614485970478,0.6898224472135892,0.035562760492853014,0.017036760818844286,0.008721275368317597,0.017691459092577532,0.031109971535837576,0.004057855089135462,0.027521257364194356,0.01118581203923375,0.4242063081379738,0.34356687249544365,0.6319579653902127,0.039800233911055624,0.0016818743230646062,0.026309760308092074,0.042507217341976725,0.028911785044146696,0.002695738752490632,0.003339453384099727,0.010228870103596781,0.02205280284975837,0.022937255023157677,0.003467944794103995
sad,0.3832041637791359,0.23147427258758074,0.22919819267693903,0.23767728376708855,0.33495495141832277,0.29669267229159185,0.38415093807320166,0.4054881766488667,0.03614856973324023,0.02384658665546019,0.5879063624757435,1.0,0.17655942494102753,0.16439844373171383,0.02649049856701513,-0.15065241074387858,-0.2092387492980208,0.04184323255791089,2.4943335444563512,2.45796786942912,1.3025559753127047,-0.06982059667575734,-0.07303342382820181,-0.014459744649191426,0.02385056102642915,0.017697233561590704,0.5354138466431015,0.6325356089164794,0.03094665869563301,0.013394243545307449,0.02571663814284132,0.005924433533687955,0.030140758369694657,0.024068237374369503,0.004372560135125485,0.01708781119421904,0.493144090931837,0.2740967459346776,0.5714859713650078,0.019096539587775588,0.047733299495618525,0.011256484907486526,0.02643856199461144,0.023381760298817566,0.01233624129654793,0.022094733573203375,0.014178149392765583,0.015348537728485347,0.0,0.01968232894673782
sad,0.3101770271891409,0.27690385207082857,0.24734787124364546,0.27325549565512275,0.2191219239334583,0.2786336887921339,0.4258399503425661,0.4886168439119693,0.059245605657380344,0.0087568982582063,0.2992442207136836,0.9185008067013026,0.2100352845326267,0.18150627103726608,0.05948472306259792,-0.18724501797008752,-0.20697997391706405,0.02204798460265093,2.6213591890474826,2.0300374982955494,1.306046748670279,0.07192748052980406,0.005168319730171696,0.08724062086579439,0.016461608069303583,0.018494237295230292,0.6210677712835823,0.6806725502061792,0.025947819062651638,0.03375869965369989,0.03830333547376592,0.024313680108097133,0.04227776510918796,0.021208643056692213,0.03400672470928801,0.025573355747779917,0.34507953685746345,0.41812341543798437,0.760380625301095,0.019581424291766104,0.025367134733968233,0.031249718471249632,0.019696149154053395,0.0,0.04181751196941383,0.016131311407135727,0.009297357129180128,0.005386566156513369,0.015626203269662617,0.012684278192879234
sad,0.3855788989321613,0.3226697230967749,0.3383751056072377,0.2792424482704293,0.30575659510528175,0.33411859233842295,0.39361768425428917,0.4029707971780353,0.06495465927082884,0.03417380581630142,0.4047187188660681,0.7677385299312443,0.16906309662094665,0.13450875132152396,0.05131604217210772,-0.16978387554914323,-0.2662426252622666,0.054229946391706085,2.235492902702248,2.5469654211974393,0.9389184262173649,-0.058960757110775294,-0.06139136428601158,0.04237942592478579,0.01670756376833497,0.025327958717461484,0.83944541255672,0.6173689099713563,0.02716092260582543,0.03141597485500971,0.017443839921156726,0.034929300717335424,0.03562825980860165,0.03794500154279548,0.025959618196811914,0.05068178424554797,0.3384716887235659,0.612407758617894,0.7921959386390118,0.037425035329347336,0.015839509190957755,0.030978171138528916,0.03855066412763672,0.00586433763158966,0.01787675833639955,0.0,0.017681671300960964,0.009391893485018878,0.017169020056432446,0.05800736364886058
sad,0.32154441652708043,0.2624293514913614,0.2892719953642446,0.3151790214078249,0.22593637449259768,0.21749365167310813,0.4268918687376396,0.42397610111927064,0.037600152480197796,0.00967311018190002,0.3937154525230156,1.0,0.1771700264749658,0.2524751369794725,0.03782314041590518,-0.17227560794180696,-0.27125772574624035,0.06028931656222943,1.8459839382768113,3.1775926521326427,0.8489273178340149,0.1374242805437759,-0.12955027830305688,0.0444590641279524,0.0423012431158432,0.021169850098414825,0.7162909498096296,0.8101429883710349,0.031149599437158903,0.010509650458690203,0.027801164218413825,0.04427716164425002,0.008465207741909307,0.04753957064552171,0.025014132317591333,0.014368038965036654,0.31067106153917456,0.37767129255917253,0.46536660027154053,0.014601821902235763,0.016581945829877046,0.0060326225615385445,0.02972198753375668,0.017156038258737967,0.011734670920012439,0.015770658844108935,0.024616397153106012,0.020951875736070925,0.01088732385486149,0.021633495162525773
sad,0.3101255900618862,0.30975118951461844,0.26804185471502356,0.3372225037132287,0.2461024476658458,0.2240809729445339,0.4099498014682528,0.4799026454434854,0.052856903464418604,0.016420244474344963,0.5080896600844653,0.9062418886314604,0.2626851297795818,0.1703155997406013,0.03229474723810223,-0.18665447899407503,-0.26494505565022103,0.03586490041388755,2.945641575401492,2.570281529346482,1.2454219215555713,-0.004054076605300592,-0.10255178008339312,-0.023080375480580843,0.013995569527220024,0.012490297998313311,0.773067002686124,0.4488989872892287,0.005142761853725208,0.01678498942710179,0.037563614973246055,0.01513127935139684,0.025409970244564553,0.02036047283204519,0.036851359368178516,0.0,0.4735963203722777,0.3801101070257403,0.8109861032703289,0.0093493326206959,0.0203171099082169,0.018667412758135108,0.006968338872834635,0.0033546308316894716,0.012454652295779148,0.021689104676934995,0.010160141084041594,0.015709043680638368,0.0,0.015181551033711509
sad,0.2926699417007365,0.23693045942910385,0.36447081153115285,0.41372693785826475,0.30906529968882857,0.5072548668849194,0.3927927051385863,0.36995683039724186,0.037581584303352934,0.01714662655402512,0.5618446585842074,0.9071232330705912,0.1481927349262512,0.15540933390626868,0.06995038696075741,-0.14010793006763855,-0.27912869118121664,0.01717377796864978,1.7332070979694825,3.0997695486560777,1.2867406507571024,0.08188693173000054,0.06346622933730747,-0.006953754962171484,0.020850997882257968,0.044294831250963757,0.8849991527373819,0.6456872477646441,0.019771567113088334,0.012433393132543002,0.016300157262693245,0.0006777753145984257,0.0006249771096072214,0.0,0.03409638108995278,0.0,0.5949962298706155,0.3269622108800595,0.9084819888139043,0.01525429354274883,0.0,0.03668912567485111,0.03822425315923193,0.008221336996528859,0.01568852053423314,0.00822465282470727,0.018433152972049654,0.02140177891673111,0.015432020231499428,0.0
sad,0.2629730873667913,0.23159961965840026,0.24827732880172396,0.3774921458620078,0.23731225087588406,0.35766584773481835,0.42188220883614097,0.42979242652485605,0.03718376508224419,0.015426894241377078,0.399599587387963,0.8705982878970975,0.1922629878493523,0.20761140212073823,0.08802236591334862,-0.16887239882550514,-0.36473455933113025,0.07035283391467691,2.0337420414682374,3.2095018245086626,1.4306500992609765,-0.04647034520720178,0.06331668871986376,-0.016711963407673284,0.013431524011749636,0.02938473619032528,0.5787253822702535,0.6503228991697633,0.0287878025866014,0.03446900267860463,0.031637675775521124,0.020974865214866762,0.05228451070105582,0.01525473471514784,0.0,0.0016089091622787793,0.5474007730122343,0.39233470801531956,0.719086899766491,0.012947189560983622,0.014114867769110532,0.009767753807659166,0.026124960573291153,0.018734061072017694,0.025655069911444218,0.024412699009127282,0.014463576462772347,0.0010365018710637615,0.0,0.05934647069203586
sad,0.2804945061556823,0.23760113479607514,0.2117717310513737,0.2676174563793364,0.3729401729886268,0.36725962935391754,0.3811980799351191,0.407407357993701,0.06310965550889017,0.012577371862564614,0.4055710371382911,1.0,0.19446443041823283,0.199784598966076,0.038560299458806076,-0.2020389835007526,-0.31801899109123755,0.022676609613710236,2.0627066589506757,2.758138004506665,0.9060280394756737,0.1182538755538648,0.12061643102020927,-0.05396854455895162,0.023548652173615344,0.030200205773984135,0.42959194774143855,0.6175302679836537,0.041400732605958855,0.027175233230845853,0.0,0.02855841301135094,0.010279421675031725,0.028986990091205873,0.011028937034189938,0.019310578222644453,0.34624572314370505,0.40031577227385057,0.6319263791306785,0.017094002859791787,0.004717134891961192,0.02637857474038189,0.022278707712371025,0.0,0.032907916582625055,0.017708256524491546,0.02210291115106683,0.029939301736379417,0.02426714915067979,0.0351476410599917
sad,0.306396938074348,0.30098871698549107,0.34451797691609537,0.33967768054576114,0.27563799858295845,0.24869863648001217,0.4180098340962067,0.3895959423568301,0.03158663647678893,0.0,0.29155160695199034,1.0,0.15570949076369825,0.26328322154311407,0.05705520552022265,-0.1819903208654442,-0.340036307009274,0.050081705672580856,2.714959724264675,3.038007870866319,1.2104599120963544,-0.02346364177643288,0.09309864476043356,0.00983396942458567,0.005067311243234793,0.007556850511761019,0.5476889787929048,0.8033785912835241,0.04121236566941387,0.022546606854578613,0.016059954338199005,0.040133236456592794,0.007278543968755586,0.020673703258804757,0.026018557994099696,0.008783592106706808,0.3364085778608693,0.3286262420812397,0.8700072227185702,0.044886774601742147,0.021492302893075292,0.016513158368443765,0.012202066025087149,0.02002270207485428,0.012847117231321734,0.018738606849382132,0.025372026699051003,0.014730931743725213,0.017535355186016732,0.01758909169406004
sad,0.18792172649322503,0.3618625526680657,0.28704753208655587,0.3335509666792583,0.33987927807318813,0.2433552671975543,0.38342565775283033,0.3787092286138469,0.04567630947799971,0.029089660990163378,0.3591366582345423,1.0,0.09238691490213564,0.1751556627239529,0.07042490393320235,-0.1868388515613174,-0.29974861816997,0.038505243612592055,1.1158926670028304,2.0680447561695,1.354532412542315,-0.025405074778091112,-0.03973030893145899,0.06097572823494448,0.012426164030348989,0.013960923293984068,0.3701825375556311,0.4542994648264926,0.03547063932179679,0.028024823048600295,0.0031332925912873934,0.011802558909548138,0.01962075954101582,0.004450339481962171,0.0,0.017930264963287337,0.4572608562173241,0.45918573197299545,0.8050284862650575,0.0,0.020752724827750205,0.01651013226502142,0.0188661310885365,0.017246838762756216,0.011414173652102295,0.0,0.035103777267418756,0.024289872151176155,0.0007042327620254002,0.02615071148890582
sad,0.3079203845779178,0.23840917428115768,0.2229645963232888,0.36224596458332975,0.2901615224628301,0.28820108880062334,0.4476985648110666,0.39329653196615294,0.04180731947867951,0.023974298506396863,0.29210356782753644,0.9837176046321526,0.15203867601028942,0.22293569480952322,0.05956660821987341,-0.1634180657209988,-0.34641751891327344,0.04819058058445816,1.7173883678653599,2.436083876626173,0.733988539452288,-0.0357843845601176,-0.0377075084775957,-0.06147316811912262,0.0,0.03545743691492244,0.6942863811207873,0.60754209830244,0.008186336805079105,0.0059046990713677895,0.022602024816150836,0.015532779975299503,0.040106413383124595,0.017598071639865452,0.020763366399178935,0.0019494549152801743,0.36393007748228606,0.4176991405067986,0.6552657146544175,0.01368682906353498,0.0242498251329992,0.039692702660292865,0.021884601814001755,0.03487442168515079,0.028080830907744173,0.03409659387068206,0.012073640996493709,0.017309942565202775,0.017363943580059358,0.027101604075331687
sad,0.2507067631969686,0.32603963275075454,0.33282209099366517,0.33726229902585647,0.3073793380914667,0.3570658665923973,0.3842398213904604,0.4279344905744083,0.05525893334443965,0.0027162963790306922,0.43322089770576644,0.7595551443335231,0.16416702297735106,0.19153079693213748,0.03721211326892589,-0.17669783845518727,-0.2460065805738268,0.03564682131122029,2.284591699117908,2.1615309200018977,1.5809872849511837,0.06339302577694914,0.011255057200070206,0.07013652619006913,0.01857677529670214,0.0047731761151295765,0.5318789880543474,0.7877096557637961,0.014681028553660097,0.0022710704982104105,0.031098265712660972,0.014597539458884925,0.028494453644551568,0.03216235833352965,0.02356802600451108,0.05114679614390934,0.22752575070667763,0.3182049924728192,0.6692859994475251,0.04939525587190559,0.04337403211132876,0.03675298127612091,0.009676388770303168,0.011192308382984413,0.009228719543174096,0.009815450455470083,0.03940515989458767,0.016831027395854032,0.01855052385962875,0.030067028230004608
sad,0.26469042413096744,0.24950612391412097,0.24682500120637466,0.3124069993688501,0.3121667371315881,0.2824143528612812,0.43482737371964625,0.385255418365858,0.06192775270818998,0.017319412711951126,0.3661435506503472,0.8287992812152953,0.17106829396273276,0.262019611388568,0.04889200902320468,-0.22577614144573754,-0.19487085599289722,0.0417412523736443,2.192221676414553,2.221363142213967,1.395662290170343,-0.13308223792271798,0.0047381239142225175,-0.08774973829383367,0.012320123163602467,0.03817215372150797,0.5240887298565456,0.6148512337141425,0.038199945216788156,0.022186264922157403,0.04952905724347323,0.016501174159905777,0.02334155708848876,0.04476694053663463,0.0003189981823505106,0.0,0.3204491822790592,0.4813372689473326,0.5068178580001673,0.02776163773530626,0.026847187028355615,0.04618707303162545,0.03359130403166084,0.024732653087471086,0.03766872815698848,0.027005751234493267,0.014019089289846371,0.005120124898364799,0.01259824715198995,0.01947903963088747
sad,0.2814862520165712,0.30847194713375176,0.3645936458903303,0.3102109444494898,0.2499740418063755,0.1545536493118822,0.44748043832449524,0.38523650562090345,0.06516964710032358,0.038166461978113395,0.29191476638145786,1.0,0.22782702918255573,0.22923301402329085,0.01331335985406703,-0.21414608179174816,-0.3268108303450254,0.05916077321507339,2.234331152632787,1.4315458160774142,1.104646981675677,0.014001472427968308,-0.1921676038278083,-0.01756482679391955,0.03040935779443439,0.02192368788591359,0.6675520303399833,0.6062007575937547,0.0062337677660291805,0.01977827428942371,0.020677214866056618,0.027998308764328423,0.029054499015841007,0.021116198449122138,0.034233808739602814,0.015125979314234978,0.25559754301202664,0.4477053669418206,0.7151655465267105,0.026460109703838226,0.0035621324723219376,0.043280349151943585,0.029236531377627342,0.016256040417011362,0.007839109102459609,0.034002994335619235,0.005676992833169867,0.04939774272229691,0.012028335781308698,0.042366567789872946
sad,0.28097949168442843,0.32184696516886946,0.3144280111081828,0.3605419008511836,0.2731890336859139,0.30678466982798486,0.46993554303992285,0.3917897799312419,0.060019468569572035,0.017150916882889247,0.41441118746078237,0.9628939080032033,0.15083352342095632,0.17996331210328576,0.05253631441134236,-0.18410895994848514,-0.15563584301234568,0.06767422224428632,2.1942436620103867,2.161912316023388,1.0083797510907766,-0.01475790280581728,0.1422672037938277,-0.058789480546121285,0.04565954345864534,0.006871489331061473,0.6636631541780629,0.6933138457218415,0.015952792530717023,0.006971351060494327,0.009796343692915668,0.01289543497004763,0.010776592701728871,0.0372603651113521,0.019881362084855827,0.013190585685081042,0.4106958043867206,0.4667955905294915,0.6586456352730904,0.0317257568372869,0.003475091933364736,0.035226947217513384,0.019883619582961132,0.01937583942722753,0.010990813781956913,0.004037948303325625,0.0,0.01008390330365278,0.027639751867830582,0.007503380510039395
sad,0.2620339364215577,0.2732975687713763,0.3336955299946977,0.3687089940950319,0.4103004377964127,0.1700074146641145,0.3857646431865466,0.44793940628239015,0.04205445372831206,0.031190224108040017,0.4144979401080379,1.0,0.21858049621550937,0.23084914012252078,0.04279224684786032,-0.18389843383873086,-0.26831520745404136,0.02364688748612663,2.5783250080360482,2.7313837090883126,1.0965150091691074,-0.12387585485794474,-0.08181587797540078,-0.030786665400345213,0.03695970259697966,0.011805220592286978,0.42942386378536695,0.7708843703472338,0.0033787169694920356,0.017454918946888217,0.022679599530188884,0.025011049481603903,0.031029213730649353,0.02755106854147766,0.02714860284530635,0.009720226833265613,0.42942435572676574,0.2494450029949894,0.8874565238143395,0.001766657290363089,0.015496282096167519,0.002854634892651812,0.010507838283746523,0.020174569400616665,0.013126144719291976,0.03487520135589309,0.022949713207516355,0.013982173520028292,0.018263434910337398,0.03585610594172717
sad,0.30468907057158734,0.29837506247340606,0.22538015984726437,0.3412019624118643,0.2510019222897482,0.40430614190850733,0.44117796624998484,0.3747230219741711,0.0407411577243903,0.012896012011127887,0.41119137049116317,0.9188935230530951,0.13761691020487402,0.13632102287043082,0.05960790835196258,-0.16855052541743346,-0.2436677465676981,0.05473780753180806,1.8988512770543637,2.519457115060117,1.627085023957105,0.0727096706627573,-0.10248938046138699,-0.05445213713116839,0.03526937256971286,0.016250690137522117,0.5871953903478512,0.306747272301012,0.03389302398880108,0.030225869599072565,0.012930236399405597,0.00138780012259734,0.0049815232385335625,0.025777172212232496,0.018838570462387315,0.028990696228894657,0.4086443138368184,0.49667588321164846,0.7443490168470696,0.030774339942088853,0.0,0.003953507583533019,0.015263428291460844,0.03403439420370315,0.04444688643888062,0.017864934828970586,0.01204945916945366,0.0,0.03122632893295113,0.0128475225224718
sad,0.3189151039465483,0.22653025123528894,0.2920714770094665,0.3424259289602756,0.2876111294115879,0.3670386168441839,0.4526382863739464,0.44385354002376526,0.04971171605916865,0.004725778839020353,0.3946250237167337,0.9768498612166661,0.11058611777160049,0.19651555966566675,0.0483059778658225,-0.23186504283139817,-0.26998038344150543,0.04454268893039977,2.7272807233853613,2.5330946756819563,1.350632326241886,0.2366667735486524,-0.0665463528031062,0.16842200774885316,0.01846840104162157,0.0,0.7306810218585948,0.571017592449495,0.015637198310157162,0.006311373761498882,0.02094598223097768,0.03384731870109188,0.03212559541017014,0.040620463601207135,0.04246347295340345,0.0,0.28063794390708685,0.2191808421673447,0.7758316492467507,0.010989936810611015,0.013640655686028914,0.01718423338494308,0.024973418945179772,0.0006908263759160677,0.0036347749857568654,0.02001685068490439,0.035583697170008075,0.0196698337577359,0.009708423817033579,0.0
sad,0.1908030882241434,0.20516675782061783,0.2300168605363997,0.2868633195093217,0.23351920623816386,0.314856643003811,0.41014209040327587,0.5088796915673811,0.020172245463128416,0.022099232594060964,0.412180349232867,0.7928399959017198,0.18352433870555604,0.21962938310665855,0.051688600944762075,-0.12462148460720648,-0.3806612570857203,0.03526091527595239,2.579393215350057,2.794289940807104,1.259454154872997,0.07621404680482233,-0.06623384844514321,-0.0917949532601377,0.036031800284752974,0.0,0.7454732795267385,0.7777244194903308,0.011436897839715425,0.05418008253258595,0.022552536532806748,0.0,0.0249565359731388,0.010641819610137814,0.035144938561083736,0.027123272434086874,0.3402077927723809,0.5502451918262896,0.8127341567175173,0.00923704016013268,0.01802341395270898,0.026719918279933044,0.015264577583955916,0.015652807749985686,0.020477425367438296,0.006144618407513937,0.0,0.02310875321031649,0.0,0.00709049685911863
sad,0.2684399754168762,0.2665631763156576,0.21157310725155154,0.26392830011387913,0.3207050337565603,0.29583301877547996,0.4529069624416794,0.4586036804850366,0.04558615248048131,0.0,0.3470348570653649,0.9351023846669144,0.15126997907584777,0.1493969678636505,0.05122066497391101,-0.08278787589066876,-0.2792912837221825,0.04995089758139394,1.6735883398999287,2.9193838982781717,1.3209527199766617,-0.14172658871588578,-0.14836000029851729,0.03410841392954333,0.030474543813056927,0.037677345546961685,0.5987190374366231,0.6137098616185254,0.04222842091452645,0.028225465338279264,0.0,0.025912672683281124,0.012437925209995246,0.031676233720536545,0.02530647610246226,0.0,0.4268830170495478,0.4210627727251608,0.7436154983757743,0.027481875074873013,0.03944755747768251,0.02538055686498588,0.02029767998616804,0.03492357820444693,0.049155629406666984,0.03189591980418516,0.022680679648505172,0.025622897146995942,0.023328568872177356,0.020240739398553257
sad,0.2734554389795702,0.20301820315278638,0.2702074773335017,0.2699273291435347,0.3317667525129713,0.3073040178126856,0.3791189254540812,0.4788403165395886,0.06907734507832518,0.04061872191725322,0.41658752648476816,0.9445507070871947,0.20603173785688897,0.16776721169454528,0.052276042207597136,-0.1870271159728546,-0.33766205903139523,0.05223047133468377,1.9566857601834269,2.3584365580830906,1.2269364299995915,0.17321366652051043,-0.06741480368847892,0.09239246625941595,0.03654293074182613,0.00896598882287628,0.6096130141844772,0.5581900764368227,0.009207652358613112,0.012270603732552957,0.01744614632340247,0.027616331539407554,0.024165794942202896,0.0062608590119177555,0.036824084210922994,0.0322773599842015,0.30988143493902964,0.5224110891919561,0.7392326095115531,0.017966081061971798,0.02465504057823106,0.019664979656868215,0.027086022508258284,0.022435101800705175,0.015613461320461363,0.0,0.02685337302821504,0.015142481380972461,0.030113305925388203,0.026261775809584366
sad,0.2885094280636606,0.27281824428831664,0.36754489703646953,0.2607703298997388,0.28225290043975193,0.20101318839360027,0.44906924309298024,0.396714039745693,0.04177437731978937,0.013279823781956648,0.40439053412436715,0.7592591633394802,0.09699992515421633,0.20762160543962171,0.013012740141435067,-0.1458344886409048,-0.15648833502789117,0.04712608343113692,2.522335207684159,2.440843201622435,1.454260373270328,-0.02781313689248074,0.09206893719696016,0.016387332946925678,0.014069167922528259,0.0,0.6404105907072197,0.8549555832092887,0.026954587977225435,0.013300798029008028,0.024275715200701514,0.03262462289988319,0.01888698629411188,0.054143071109450935,0.013273566565246666,0.03303263938658173,0.47619372364817997,0.3300172575301943,0.6490671679182792,0.03323528241723174,0.021882242538855137,0.024394932447454547,0.0,0.02852798251710732,0.023734858973073383,0.019169169705665005,0.024691594219767993,0.014680169807384754,0.012305267449514837,0.016855488088691573
sad,0.22963961595347157,0.38588739211756384,0.2574914562053118,0.30162004521053565,0.3493579457212226,0.14240091648819075,0.4105189661223612,0.3970666459613133,0.05358890139202236,0.024810645882450754,0.3945918444267354,0.9311437870277043,0.21940986078751146,0.20160720831786047,0.05072493767590901,-0.17408517634159443,-0.13984666014818692,0.05302179459722186,1.932804235886146,1.7293528440493255,0.8961555231775684,-0.0371362542654638,0.196247660493888,0.07294965830748718,0.013928663363963107,0.01859110102859608,0.5833254248467714,0.6921372772454971,0.01260939542139199,0.008111639488239408,0.027964369859646367,0.03780212845941418,0.005606821229294878,0.023168306228201554,0.0,0.0008310043005469274,0.34112341720228273,0.5134910432377193,0.606555276435343,0.009390693828047858,0.020469134664627846,0.02048208694494806,0.009793290854189292,0.0458208803744221,0.01655027614950015,0.02147660477143504,0.014776866009764255,0.025719630307965334,0.03605444827615352,0.04162762806040944
sad,0.33067590369192407,0.27522227781997455,0.27027387978932665,0.35146430551426966,0.3525080878330958,0.4252576451089509,0.42794190221801953,0.41572341489460973,0.006952562350101429,0.0,0.3724023876371625,0.7820885129849521,0.2101228309210301,0.1395641929792103,0.041227174253869965,-0.19848105972553953,-0.17771541499603324,0.03935582189215623,2.2470339383655964,2.523879063139826,1.3262050813222994,-0.06098125402111042,0.0990715658671091,0.04397446556408144,0.031052795677514247,0.019565278532695924,0.44644465848713843,0.6221910936025246,0.019740576621082015,0.023718120030986115,0.010411783112129466,0.03483171453931197,0.020177052438094905,0.008033534478442366,0.014043038096358158,0.0450710545015688,0.46643778929464985,0.5048456555564405,0.5750095636343903,0.011045214001610588,0.011141510023543817,0.022397118588652086,0.017737976195887732,0.013636572653658731,0.015267095297455097,0.009677542573224094,0.017662089270281667,0.034471802589838715,0.0003291884298531958,0.02450423263725799
sad,0.32806003726943067,0.22882046240282017,0.27882004044318603,0.242808574478785,0.1971444466486646,0.28784125881641637,0.36946419746932063,0.4195331794668332,0.06951301842666237,0.0441053202868351,0.40654704987602464,1.0,0.19476161805394543,0.17525012586581024,0.016316413806209344,-0.11494030691671524,-0.31294613135686733,0.07419849094981097,2.2744624795102317,2.081555173569122,1.2174076985746873,0.11040741559036989,-0.01648683887090104,-0.042310082331671675,0.04772784379670929,0.03996348355122903,0.5884744332638662,0.5645623090178382,0.021302704485108934,0.017848321523392125,0.03559658601335549,0.02961465877348346,0.0,0.025962778320510853,0.017671817508724215,0.020482405768364867,0.42489430142606593,0.5198729005276602,0.8173351556255224,0.010253344371065157,0.0192380444200343,0.014169221892856246,0.0,0.018578183401185826,0.04398180755826825,0.0,0.019687196682419125,0.019270204109674224,0.02374056113293616,0.007484575553878903
sad,0.22890032933318347,0.254022766034035,0.38944089512787466,0.2596159388772949,0.31883197788730094,0.38510493413004054,0.4606288074791697,0.36673694571825277,0.03751633216522377,0.023930731691275808,0.5350312220168305,0.8338696245572177,0.16173631958789014,0.20615361522393869,0.06084401897859659,-0.15278983982789052,-0.30078135189008803,0.040689157603647906,2.17003788993564,2.9265225205171763,1.1161189288902094,-0.1140088472639963,-0.12407378911151634,0.10647470066651829,0.01971007529891035,0.006662930317187676,0.8735872198270691,0.6685115536570052,0.03401081213423765,0.02038866370487881,0.02110847184816436,0.00049598441892321,0.0,0.03627476775386747,0.02101475678541146,0.022683565598826037,0.27509462477995894,0.30969358222063764,0.8274762401361981,0.042621869020938674,0.011923437820956825,0.028729282748719723,0.022470324124860868,0.018433123778989566,0.04407546726231815,0.014108378601704224,0.036129264281227313,0.024958503121546634,0.019780438809257353,0.03783622324943002
sad,0.3449616371961384,0.34250209270000154,0.07783417423577749,0.3242097144156126,0.3116664456188483,0.29721093967316115,0.4443911853589071,0.4304222749001811,0.06186162980322568,0.016516496499185095,0.5048726441123546,1.0,0.20007348384904908,0.20900765149771425,0.07025242288113737,-0.13913248852258042,-0.25676632321277726,0.06733043166440769,2.1565669780136645,3.173639863791374,1.3619819172326415,0.023210759873842232,-0.00867847769210527,0.11035537383856264,0.011867078858697986,0.05029923896285346,0.3977552196812205,0.7264825688802851,0.010948784717211283,0.04446834381774926,0.023286478848838728,0.009680658953867424,0.016535568741145416,0.010718891037347309,0.016024899278588974,0.01572758099343644,0.3248844131298946,0.4270063811582624,0.7469468996088078,0.007048016913412426,0.0,0.02404243387794443,0.026914967164553938,0.02949281790549604,0.02716526696072366,0.040445318084580864,0.03296188253010642,0.05483776655340249,0.06030841355882828,0.0
sad,0.27605397953170246,0.31658618319500353,0.2659474120792845,0.2618327080122232,0.2701410027081925,0.28398653047486366,0.453740493762406,0.4005303721333668,0.04494304769895766,0.027412818972576598,0.38608425217183673,1.0,0.14597826940730274,0.14624999537607875,0.055331008095321,-0.16382846150940814,-0.30189756964500475,0.07351291952322996,2.7256044631753236,2.21298503465263,1.4336633237825391,-0.17577109049886766,-0.0006652168062043332,0.040338594390425746,0.0,0.033989459467334324,0.5470684674645899,0.7671287218366568,0.007503412182563346,0.01910966204985166,0.009468497244956084,0.017219550928832948,0.04378901237609578,0.01859680864428572,0.04743392111103587,0.014984436705793129,0.5491764703806803,0.23743073934871972,0.665618913354617,0.013030570190770353,0.03999017281036285,0.022408234218468964,0.0,0.0029683144885936895,0.006835390758067791,0.0321426538234582,0.030465097287531585,0.016094807371505444,0.012869372682971551,0.029313047131050686
sad,0.26572134116052826,0.30067925418237723,0.2853089063598836,0.32735807221160973,0.22662437303359484,0.34916015844229614,0.46106405318009086,0.43283805682257775,0.060521277392351254,0.01857104887367309,0.46239327963841304,0.9599501870169278,0.1375261725491794,0.22157832196300553,0.021402440668613982,-0.16868881022846466,-0.2730533710028188,0.042157799380167546,2.155896343726017,2.182243707966207,1.254245906599521,-0.09036184739455685,0.041190208015531755,0.029801439749618637,0.020738356224086027,0.011975178631641426,0.8105815484055583,0.6745739132359398,0.02820041213451826,0.03841565348342749,0.038202320965326844,0.027537210900130445,0.016065443386872543,0.00141385076201625,0.0226869791062367,0.034229596105626016,0.43543148193932857,0.055541595023210266,0.8044074585791761,0.032109489012084644,0.016084111481557924,0.03284870177829579,0.028163550387113892,0.011088411700333617,0.0365269145108299,0.0035227999996205184,0.01925581927649384,0.01795896993396289,0.009269304021545847,0.023949320279436546
sad,0.19181202964222466,0.21053048035438982,0.288640794227456,0.2981170727404052,0.27260560948759266,0.45242585579638656,0.42423440612684565,0.44169650964763274,0.0672881429165978,0.020714459845741977,0.5813743517538659,0.8065932238785551,0.15757535117391747,0.1537012098461235,0.07734652001247781,-0.1479165650312541,-0.28264911476311555,0.03488216343829134,2.550089412695846,2.5865371125404195,1.419516906225406,0.10482951196584463,0.11229676846752491,0.05789313717935325,0.019218058439839765,0.026649959191636794,0.6860273186292803,0.5751066398751118,0.018126125935482882,0.004604056524121519,0.026423388708454162,0.029896233702509177,0.03287209560136916,0.028665083611223077,0.018333268225460678,0.04017561838600081,0.48923084877295453,0.5388546301657106,0.874154404536442,0.018367204481010417,0.025042432939612082,0.03006934738546721,0.005061156762052474,0.005349348759075603,0.003108948602063996,0.018594698849241434,0.015666878230249228,0.0013362818321618966,0.02194165696008281,0.0187569540826843
sad,0.2437752128889558,0.3136296676220476,0.2804837520126646,0.2867931110420176,0.2526119383351103,0.26286239686223944,0.4128883595490469,0.45216385568661793,0.05894294765713766,0.04373248985807045,0.44720366516925303,1.0,0.16866947647751476,0.15005767519890165,0.04002686476756999,-0.20799354651047708,-0.4036544090759083,0.032348943804952,2.6207181724439415,2.58914658039202,1.0907196106165022,0.09457921360615944,0.1811681171219212,0.03651602723313861,0.025180237687820274,0.0,0.6838517259754909,0.803299071577698,0.018425492687838056,0.0,0.014618773047902938,0.03663040593478056,0.0233621855396697,0.0015619687676836358,0.05077917932939033,0.0037004892888132697,0.37570754183867855,0.2962613999347797,0.5756797582103679,0.014122035495442966,0.028269952077999008,0.03677690878785482,0.014979813763578024,0.006868133795595982,0.026222311116577506,0.02660352652607944,0.023124892362194855,0.023584617567787524,0.01853663619753214,0.021275961109226457
sad,0.28934196388877403,0.27965824310548926,0.2933047910158836,0.26381430094591896,0.3420738104107651,0.3352941127264903,0.40318119167829236,0.4560826727616991,0.05033232094604428,0.007389263699833119,0.42461231117960724,0.9861413567683972,0.2155354714060931,0.2220145575778817,0.04808853921399667,-0.19888347745654122,-0.24989537499653205,0.056357905394201484,2.257220172773641,2.5637831085713847,1.1432998024011944,-0.014532090289885667,0.09632193543334101,0.17827676005647017,0.03295862126030191,0.011234075376787403,0.9475284142585787,0.7415684456184511,0.0053426897587898654,0.0224079813021734,0.030044885734417708,0.01545820162824377,0.0005631273815028086,0.006492168759214359,0.02704720827649217,0.0,0.2550655428153978,0.45368347469339265,0.6732940939783804,0.01095485493513764,0.013568482084807067,0.0008794204330238448,0.02629789459591429,0.009514933784773208,0.013035221600409678,0.024508206775633312,0.016663842039095187,0.010839506974753629,0.0,0.024776535996281594
sad,0.2806636488899833,0.30498453154734,0.28508346182886385,0.3900936036270684,0.33876259764327654,0.29141735282607667,0.44953115024386253,0.42194649113564314,0.05079087320414645,0.03685272936504329,0.3371359485301637,0.9535547213283811,0.22401927009803535,0.2018961364897333,0.043541572756046386,-0.24824639061496678,-0.38622081653162255,0.0863331708208131,2.200266341906514,2.229512389994936,1.2243000675998905,0.0063194374086721385,-0.04656487119150359,-0.08299192843734772,0.00768023620205645,0.015694383393848543,0.5370871528408443,0.4804071698522595,0.0,0.0,0.03327674093118698,0.007170534504269589,0.026953597453437436,0.03243641606798778,0.020215535907696952,0.01611862623982608,0.4133022920527664,0.3583379633475886,0.8444691114467956,0.04439494036387841,0.03884755379482242,0.0,0.014318652134818519,0.020054068804155032,0.026019753485493062,0.0,0.0,0.0369882667451301,0.012731448858072869,0.0006637176001079818
sad,0.29256453339357064,0.22910617713718184,0.18930159337603097,0.3783409089771728,0.32190044512089366,0.2732999311009507,0.3991455311327356,0.4785960147630094,0.060351775796752695,0.03490856941126487,0.359141512575756,0.9577266473773857,0.19488135989187166,0.1688223392914171,0.0483281880924363,-0.20334441359533,-0.22605644814986697,0.02687560213261484,2.285890256255294,2.567294233657949,1.1225912307546526,-0.08829126461783686,0.035142717898099335,-0.06580381491707972,0.02584372289347709,0.015255773971471296,0.5695843110407256,0.7152471385746414,0.027631182067006838,0.013405486895482554,0.01229032020084024,0.017621344711114064,0.012823926513417771,0.0398265484284695,0.024114184284524685,0.020189803036113795,0.3067275026310971,0.47389894470366406,0.6266074120066701,0.01151428495594648,0.030043990619995617,0.02503519537289467,0.0,0.01794898007106398,0.02163175506711906,0.015585249974844919,0.022084727653967462,0.0,0.0,0.007318912901186478
sad,0.1800164296016319,0.2673835430283699,0.38181076141370424,0.2880553202934744,0.29408734350680227,0.36713847526305854,0.4208522623124229,0.4114003291924264,0.06621630367253757,0.026134532956653474,0.4202038033096517,0.9288360267334614,0.16719560592509863,0.225311079081419,0.044111904152114474,-0.13074988482575947,-0.312828781977357,0.07509121920385112,2.253413027003736,2.0843780665478677,1.2536520687576242,0.022579769741372,-0.2902460605668801,-0.0674836853791606,0.01154606232187536,0.02043456470651718,0.5916047435425699,0.6340505403040306,0.03223860031952827,0.026740651477906927,0.005370249907001979,0.006114746258440296,0.023520082933449336,0.0244614326496451,0.011232215267967726,0.040687101278766485,0.4813494937269596,0.3374423634615206,0.6133293621020808,0.017038428221727787,0.015685892656035923,0.0363300474185131,0.03279879864893353,0.020455903675518076,0.028812772291559794,0.030698677942479137,0.020757389467464946,0.02523404283179817,0.027724438203199666,0.026338874407435493
sad,0.24325345748956181,0.20339877022294606,0.31514950196935015,0.31905244697779506,0.22633483830390994,0.28072666306179705,0.4126285673098949,0.42727777714039755,0.03106635714866597,0.0023980749320726344,0.4363807147223737,0.716070793129035,0.17139145075697745,0.17744602834830825,0.04784252443103126,-0.16989129515288592,-0.1540857629313156,0.022008886489659246,2.3848890143881434,1.5016603904354051,1.4164428513823866,-0.0623043062780633,-0.060993878161145584,-0.02308757293488402,0.0,0.051673130294452294,0.6032278604627415,0.8048459672927641,0.03409402830434124,0.01432564181304269,0.015323260163561185,0.009116933479280411,0.030235812163775758,0.014494914645159916,0.009353214135340456,0.02698458815542998,0.3102823558594251,0.3671017708247997,0.7128527037846631,0.011648416639603512,0.01360986714804084,0.03995478161481295,0.017344942396293098,0.01532484952281304,0.017723373205106613,0.025907914850487875,0.006559772125239775,0.025553800205959022,0.023325662470770128,0.0
angry,0.2216338200397413,0.29185867784531266,0.20585510903277304,0.375035562453624,0.2742350445336184,0.14054517320772042,0.3861087387950643,0.4413043383685792,-0.06931149573690536,0.015797886764695207,0.22816275229527222,1.0,0.15942624431913582,0.1414230450139139,0.024472564564617383,-0.06249701751686376,0.10971945967494047,0.06857910552891909,2.0109354663306584,1.9098966852557955,0.7270935756441899,0.14354044827270093,0.1314732204686886,-0.064045034619587,0.05728351294657212,0.02684999924098754,0.021778292829069824,0.023622316884079612,0.25686610517675634,0.009666664117480394,0.042663291663886146,0.028558514716078842,0.010073230450836829,0.004051400734917891,0.013295976583720635,0.01589940158610258,1.0,0.7811732624034046,0.004535826806270836,0.0192381692730689,0.023436400088914015,0.00335289449136417,0.025228151947883987,0.03571590737953041,0.021802726682259924,0.520293484815032,0.547112956242985,0.0,0.43661647658974645,0.4810779956829913
angry,0.186775578374681,0.18784234695760701,0.22883076225940147,0.38652519737176,0.3490006940803799,0.1405928048889572,0.4507912197086135,0.4337645770829235,-0.16990037944242495,0.024545891023918347,0.2141149549924894,0.914212490951516,0.239867881118955,0.18513569428971444,0.07329217527083448,-0.12764223983427841,0.16720280582157304,0.04346776691928104,2.3298348075640587,2.7770180242598084,1.0684863616109197,-0.07173060678923825,0.17457301359248653,0.06338235963609185,0.0306473911707677,0.0313230412955561,0.010729121486405016,0.01088309708563539,0.4045306823484743,0.01849857868009064,0.03811069124604395,0.029134686404286028,0.019084493596979817,0.027879013463199757,0.0,0.012000957342787357,0.8287821008318889,0.9115365501892452,0.022597001350525316,0.038957106999709536,0.031283218154328434,0.013651717487072522,0.018179601602601,0.02530948192110143,0.01416773781286727,0.7531290177916593,0.48912738657077104,0.02410938385551702,0.5235446813605057,0.41865530105388976
angry,0.2540079041285516,0.22441609828071682,0.3398304084036374,0.3219613060114573,0.35543215867692346,0.11898329328168603,0.6189414213918523,0.5364103327595073,-0.14896318247499282,0.02611348357401058,0.20327533836869363,0.8807457600147304,0.12773748517723393,0.17898464249813825,0.05953810004935725,-0.08198065115401221,0.07251578991878271,0.023347161681804493,2.7863499290311844,2.5727481842731663,1.008371272793621,-0.04310394661193987,-0.006847316680499899,0.06495988102281394,0.026003184976137392,0.04845941901147913,0.028066010675396637,0.0,0.6652291687986943,0.0,0.017321844710101182,0.005265744099572943,0.010379972570348226,0.02369732590477429,0.0,0.01882680738863534,0.9147342422741361,0.715675967541245,0.0019262942207519743,0.01818903367197535,0.015601560629332115,0.012262040285651903,0.004551501010471021,0.026749399555419585,0.027738425648742494,0.49343532655435124,0.507274635539624,0.021774395922074433,0.3535028341912333,0.46786619826967885
angry,0.30038938186073094,0.27076195406498,0.2721918340504517,0.32614275800833337,0.33800705715280793,0.10088755413683262,0.44529727545503056,0.6099244655116878,-0.07197784004370808,0.030836099534847186,0.2239361783764059,0.7966241565260165,0.22171329627955777,0.19555532464864384,0.039899542258095166,-0.08729421360763084,0.0758454358440463,0.06850325825225259,2.3219870520145807,2.5185662542269527,1.1521274544529503,0.117443722289285,-0.005384041310548275,-0.09708930939513932,0.011151304595752042,0.0,0.00163195034341913,0.010345610586249233,0.3107033617986147,0.02376168812000885,0.030549418645653175,0.01833029015428654,0.038315920156578656,0.009822329645373804,0.018238017352272387,0.019337166669391254,0.909218632883442,0.8105887082082179,0.02173639588925567,0.0,0.008301212780260185,0.03424737955806858,0.0,0.037458904481598165,0.026495638356404998,0.5252478671636245,0.5167951023592712,0.04464741889802799,0.5911405806479422,0.43805592284565026
angry,0.24495700819439667,0.27591576274294266,0.3741371277477666,0.2947412274397265,0.24235879652995052,0.06584069880037566,0.4598516261957472,0.3910306255268088,-0.11013587432069855,0.0,0.24070750403727648,0.7883248570515666,0.18171299859326154,0.1769753261285611,0.08007180683988023,-0.07485532479711418,0.14863679870286486,0.05981299200109235,2.5632569247515558,2.3711786770753474,1.2235725611062191,0.010767338356190335,-0.05815632248192451,0.010782718226088409,0.035842366657246424,0.031764479331592634,0.026902912616399398,0.015736847173759533,0.384122350619328,0.034789605370843635,0.037496846233517823,0.01229278451936425,0.010331133333385391,0.008246260752487182,0.030786108004492024,0.007916824713187252,0.8817603406021748,0.8545690343121013,0.012913806023244854,0.040330171080066465,0.0009906341946840508,0.041573923796861284,0.024145516235191455,0.0,0.04069443526568098,0.6972212504219989,0.5571788316586962,0.0074586326518618455,0.29309332561616147,0.6915446161810391
angry,0.19482953972842204,0.2289594832808831,0.3317383980963444,0.3255315827150659,0.27874965221433395,0.1004576668232845,0.41570853390949974,0.44519516977389945,-0.1504724553023861,0.012456888846143445,0.201679655873637,0.8393062200919974,0.2186247068674098,0.21964951959250253,0.03368364280315839,-0.11583181377627713,0.0960680839217346,0.08771753297006707,1.765995808798622,2.389137792886725,1.1763245561240498,-0.07387054993294752,-0.11372297058008331,0.02143352994801198,0.018587651737413054,0.014043271635146648,0.0350160396385812,0.025907962098264906,0.4845805323745076,0.0276619393456623,0.03162132818347783,0.04059727582866282,0.03730357156824835,0.050222451474746896,0.03582543665829349,0.011297191905142412,0.8847312041805829,0.8710435178984596,0.04496383376801845,0.00742693928320824,0.027253364058108173,0.011146085518029552,0.02666308635330175,0.01720829336020365,0.02623309445448155,0.4589661813918575,0.6793226481555897,0.022678773697419302,0.4652192881771905,0.645022829984733
angry,0.2902980363325181,0.39553380304142455,0.28331796880551496,0.26879961102814554,0.40289965374959713,0.09230778086402594,0.3255986935912982,0.39258461275176404,-0.16986349976171422,0.0,0.20910954986895597,0.9392920652958016,0.22367953285976955,0.21423196206438952,0.06021710039225167,-0.10679630015593158,0.12212333154910288,0.07434657463697787,2.228235539752502,2.609500369952467,0.9272966168552038,-0.03059867186142587,0.030803888229478344,0.008021655923140403,0.03370766549886926,0.04315079713389845,0.024198381187608885,0.012273355381222695,0.38380051440121576,0.01453453070483636,0.015314154508916173,0.02842377982802277,0.02363303345171445,0.03305117587762779,0.024821733082116874,0.008766856338283623,0.749930797615061,0.7437158927212144,0.017575889003960128,0.04333127798838965,0.04541369469141917,0.030875815605805615,0.021543929358837036,0.0022985211464428626,0.022860107974491086,0.5209992703562947,0.763052189656592,0.0,0.48844843333301174,0.36257606223496314
angry,0.2768441095515578,0.31958326060943953,0.2455515548721707,0.3135046111625271,0.3551214077940825,0.1083024869534997,0.4089758635310688,0.428374216513834,-0.07937375749808243,0.005806019979933954,0.19167054597977642,1.0,0.16375168700195347,0.13405725944053698,0.07363932667323345,-0.11298800863639723,0.09501424966700904,0.03915838873547579,2.0032528671994285,2.1160561547366195,1.291427379735597,-0.0007612148386777762,0.05994613712799509,0.08175749510256779,0.02144070581598985,0.03278749673774159,0.01208081324995761,0.04772928300933975,0.20953512144960557,0.0,0.04279010302031358,0.026162541676803,0.02443801907972898,0.025606578995134147,0.02742569451195584,0.02389698036564136,0.7034095508374895,0.8818190905072791,0.02858881674999702,0.038569604907617794,0.04293513399971515,0.02429618903536241,0.004041862770781616,0.04304279810562778,0.006764050844961766,0.6337964193672381,0.5743266073579145,0.014401870447597694,0.5264300121531518,0.47444595992679656
angry,0.23998418104828362,0.26964827742517183,0.2738243643068948,0.4014367295262638,0.2857336317042193,0.04686004188673385,0.5581195941423609,0.4848176014870168,-0.12524041738213557,0.014316200230805766,0.19159223031829342,1.0,0.18191826088042135,0.12309658097596322,0.055735450582491734,-0.04381484893895478,0.10391086670883744,0.034222114236582016,1.7779008570419865,2.103712104785989,1.439985071456639,0.04105931930145047,-0.07341176611470332,-0.013925997229972831,0.01906836728192128,0.0,0.024993741035978033,0.02183347821245618,0.3551104533116669,0.006734712170845456,0.006169366302952619,0.0341262396010624,0.02321766712546627,0.026222367640603195,0.02318186452454156,0.024259953163853685,0.753160533657176,0.7794170645519224,0.03514385347052556,0.03838967218164846,0.0041128041591232435,0.017292635169598825,0.03091070966691764,0.0444670365188045,0.04316547455729975,0.52042421850535,0.7275046118205826,0.020762271927391215,0.5544416638875739,0.5288278680821287
angry,0.27895192673855274,0.2671915457800557,0.19827347658779942,0.3375989634103014,0.3114811602297651,0.07694540213224786,0.424747400242079,0.4619740018074024,-0.14234543156210683,0.020034802657628584,0.16750202058389652,1.0,0.18058864354375254,0.14767489000012304,0.006955095153215553,-0.049125951768998234,0.11395228881809105,0.0536869999857084,2.3806856004109966,2.7749891446020087,1.19577660488985,-0.10111712340518106,0.049497656096445804,0.08045572729354313,0.016695215175648377,0.014577159218001647,0.025472246310767593,0.038161407873431544,0.38970968286840296,0.03919420627691739,0.02485098215488136,0.024948982590716602,0.05126642307521165,0.041484816810839625,0.04182192017704679,0.009631022441230846,1.0,0.7917783205880043,0.017042614663204416,0.0,0.024241780719199697,0.005916398544665684,0.025307299771110882,0.004899653267910007,0.04337009789133245,0.6551573962876729,0.8279871575749577,0.0067006875905973335,0.6049179244707976,0.26972875829671733
angry,0.2531421862687409,0.23243475836173091,0.21449620805416403,0.27566652561876914,0.3063815618507779,0.12909235891565046,0.4728896557381317,0.5404068656003149,-0.179127074878284,0.014371397725786356,0.24133014757409274,1.0,0.1481365207576104,0.22596165234838722,0.04070271931583158,-0.10332090684181162,0.11217369401242021,0.05010796389334913,1.930053491115702,2.239782131719218,0.9631573888355675,0.01664603811794353,-0.056846080794775586,-0.035836522820028575,0.014855272801234758,0.03430012266133667,0.023179156018846136,0.03246172305010549,0.4516068537674702,0.012040799309366348,0.0,0.007950893258850658,0.011273934455732243,0.010268422686208423,0.032753259049176364,0.03261765006904613,1.0,0.7236278828807615,0.04076682797883739,0.04068647367363369,0.01698057114549477,0.02615622016022305,0.03612953223883574,0.019233979905390608,0.018226906896209646,0.5372662578882548,0.36399614813369696,0.020916131014350227,0.3790130672546574,0.3424651376383172
angry,0.3051471643935471,0.2591899529917429,0.27670786685208815,0.23453783982151666,0.34126862318509565,0.10468410602628164,0.47029337148068967,0.4888965044246676,-0.14569661655566896,0.0002522424260278551,0.24871955124737893,1.0,0.16019172427897543,0.20575074266650656,0.07201453517756413,-0.04583897590748181,0.08588602908920011,0.023946681704900604,1.6719050796310553,2.3323234301094455,1.429066352524837,0.033775332011545166,-0.1306181016738988,0.06448639130244942,0.010530209642162213,0.01224773791087838,0.011980155724461863,0.013087499648247326,0.3988773155913373,0.003359347730827175,0.034096679432250365,0.01811732598587459,0.05222874947142936,0.004743577018849806,0.04066826023372381,0.03808749017382433,0.7588315991154352,0.7604939386488133,0.008023128390311343,0.008172321471885784,0.019992122652926842,0.020269047795202694,0.0,0.04981556920323623,0.016626280856880192,0.6065612277217188,0.5373762566586557,0.016528875991806156,0.41421218887557915,0.44970695741747396
angry,0.3166227170607742,0.2794898372661174,0.29202513286550635,0.28672818745242007,0.35517114538857064,0.10806556073789812,0.4377491987752502,0.43543696457227266,-0.12436957364987988,0.020395771007801412,0.2183091669634324,0.8647766475802676,0.20830132054492564,0.22188092571310455,0.08121749466326307,-0.09810889131934283,0.11666096812880265,0.016590096965053057,2.3694389961321134,1.9001402515847878,0.9788830769426994,-0.0011671928342491635,0.07243797136869633,0.018177594967902087,0.024318929277205643,0.011920512539509941,0.010141404369962167,0.013697391707521503,0.4729625991918526,0.007872424846569333,0.019295986765107034,0.015077468300988627,0.03065858002727718,0.031022982803076957,0.0,0.033586422443936094,0.738924409354119,0.8236292198596674,0.007794186375017144,0.024824749835227183,0.05316753639707433,0.02165315229670543,0.014021979670597361,0.016981903949217968,0.0009026105559057397,0.7448963286164458,0.631288310759661,0.006364327218127991,0.3483681709871247,0.4515282379148826
angry,0.27523505529824105,0.23162734397963097,0.25568009781820517,0.396170463242134,0.22364826649000644,0.08170267610134634,0.5238252278092064,0.4667754208676567,-0.1516496327303221,0.032542312072742705,0.2503688719950754,1.0,0.15734132625940997,0.17235527213637722,0.05498183114272198,-0.1193578718364014,0.13319462202832782,0.07975365905182717,2.023314673801912,2.5844294458926296,1.3781875758842759,0.07455963146707897,-0.10358909178632741,0.0890727473493737,0.045422290901379954,0.04024075736137908,0.0,0.015897802051742252,0.4500688251483219,0.013575175140274889,0.043175967685524744,0.041181877246434226,0.00939290816363651,0.01788879974122559,0.010255796229534719,0.017463330226619795,0.7774567650666617,0.8954257914746859,0.008449959371460149,0.0,0.0,0.00663207903481251,0.011476009343038067,0.02243326720799777,0.0059626792281248266,0.4788899409740068,0.5070552582347889,0.005496497984922842,0.39455062557043546,0.3902712604104934
angry,0.25165882064432804,0.3220620187539535,0.2719774776470794,0.3577883197869557,0.2366196403197355,0.09876583478912951,0.40536844618018025,0.35498142741386574,-0.1227004416394023,0.0425280608570579,0.194412735912216,0.9305631152697406,0.1314474300750756,0.13381973078169565,0.03622308423649923,-0.09349949034887542,0.08986042397672125,0.04604456223611354,1.564291891771405,2.213705305156118,1.252323559106276,0.055124545357904856,-0.08905764465626602,-0.0286077302663817,0.002342814052371009,0.015383105967014076,0.02380696887919488,0.009830530013692293,0.4341524396160848,0.00022535836799459502,0.031549844448118675,0.02475540953021805,0.020723650245623074,0.03462263434197593,0.015718462229924006,0.011967870537995143,0.9372544284097246,0.9840765802234795,0.010985309820469084,0.018521337917598402,0.03358555306239891,0.018984114976459958,0.02772965061359379,0.030145246767348973,0.012690040517764928,0.6419274663400258,0.5993807305490063,0.004180708285881091,0.35103473535716,0.3847583075603631
angry,0.30288575656981215,0.3014669679721349,0.29443314337685117,0.32241783804818985,0.3261449421015311,0.06488944585681547,0.3887558461893215,0.37025857410264174,-0.07571419969383963,0.04150330134658697,0.15492856238763475,1.0,0.1832086908206666,0.22898971303761,0.05886317520523569,-0.03678814839200239,0.1052435608339374,0.026139546970773957,2.065655662773707,2.6446601574053195,1.120263157317678,0.07428158806420834,0.08652223460819948,0.059993033465729415,0.02855051238798472,0.019145933947674228,0.012258378851506688,0.005882281016949969,0.36081846174666554,0.02265943144610426,0.0,0.009859006660704696,0.0,0.011978026898285483,0.03556509154573391,0.004580487037525137,0.870315974586133,1.0,0.03889599570634555,0.021735673945085753,0.031159647925354274,0.002194123568321705,0.0,0.02037307541803212,0.02518193732508935,0.709440428424924,0.5431237858598684,0.022514141296701397,0.46591115565529745,0.4368605894423533
angry,0.2901425989701441,0.2571193881702862,0.31462026183322556,0.3565307373637763,0.33725569627865043,0.0739389169984819,0.45772254693180436,0.3793640538780825,-0.11613781014800667,0.00820202293874112,0.25831490012064356,1.0,0.22266060429766837,0.2304913004725266,0.045264505047460865,-0.09276829230582277,0.14354309571750384,0.04711040612198274,1.6597612911966004,2.830318691958849,1.1864547229605245,-0.005797990090720097,-0.07692340523756044,0.022376592670797054,0.03957727361172677,0.02315860581375103,0.019739980664492732,0.03983957051407097,0.2461533654963013,0.012390290040160904,0.008464281365882294,0.0,0.03135129356421584,0.012753560618221794,0.03176978454140547,0.025058124386049853,0.8607142466627684,0.7544600519159352,0.01006477412819437,0.021166891377856368,0.0319491863830062,0.019345033928711355,0.010874827805780196,0.004412764811821337,0.022654119199209753,0.5445932465071462,0.592825941261026,0.016895875830767428,0.40555690253154547,0.47938035607595125
angry,0.3628714811326553,0.2374327806871097,0.1967508719221948,0.2992063359353913,0.34719149842820046,0.11752904295398575,0.5438820718553096,0.25341773467864653,-0.06988092420463168,0.024361014143585324,0.17367959964624963,1.0,0.18627085534281965,0.20467732799525495,0.06748441013051884,-0.06709173894707852,0.06317937253825787,0.04749704027879909,1.5742653194734602,2.695020859910982,1.4172265244514632,0.04436032673152856,0.1768751050185705,0.06063741717476095,0.0038611244868197656,0.011270971113078666,0.008529198825411808,0.01409923146480162,0.4412423158198868,0.014240101412684933,0.028482892245087328,0.03384993701098768,0.0343228703972806,0.0054636457601945805,0.0380170762781454,0.03905893970339111,0.9552679931237169,0.7842185180282305,0.010226047846966388,0.007204864510758899,0.00567686147452735,0.020151975286643295,0.031022074134375528,0.03698525973283548,0.013687757487289433,0.5961311732919711,0.5895812446598554,0.011741356751753192,0.5235749529760619,0.4862848246623226
angry,0.3114827249947802,0.23639852228166344,0.3266090845346332,0.31404513647243076,0.2760961092760854,0.10585574228615426,0.4766970044461916,0.5338382342052196,-0.16184622513940722,0.03722479659750451,0.22069499068929482,0.8728116292608387,0.16013995030528602,0.15144734130381068,0.019533989534256998,-0.05967800358922389,0.14952216001054913,0.021691731395373236,1.7911109273226336,2.7337226539023636,1.151602808804458,0.011345854009568498,0.03224748952763323,0.0492360998365987,0.03084745014957694,0.018677633199065125,0.012451842509537087,0.017064052561249297,0.1617910577744037,0.005134703506569955,0.03232763186484312,0.03549469797432498,0.03828015871620011,0.025731301503824425,0.0,0.011744915120567157,0.9324655676548632,0.9623054238683554,0.03771442065909417,0.016928717957992605,0.0030145137345306515,0.019471789330539738,0.020192491236993414,0.040352342661188895,0.02296128690158875,0.6016681178880771,0.6073495148143458,0.025198164786914924,0.5126440086061569,0.3775462565982004
angry,0.3651628678786482,0.18064470774280764,0.24960386109278693,0.3534519683820896,0.300018803899305,0.06708807990595397,0.48304818194476473,0.4551928364895373,-0.1286419315376791,0.011889010219822197,0.218961820014082,0.8612569541772658,0.2700777087474189,0.18075933965505425,0.043459253308165566,-0.09624908436463367,0.14442377107095483,0.021316329636827586,2.216815537117311,2.3596680356166573,0.8980943807458697,-0.0846096315700455,0.12335026692642286,-0.13128330355485468,0.00935200773777949,0.024120401920775827,0.008762888144470859,0.023374331066860557,0.5729153228686352,0.022217808803825363,0.001104337779181553,0.008991648595990432,0.016289725396311593,0.015420943453069432,0.021976179986506937,0.02406175824701487,0.973052795511886,0.7996280334912107,0.005021472190613168,0.034999479693231375,0.036419319498153316,0.0230217602220776,0.016796872862283495,0.0280931032331378,0.01725596242216611,0.39442910712225154,0.6563474282972467,0.03159926920066951,0.5941087230379329,0.3769241557047435
angry,0.28597251399088325,0.2819310727996023,0.2910109688823065,0.34073745686974444,0.3671158138521374,0.08109168948265905,0.43664664500391587,0.41724787070870656,-0.14262689428800235,0.0,0.22072667367558887,1.0,0.17426130917974172,0.1896551209887122,0.057322646238409804,-0.037666409145091055,0.0895058867619241,0.029496787999156934,2.0706069522270756,3.1610443769221543,0.9463942972491766,0.018093225268901864,0.02230196020676845,0.006830604776305166,0.02845176404254369,0.03505287198070649,0.0,0.02533289280691031,0.46034106370730954,0.016524642382061895,0.011596298705833676,0.012321389417188255,0.01572860955361692,0.0160727515880589,0.013619898444162025,0.015521821715128205,0.9190791823846629,0.6785571221084865,0.0,0.0356882063940461,0.017503769128572433,0.014952980197727034,0.0185541773914753,0.022720597110128648,0.013187334047461245,0.6505931127647303,0.5037737426191103,0.01607625968796058,0.22853037447152474,0.5672237134863776
angry,0.3085903165793088,0.27959567251413403,0.30018782442243713,0.24712935730634306,0.2355851794073647,0.09747235166236863,0.39731733051932816,0.5604734734268305,-0.10499422282771559,0.010685741928432989,0.21185378684483258,0.9702835037531852,0.17748389062249006,0.2004622222679692,0.05120145452809039,-0.12171970245410241,0.04622738581240224,0.04346184171439016,2.282160129156966,2.313205689452249,1.3875277968665614,-0.01408701572477036,0.06030936825634426,0.03812596674129999,0.019390472909114317,0.03764354883527572,0.034974744710435976,0.033666729247268073,0.27964883657929995,0.020222828683651623,0.03589605533727008,0.023540481421854498,0.027206678764986586,0.001957465033496919,0.044944269097904874,0.009712132766649588,0.6005574858249804,0.7648874262174934,0.0,0.005893373117714831,0.0532606538303578,0.015059469892458143,0.0014387668162627182,0.020328872525359528,0.008328551314584322,0.686451919967393,0.511045522061396,0.023519538231757064,0.3352940963127541,0.7099028144790553
angry,0.2512128008710331,0.2404324990500091,0.23900337023857834,0.3923080867754073,0.2696062323253319,0.04676452733403948,0.3596375016318082,0.5218986580499332,-0.13009296226365347,0.018256939198227178,0.2550944335425728,0.8314820951512237,0.20339945571884344,0.1642864987331777,0.06007784114316585,-0.09173405752308976,0.09396127062860775,0.06435233900644735,2.3431080624968126,2.3875509355097693,1.0732212447209595,0.04028989760218514,-0.01309552177342207,-0.023436660050502815,0.0407889185982615,0.027661300549473595,0.014915156487447494,0.011509903277233184,0.502489750694214,0.02150020111869107,0.01787381106336088,0.02149467728231372,0.02439135937028089,0.01926304108339997,0.035647929268958926,0.036371400190755826,0.85318881192018,0.9374718990495627,0.020110457985796887,0.02897430306506,0.03305793214533524,0.03324749764021593,0.03190798892059847,0.0282054595230619,0.04544266550329512,0.5460304214734508,0.5844779212439789,0.017211363803548256,0.41319328552361906,0.25112279565850637
angry,0.20606321876090591,0.3122772179974264,0.23915940613110973,0.23752209417400183,0.31068889054649385,0.08248163548793429,0.4055026700533061,0.4633136951779706,-0.08800042185462331,0.00936079365766775,0.190264225780255,0.9535812591690469,0.19995234546954904,0.24631607488663407,0.03125173202986023,-0.08953901303811142,0.12939465062688138,0.08452915438242758,1.777245425224655,2.17109850027299,1.2301224174082142,0.10998918445665981,-0.09234364131416498,0.013585192699687776,0.012489339151489864,0.010129987191370616,0.023178117882795793,0.04014245939861711,0.2690517704900614,0.03947834340113367,0.012528000158422455,0.024495294976356583,0.04068105937432419,0.024229206699927456,0.01613261637341055,0.029336283095031612,0.782683379766756,0.8521351049594614,0.01733914702108835,0.0311949876608575,0.0018749879968471862,0.006824218886782212,0.001683930476716701,0.019266417420447584,0.00011600315547298512,0.5308168424933181,0.4892491395431192,0.03923579098400472,0.3509319647824161,0.3213454297076658
angry,0.2779865960631927,0.3471193879760808,0.3256679255872552,0.3233978241536541,0.26797125993798937,0.11139894765716532,0.3445392326101668,0.40166514492207367,-0.06274149396179002,0.03692590490163458,0.23312454098006127,0.6557735574900596,0.13529580346462344,0.16384031149835837,0.046995266951572454,-0.1175123345151789,0.0938421569104442,0.08092766666771872,2.230271659979069,2.5326070524327915,0.9727698029005981,0.01986708270126156,0.1518139039105494,-0.009285366339654799,0.0,0.004033446467940502,0.0,0.02097545840913962,0.4383885804407359,0.007451230613348493,0.021922951418818917,0.03909691961101969,0.04545006545051408,0.030015334559739842,0.017727073448541537,0.029595355170391323,0.9351809983677962,0.5992771862209442,0.03926689749135341,0.012920371332290188,0.013045481585812627,0.015385936356383068,0.02416109380408482,0.005553694701916035,0.01629741754901763,0.652527720649789,0.6218571249273992,0.024950588686699103,0.41760312876187705,0.5193709952462658
angry,0.32882241565363135,0.325295150373966,0.41917841114757565,0.36699368885267897,0.29511907248505953,0.07720801781632827,0.4297616302561689,0.4242866736910016,-0.09954309729096528,0.010896668812539109,0.2557653151456121,0.7380916416009674,0.1195965699562926,0.18479803369487408,0.035255216639078546,-0.1177470156195289,0.08407325112487894,0.036673997991118854,2.1032936576511214,2.2157722774113666,1.0607992780819866,0.08451328976022845,0.08967953809464402,0.034208818627450864,0.019936745663123194,0.03318514041956052,0.03911969105135428,0.02192097831229284,0.42255431187705206,0.017618568775154067,0.02625623206076802,0.025072851687593805,0.037236019880149365,0.0,0.0169515293317413,0.02440946829865937,0.7973716042457889,0.7060826967903888,0.0031082331698737906,0.030482191538375204,0.010159963944846606,0.0,0.03113544718012868,0.025966777705798853,0.01849363673304294,0.508544840723897,0.5886558556629505,0.035802638806749665,0.28853007139712006,0.2936022383260406
angry,0.31342646190868506,0.3366193651113141,0.29449597627958835,0.3308237789065857,0.314965475361302,0.10023770227288296,0.3497492007643611,0.37033064266079635,-0.17403673907887707,0.01806943766550591,0.22696834093763116,0.7289874863208401,0.18268601674277427,0.15630417136198196,0.031289011488104965,-0.09876048249682126,0.07198808754137384,0.06061653456428752,2.0453985641340986,2.7577433065128147,1.0783966712124462,-0.05022122583299284,-0.002397931811388454,-0.03970335183070244,0.014726081195512088,0.044353974330574926,0.0,0.03669825616445609,0.5654524037645827,0.029955627451399493,0.015703883898176684,0.03854972693261664,0.015817102321430014,0.010824787385760624,0.014952511525508371,0.012587481391459009,0.7053376875080418,0.9110007834108965,0.009945171415916812,0.01961458914402215,0.0012309654378155448,0.020400538862739494,0.004972961425104389,0.00465368430197197,0.018579257168750925,0.7056972265180935,0.6440413687739797,0.02661856501972587,0.43700828200209924,0.41643597348494826
angry,0.3442692408245711,0.2362478872852596,0.24388883422707322,0.2699867471471967,0.21931705558356226,0.08826493170915356,0.5508623546345117,0.36896789546901054,-0.06699215565384206,0.014365222046609996,0.2834210691130826,0.8460235075393973,0.1746726678565801,0.1549579519900926,0.037965236462248045,-0.03985462499424827,0.1118634171284745,0.06800431113560537,1.6724334771782394,2.697197741067113,0.9812544297234332,0.06329125107953885,-0.050685944608872206,0.06675473235581567,0.0026148593305729134,0.023103959805096226,0.022970998334348375,0.020693495221888954,0.4717558412627666,0.0313563621292378,0.03910648140951811,0.0045255410220241404,0.03952621119085292,0.0444700493660425,0.015239009786123551,0.0,0.6616501086930883,0.7538148619066288,0.04618384067399649,0.020222040002641325,0.011976606482226431,0.01108977064135514,0.0028046097749247108,0.03136948838584507,0.018803106318651903,0.8099829509762433,0.662820939642645,0.030789172108744513,0.4257895169257322,0.3408969661826512
angry,0.25998441026321395,0.3295300280587875,0.2870675489199933,0.28389499043262545,0.23567184407672975,0.10754081832406695,0.4330559412253734,0.5199192544165452,-0.14861642703502395,0.028009401055461472,0.2692254524866761,0.9915647769856072,0.2090557837514496,0.21201777447783682,0.08321660097905664,-0.06885318734918514,0.11749897129338775,0.04936516950097076,1.8483237259031033,1.9939136786553588,1.3931140280771481,-0.06988647842633441,-0.12323222495001736,0.07283157758544728,0.006891328172546979,0.02969623849718462,0.0254082161949889,0.031931209483644515,0.34852879774167816,0.00972051111171826,0.02491883389529685,0.016199558248302326,0.0039966316241183825,0.04520083205042451,0.00971169384248691,0.007082774744194812,0.7757864231820623,0.9252858569157915,0.0,0.03520848698948084,0.00815084448106806,0.023438828121407306,0.011211909497590593,0.04589491910202608,0.02162006112635057,0.5291908449658764,0.5698908678162309,0.021165281973721937,0.46776766077622006,0.49387624835213206
angry,0.31154623549172467,0.24516609406829198,0.31498462654431564,0.30174449731267955,0.288024291377843,0.12985359731348983,0.3152948130602182,0.3976626303844897,-0.07070285161284896,0.04379063912099595,0.288579774540151,0.9576792183765913,0.1969422030457751,0.2214709713485732,0.07231381726276997,-0.07060724195975716,0.12315372308615168,0.05804604150777914,2.2697227811202225,2.10331561307022,1.0994246756347748,-0.00011236861458519446,-0.12394461749478443,-0.02722141367213287,0.013204000424988347,0.004544359103479218,0.0,0.01449284251830207,0.3736117673563741,0.021365481988361947,0.02722459193092183,0.02244558916687569,0.016660154692102507,0.008103357894900624,0.03140189826751583,0.018676311175237784,0.7566210204993091,0.7813545717586731,0.010474323484388799,0.013101238995655615,0.012688041927227556,0.01626461356599391,0.028524814438635172,0.025292456891027906,0.040107586294650194,0.7211729092112009,0.7956421773234575,0.02726906023572078,0.5043105222373531,0.40125842223628644
angry,0.3593688163968833,0.2150425570791011,0.3028202930589712,0.2515817744941651,0.36196671925355084,0.1315737496442674,0.49101128007529693,0.5465932649844054,-0.11970651696675508,0.049044270850738654,0.24238495700478724,0.8126658871573867,0.18257544822353314,0.1841286719907199,0.045617578977340936,-0.12971417683697622,0.10967161361108652,0.02574932286854033,1.2792426338302254,2.3201348504759527,1.0209155677758281,0.06608119179963988,-0.05905052370387804,-0.11763644195052628,0.008800018835737807,0.0,0.00893904261261037,0.01774265575275487,0.33658460599039064,0.02503546779129331,0.038104588430182315,0.026712776723317278,0.03334312582332581,0.03441864696542983,0.006754810028132734,0.025708491004920536,0.8995157353365466,0.7564039521951521,0.009721853549606214,0.02689528396981376,0.0007388246667601704,0.00585594042013819,0.011332167481415367,0.02585668477069921,0.022845862780223637,0.7032370879552132,0.5078129945636581,0.007318851373522391,0.5023911968749665,0.37013330958929647
angry,0.36014710453444077,0.22647697635238026,0.33312858780944593,0.29673307804555266,0.20290219488744826,0.0776318286092968,0.3758737817077077,0.4254690966516015,-0.10321942846213182,0.04403599688413861,0.17706562615244542,0.8760714469697017,0.1468487084423037,0.14118279073266204,0.051670334515667396,-0.07995560026439458,0.05465494132292828,0.050317634239045644,1.7082463023038799,2.4544649639734537,1.3935873547499205,-0.048280313239553674,-0.1671088355326574,0.023267680113086997,0.026019883493987206,0.02230772222729217,0.01312604515375597,0.02086927946098207,0.45632542222474826,0.026034162456509326,0.01871015607042393,0.022825892211205904,0.002884696339452958,0.01045362192788941,0.029198276783097818,0.030946428367864702,0.8093598590839363,0.9478965734365152,0.026604252413997772,0.01696934226778016,0.004143214210472753,0.03870353225037589,0.030014126943009506,0.04337804849809673,0.04816901692155091,0.47130596932172386,0.47156662558728146,0.0,0.5418362137029756,0.5156482687487599
angry,0.2896046857404007,0.32070173467771684,0.2941953195521949,0.3365090712245141,0.29317280215472735,0.12953704734813132,0.49895908100186676,0.3580126870206861,-0.06443118529375033,0.035932429795296775,0.23396424211158826,0.9928094500105884,0.241368628048498,0.12711745464852514,0.07172142917104389,-0.09428620095723053,0.12737943616025965,0.05210657732545825,1.6960490423923227,2.262563771711527,1.3479981494625375,0.007822320010067722,-0.11035199079390609,-0.0071226951299817225,0.017267297542841648,0.011920689608664633,0.011833763248664735,0.028349216489039278,0.5750635030139963,0.0,0.05640889781546274,0.02264870097668971,0.027542913758884756,0.01432859728708372,0.01995430337686125,0.0225026691577044,0.6950904007662965,0.7194318561742471,0.0353993780315863,0.0,0.025733508343076028,0.015183280178200602,0.007510807056817519,0.04563511407560221,0.0075914667036013055,0.48698980002655284,0.5813027296479464,0.010008737756672681,0.45063806569945486,0.4655399296651391
angry,0.31345695821932523,0.27419197614178453,0.25422789977314114,0.3813996534503637,0.2933278421784702,0.12729966503741477,0.5450799796509778,0.549794644745499,-0.09235368767555596,0.01999176454061506,0.21807874928046922,0.9127716819312984,0.09982486020951435,0.2176740620212927,0.054278147411738885,-0.055234272013741176,0.0970749612132009,0.0616344403341867,1.6523102045700306,2.0086022325037574,0.7043770656512658,0.018772645250794126,-0.011150176251920699,-0.056172936247378014,0.01825346045418886,0.009957167358878197,0.008256035622784541,0.024350480913549,0.35744928058023717,0.001369816911552385,0.05308196804577728,0.019518861933655013,0.005918880311835949,0.011292139007870353,0.01774914140288035,0.017721802490656392,0.9302164273045876,0.7920570042367793,0.044117706234287284,0.014378501727842625,0.025543668523378603,0.0332857425262618,0.03553697996125182,0.03705433882657457,0.01646384736855825,0.5994510739725081,0.3520577433436324,0.01745186949819271,0.5591254177929982,0.5396836479855883
angry,0.24276072915096525,0.25565558976822883,0.22163181870852203,0.3342317267436945,0.31586649963847346,0.1152494861593263,0.4178862357253311,0.44549934410120784,-0.2071367489363563,0.024890932167043613,0.2229652436517895,0.7821695316222466,0.17612767131279589,0.18007280187029856,0.08087545886263112,-0.11183380904383414,0.10828565447166756,0.03091155382812869,1.9186911306771623,2.554499155018817,1.1211092096811874,-0.006918969680806512,0.15292254986369616,-0.03072042274758456,0.01992211886922377,0.024325387407015606,0.013582035574418748,0.03149390495260072,0.3694520256762395,0.018731778999816567,0.024697046569642125,0.022951002615142855,0.028374963019057085,0.02412053721930117,0.02609739860023027,0.015770157315853156,0.693122890191448,0.657236109724714,0.0,0.04291544733048058,0.0,0.035518405486702334,0.009328702853132849,0.035423732637557465,0.0,0.5764906098116718,0.7454024403025268,0.029271724325182564,0.41627345393092086,0.25570226984715183
angry,0.2762651466225012,0.2947438254445368,0.21225237651944712,0.3224009598912098,0.27692114856320466,0.10734256963938853,0.4052010536583799,0.3280835053452603,-0.1370949012724807,0.028330109022404026,0.23182180267231106,0.9547169572685458,0.21323087856138268,0.18216163051704728,0.050984835495266306,-0.09439300639081177,0.1239154494188364,0.05510174958513088,1.918988614193654,1.887891270685754,1.363312874581292,-0.10579908177207456,0.12502323869034412,-0.02785929610029805,0.01032715433459968,0.020936836582364112,0.050583795880879426,0.030419624042533018,0.5611149588826991,0.013004377436965068,0.03392269315866269,0.020346696908374585,0.024758219969991564,0.046270942269514295,0.01637760428605382,0.020250307897794972,0.7096785348492037,0.8888468555908077,0.012711850322273734,0.033295235405645426,0.0,0.02713229493383689,0.011631987021180274,0.02949672931129274,0.019823730752895032,0.5464661085131708,0.5613440383124005,0.008944952099237676,0.533778775532086,0.34513626505745854
angry,0.2795164727536257,0.2673894495000011,0.2942290129860335,0.18595946813790637,0.2340744864620104,0.09061583752803873,0.39474489081821945,0.3259354200836356,-0.08568885395329659,0.02337683748424519,0.22420795741847524,0.844166349448958,0.1829375396925556,0.20980630418848079,0.04536431905669259,-0.06666283282278906,0.08009848795437213,0.05170599297731999,2.4713119419509826,2.915087438099955,1.4042763401107377,-0.0213662910986238,0.03107156217322263,0.12907956203588153,0.02371238940062792,0.020410981413150696,0.014165744089927615,0.0,0.2655100303599508,0.01781528536445163,0.018592250161330405,0.0383588993744844,0.03709238868188314,0.011075680160674398,0.03063823429615724,0.013798104760539161,0.8682616343003802,0.8806017728106745,0.036147206557920586,0.01359563638782494,0.033185947933352014,0.0,0.03685080386000521,0.019674782603359288,0.019951536026185934,0.39625634943095467,0.561133411275262,0.037621232194976165,0.4073298108297186,0.5213462760975208
angry,0.2315458003828987,0.2829354353521451,0.3632632789924631,0.3273704792919911,0.29359545309884844,0.1563935954783327,0.5398392169484947,0.5132968784433807,-0.107306301390225,0.029493559851764398,0.24288196219548522,0.617120659803299,0.1946126398746896,0.18380897441557714,0.04125391522010993,-0.08586311840132714,0.06110378282944497,0.018419323249349362,2.5051132856707614,2.62446457694012,0.7160057685929406,0.002764410217128724,0.09564022256397285,0.015320077216329971,0.01250700096177737,0.031447172534154896,0.016359813141631794,0.0361850643993787,0.5049751799276634,0.0023627542789607207,0.018136786714965186,0.014174837477486848,0.0019399021734226932,0.0010944337768814712,0.00952171989885754,0.011667969676335701,0.8283229777243363,0.9044213473214421,0.026677384425560807,0.029754839123650713,0.016533968320885224,0.02783900255596757,0.018071125239326604,0.014260859017713824,0.044662312335643134,0.3669524043452501,0.4126695702692639,0.024975096803736857,0.42350176514675497,0.30630156498330774
angry,0.3430453424153509,0.36525725339199216,0.19737141644511444,0.22480820571186572,0.22104054390247124,0.13222142514425023,0.48233489521751355,0.45621543927640346,-0.1108148522461021,0.019261882397196332,0.18636573857780486,1.0,0.1731128752908136,0.14378762173104723,0.06004999529376602,-0.09277362908817763,0.10568708717103444,0.047812864677284565,2.389698100973063,2.5331115227714256,0.9973991678263476,-0.08436887609310147,-0.08319652171756035,0.0713869229704731,0.02418604190600092,0.02461095341814981,0.026647328662505344,0.03346636531151487,0.3384017214822827,0.028683163673346918,0.0,0.018440197401252016,0.01642942149750065,0.03882198786234364,0.01796763942330569,0.027903854116230926,0.6238221377127443,0.7648242035311419,0.008997321723363467,0.05218164460284183,0.011331642157422354,0.02095262794459888,0.02164548542957721,0.0,0.013161539662939519,0.6404766512649255,0.6085722275241285,0.0,0.3933008555495399,0.5520821661446893
angry,0.34660833583451106,0.2776908854889626,0.3627955700488249,0.3001817438746075,0.18738884790071275,0.12123136428267861,0.4156276899569652,0.4208422051189425,-0.17812385724279078,0.041088593487078565,0.2043669647859146,1.0,0.16404400302106442,0.1542818097172528,0.07309176054552174,-0.08220004247000688,0.0984106998161211,0.0275715460450454,1.9512724097237168,2.6118326734207025,0.9209508811483711,0.04705783418503479,0.10962300166426836,-0.07885178699386326,0.012991859975766382,0.014534196313703052,0.020863730461281975,0.039234275393297435,0.3700046867017016,0.011023491388636692,0.055702818216320726,0.014368590404195414,0.01752144390480045,0.015347997200516576,0.01640200168557484,0.021010813219207496,0.8920796477593275,0.8403987723273406,0.034002242323763476,0.033572372769896636,0.022711177373006392,0.02489205561082908,0.034413576791492095,0.005554270935967727,0.05247674562909792,0.5487414869472393,0.5649035078431024,0.0042452873292410445,0.3317849192045602,0.5474034068889737
angry,0.29144866297703254,0.3320127172456715,0.39537315215490476,0.3836535379889872,0.2868737395460589,0.11321919089274088,0.4986744828125226,0.4484429760845095,-0.16383744533986921,0.00961590915868072,0.25444457952787647,1.0,0.17232000750095008,0.20005063267131337,0.07095211687326877,-0.13112806616099895,0.08884118922902859,0.08531274917594628,2.1972750077660783,2.0237209280244537,1.1815799420175634,0.18161546221138014,-0.0510516099727513,0.02778532225020145,0.03327866269948759,0.0,0.022291715623484205,0.015158610790297662,0.23580018735630526,0.021065054316694018,0.018225756987114178,0.019686826721430694,0.015472611936818082,0.006722611824596178,0.0010875631632227892,0.011021030776429882,0.8859252114076065,0.8233070293726745,0.019100746717194327,0.006483014062070634,0.015139105872895256,0.029583048258643763,0.02656218891231138,0.0137964146929547,0.0,0.5325152369838418,0.5517305482389362,0.008207622809864097,0.40868242168602953,0.5316550128195219
angry,0.26413666898634297,0.17917085023606,0.2578179684484839,0.24248883995862797,0.370468905838561,0.11024280014608766,0.5286492859084586,0.41672554354134794,-0.16078872388466572,0.006329681071000298,0.22796317842312575,1.0,0.19525814480475806,0.17557144242242806,0.046696510035284786,-0.08093900995255393,0.15066606400445398,0.07158814990211045,2.184486676348869,2.491423817846805,1.2150810238280572,-0.002983716236521143,0.08907264431144475,-0.12066976685163235,0.026425583700679996,0.014628426611317255,0.009026973684103726,0.033418863387213255,0.4021982730571984,0.03233346316559459,0.04140006373409376,0.026767991543294282,0.024661130234410914,0.06160315874672184,0.022691261667637633,0.0058228914979974716,0.7718774767828013,0.9551684711745542,0.0031758244463593946,0.010218025146011254,0.03438354847759073,0.016468931647330556,0.018566804769305563,0.033953846661698185,0.010681324716498509,0.4531397548477938,0.4611114029137464,0.027563145764325087,0.47591320938307946,0.380743348672067
angry,0.23653746640087872,0.24554043085846677,0.2180928784979883,0.2797922910993806,0.3185943444894119,0.15287922892607728,0.46687806724354514,0.44583994684413103,-0.08548253576059474,0.029050802173793175,0.20267017556899952,1.0,0.17909781596512372,0.19910044983369812,0.05964860027750731,-0.0696238289716114,0.13813494172186475,0.039676597065225534,2.3545992308771293,2.5121245881328296,1.3408210679001522,-0.09270332966457072,-0.02435158126339805,0.08932138290003777,0.017205189150412383,0.015444600370009429,0.029516955336538156,0.024653912342169747,0.3179705697674732,0.03749295972338536,0.029522621876409978,0.019035345523551305,0.013912995547495493,0.024733701659356608,0.02858630791234819,0.0,0.8375680922522832,0.8652554702413535,0.0,0.022550465563688768,0.02902991874714253,0.027551418085439098,0.030431828612150727,0.015741634303762773,0.0064812163492190735,0.4200255668234603,0.7092223240568057,0.029139851419326464,0.5668488930828468,0.3774858641155856
angry,0.28655081525840753,0.3144867967509739,0.3673086472906453,0.2867964764030877,0.25238376530160145,0.07707127805421428,0.3966919392606173,0.6221295767268218,-0.08972505675462167,0.03446291405471197,0.21283043238460317,0.9497485759341912,0.20587278672046536,0.17052674790243383,0.04490211198543317,-0.1002411294879152,0.08881268250607213,0.050857125718808155,1.8329442089967132,2.5579570646213434,1.2123630411814055,0.06430691381002909,-0.13524128567611188,-0.06955948469678491,0.017669767642869618,0.009243021877675527,0.021364519636374202,0.013436240681626712,0.40465941671060346,0.03427565707624466,0.003711778477647573,0.04825532237961388,0.01905719330675937,0.025353910560776967,0.010214248826856145,0.03484875014404143,0.787437353054933,0.7605881690200826,0.012518304723417539,0.016509603664740465,0.025438515198387808,0.02224653897819748,0.019481823469566457,0.010751521566652338,0.010000744838975313,0.5539125717420269,0.6460275712160714,0.028609378385015243,0.5297044196898019,0.44985331064611916
angry,0.2687718069439513,0.2604830154813969,0.22596964936968933,0.26879332033359576,0.30743002778600376,0.07166883035787311,0.39491412596527475,0.5699624062053357,-0.18410825303521225,0.01761863192510764,0.18501071902707744,0.8353753883315183,0.17268372250412978,0.1519783192787924,0.06004378576891249,-0.03946548140682762,0.12104195340256829,0.0679307295601152,1.6515859043156356,2.358240689263277,1.2460054763930315,0.030684955273425962,-0.015160563439462031,-0.13938383927426945,0.03132548188348898,0.04279358890392773,0.03389751469117629,0.0316543521077605,0.663359558053936,0.02125201806089485,0.016242240302859604,0.022305652747585836,0.008104314176071587,0.02087923921498149,0.0,0.013116252524618528,0.7884666117934409,0.8949635290853044,0.0344441770770227,0.00747297815823594,0.0469884346415267,0.02192885521971353,0.023120584558400006,0.0,0.011939253928439258,0.7049823811532479,0.6169778462713099,0.021401591441287362,0.4727172170575481,0.3056795694913952
angry,0.2734896290099889,0.36131077106680093,0.2145268776480435,0.24655662843290568,0.4024992307436519,0.11444932795771309,0.42761123098707066,0.44571281113226835,-0.15226524452508736,0.023595703823496787,0.2259216533893441,0.9530324182540603,0.13708902003718945,0.20019311027615308,0.040733549932614445,-0.10957931781467564,0.13166856228843404,0.08797012376211705,2.731351541866382,2.6954213433202625,1.1111323454494288,-0.007728684272119073,0.12674973197678596,0.0869366097652395,0.01908537742613993,0.025272829425009573,0.014536779218004541,0.03714453078159115,0.19642725056714616,0.016155567798163368,0.030413929396875164,0.009012924585362328,0.01687806441468817,0.027717364411161634,0.03973749839149135,0.0031788023318388217,0.663192551224514,0.7053969812160159,1.203394339391664e-05,0.0009370800796508864,0.0073554044299688915,0.03603541612719789,0.015943001365106152,0.02040787638003589,0.007578964662195677,0.6633537075064582,0.7875764027832772,0.008460811507487523,0.6224748371074734,0.4864424383167846
angry,0.3765694297912887,0.3070514780547297,0.3081375728993305,0.27681750990206005,0.34614924250554224,0.07607882565942536,0.45844780919241856,0.6734544755730142,-0.22016759678585165,0.02303091095236087,0.22814868762636692,0.9152164210207016,0.17243278734050504,0.1935192762667171,0.04558994267937071,-0.07334060813536987,0.08780973235457754,0.08539187432807388,2.018095533428361,2.6650283063783307,1.036897357628848,0.001349079943096884,0.0360111449092717,0.031242119917361238,0.03213085939521491,0.02953508123556735,0.025450383074918214,0.00664464036915924,0.32475969594364795,0.041920248814700356,0.010074841799761165,0.028331728212762558,0.007719272707643068,0.033108982062823,0.011076834352533997,0.007478557461979998,0.7287657523303099,0.7446197403338977,0.025260753614014857,0.020901988179791182,0.005762970961133198,0.01963668882061534,0.005134481705215747,0.028366245745012734,0.03074973768534129,0.5976052661450638,0.6271653402992761,0.042777613438637334,0.4342397007607881,0.35557420499491105
angry,0.24885251760365712,0.24350536867313877,0.2669954450264855,0.3494940229417745,0.3608117833578302,0.12315514657726677,0.47606744190745215,0.4300269664924567,-0.2143129998159983,0.02477959291260457,0.1516200482572334,0.6566864903378655,0.17401829673588295,0.20018622391827415,0.04210601418298794,-0.03393406554218097,0.11155254143796267,0.04563536163108299,2.5505507321840835,3.0408302887054446,1.254310799599339,0.046335618875023216,-0.10193883891888103,-0.016845517061835413,0.009921650423152545,0.01284648439671748,0.0011923967310866201,0.01944858056259333,0.2949958558555468,0.01572202800044526,0.023387803939717094,0.0,0.0035713635092239175,0.013410975287140765,0.01931714420659876,0.013579419603404596,0.7729482068613623,0.7293812803874443,0.001157802056487859,0.013048239893907918,0.017228809175906037,0.01596492865311877,0.021453346944353892,0.025445629416177565,0.02886244094965671,0.5366449164488609,0.4424203196080215,0.03653075275447189,0.48854459156110885,0.35453376488260613
angry,0.293031734360202,0.3351028731421928,0.21710069223963435,0.2980253486621828,0.2815743042909024,0.10856424629260525,0.5748675299963072,0.4693664280566425,-0.15750762957067507,0.0035752984615095434,0.26937340188261816,1.0,0.19657900983807708,0.17676634154051044,0.05468758123168726,-0.1096087971838043,0.1096799588925913,0.029439772609954517,1.9832312553659783,2.2073078363810748,0.5606443537493502,0.022216404519393714,0.09611952599413115,0.13833412201915132,0.015492007855065711,0.008314736481981926,0.017264931509419813,0.020022396406264104,0.5767931942981585,0.023961216963047614,0.024343464228785992,0.026442979857850185,0.03133351065913464,0.02590563290010874,0.02366226931751355,0.029246209941320867,0.5573365579168896,1.0,0.04066648798127418,0.02282276477417077,0.0016309161446860336,0.03573455562240828,0.010979605512158756,0.026939933215474162,0.003322227176788938,0.8226406898973122,0.45577832378913796,0.020896818914114518,0.23778127854885073,0.4458777547803678
angry,0.3392084263080092,0.22674573048538915,0.26533799664167335,0.28559483461437213,0.32725735405981043,0.10920936066017642,0.5059724495065605,0.4706793717549548,-0.09354740693547538,0.0083277689269892,0.23166396000643702,1.0,0.1178402676066589,0.20882680626630373,0.06184364611391706,-0.03616440867584951,0.11815117333225525,0.051755528987777404,2.2397737885407625,2.172523217453094,1.0886138746861747,-0.03402281641106206,0.10234650545153695,-0.03403035452734923,0.002635863083874066,0.0393313836864749,0.025852045146360997,0.00809053801578002,0.42713569626625847,0.03507152022992632,0.032906300230906994,0.007940698028836783,0.0,0.02514001910365294,0.008470694786102968,0.02809025757774651,0.8950270388336241,0.9113633111163383,0.04268162631772091,0.03607263993500495,0.04274413477419228,0.03792778446205931,0.03906082846228817,0.019468714189128957,0.0032387563939790948,0.8482270254482412,0.6062952935216019,0.03597320483166505,0.3949725168975778,0.5463922442545639
angry,0.30405565595186973,0.33574528318325764,0.2231045680752236,0.33629825039061123,0.3674666837150208,0.15864778956885645,0.5047636687474089,0.4143882864352053,-0.17087058628433044,0.043779629872247997,0.24212025806778825,0.9466487161840135,0.12006672311379273,0.15414941789042497,0.0610481050535439,-0.069385009276223,0.051341711025838656,0.061070719738782,1.590258154328513,2.9611384233973532,1.198374288342512,-0.19559706600319726,-0.03693990519008586,-0.00787288667138307,0.013975521166259101,0.03287200640843875,0.024595490749795203,0.03722405891056524,0.40804756133895675,0.02180465176327428,0.016291744376227185,0.023418572855973124,0.0420733614372603,0.01346406578920643,0.02842341694129827,0.008554233420896637,0.5933267882321551,0.820745874037011,0.024815270505102502,0.01856933349724771,0.0005521953799609292,0.023955913970341077,0.023462077243812798,0.008445851795796544,0.00240460957085074,0.5747612072294033,0.6652929246777768,0.02541651151329588,0.3619163002165922,0.46369250850220073
angry,0.3496613309688854,0.2137035279247173,0.3400873671345745,0.3890553098777312,0.28777869611560125,0.09142478452459299,0.5300648174740159,0.43557489593521226,-0.21412506802780368,0.018715670269035468,0.2341121190458369,1.0,0.14741672090417884,0.1796126569003046,0.06709587712266524,-0.08179995864240013,0.061781550150977166,0.07165866516835659,2.030413917727395,2.8619350883859713,0.9032359679605548,0.07097011243804537,-0.10553991383401332,0.005052429443455518,0.018427172281341896,0.026626568307804053,0.01886711680048716,0.004620919369827092,0.16131966931564856,0.039802446683543685,0.023224496624717227,0.035168413686284795,0.03207269829168584,0.02775900873955453,0.015822614383088116,0.026366970033308672,0.9432536946370725,0.8083010928273757,0.04472211357718947,0.0005075154759308712,0.0,0.032844977788752124,0.009356341825228582,0.04656337996557413,0.03738543782602827,0.7587571506758042,0.688443630555125,0.008019412892286172,0.28406583998648083,0.5995294669189022
angry,0.27603486200135474,0.30298647958543623,0.3041951286433532,0.2888674286277106,0.37841279792056226,0.13478502151498836,0.46206359589112295,0.4035004350307264,-0.06776183822382835,0.0,0.2333167782103397,1.0,0.14935098211321354,0.22749074126634938,0.04953824742695904,-0.09637100365847354,0.12408058349159182,0.031000522497789392,2.382487834383261,1.7016643042832311,1.2125696181985401,-0.11996545648096457,0.14263971189547683,0.053569180818348425,0.020569971430775425,0.012983955030745115,0.025065123282557146,0.01896558831821876,0.5054695627305548,0.027281962854444657,0.025885025027366584,0.023794195646282663,0.013861836064888455,0.016076553850315936,0.02322680592287156,0.017746326667607233,0.9111452830432997,0.8093450189543754,0.024887565901726708,0.0017651088593577044,0.03226199353678491,0.012444743282233533,0.00644550343014272,0.04140041811846343,0.02906907979162369,0.6977095718891775,0.6454496182907318,0.018789039653251755,0.42203959919437367,0.527911018545667
angry,0.2697394354150379,0.20751156086572148,0.19048081746831322,0.20717235476663703,0.2772403514085128,0.09419954947218043,0.5029014719201916,0.4477828772678327,-0.0862651586146326,0.020583606824096753,0.22040564278380598,0.8619289817137118,0.23263577303471908,0.13103785458174722,0.055272930087492934,-0.08544951385247701,0.11954386493761253,0.049635485479772645,2.102809204325167,2.349343542578084,1.4163591783602874,0.09060152337906344,-0.00613653731332613,0.16580342917606414,0.02003127650578377,0.04560546575097514,0.023539212061157964,0.02028287793036525,0.3854673040145562,0.02733520969590732,0.01235088615220632,0.02189465118750748,0.02010578118340164,0.024228220090447467,0.024550394241402814,0.02522593344239087,0.8094904746173293,0.9568943492349374,0.02549339461037229,0.05387782174867127,0.020648068311356346,0.032465872801917275,0.010561360291129149,0.03821026031904695,0.010844308821931896,0.6455878017956095,0.5735572798435874,0.025876101362519475,0.426520376312851,0.3710747106078784
angry,0.2129797984462852,0.33695990046448315,0.23364126262298152,0.34088476084319835,0.3304240831177748,0.11540776165628387,0.593622160378034,0.3857803283200938,-0.09556820896452684,0.03637465196162103,0.20069974895125386,0.8362725789714633,0.1693740610654199,0.2025022218791496,0.025316665205683344,-0.06345794027425053,0.06479033145635683,0.07263328945163032,2.26697421912929,3.172210301731191,1.2830562119521107,-0.02172738318382277,0.13874221117274815,0.037382101480411815,0.016038114135427103,0.009617197242170373,0.02310558375501221,0.01960674234978763,0.5186139034877277,0.007927955387386958,0.046271726005992726,0.03657210024229492,0.017354192806657127,0.043371671669289055,0.009819334764255455,0.02267266726889797,0.6723528948430346,0.9846569256301411,0.0,0.001274257948591949,0.011748729608204354,0.0371902077707901,0.03241298351902551,0.021586658166978388,0.03324604074517484,0.5884586275288851,0.6422428779267996,0.04147243898352951,0.42533811267957866,0.37336273792282937
angry,0.33217582831271375,0.2695345249158574,0.2866323924983416,0.3206016185409985,0.31580485709205947,0.14033179073222124,0.4786406093750258,0.4264475845435953,-0.09888073194035953,0.033115060923511644,0.24322706324556387,1.0,0.12457214468998071,0.09403826425164741,0.07231712942586092,-0.06683427661381604,0.09946056458461826,0.06215047798615271,2.726375729091422,2.98360801510702,1.33704858539556,0.03762973714615924,0.06662468767423955,0.008835818971622292,0.008472566773175634,0.010161719561391608,0.0,0.028235675160503963,0.5108627197461166,0.035472314600489656,0.028780596126598085,0.01799713084304492,0.01266439299516813,0.009270257650820055,0.017875476960852413,0.007288258699346167,0.9755954065008587,0.6697628446934399,0.017438307400440098,0.0,0.023855213196874846,0.019969011773157307,0.015361725402685988,0.007873817541609299,0.020032003862639015,0.5455539109985762,0.586313211063333,0.04544659002493391,0.46721772158925695,0.5032867207974033
angry,0.4102041522523157,0.2650537598655141,0.29879476577497077,0.2544380816700203,0.1484600378879037,0.0802542167017086,0.6345049883699165,0.4961427478411694,-0.05436303195786192,0.015479610945884313,0.14929506688730015,0.780921876971977,0.19468991615863424,0.19914813364605335,0.049817583559880994,-0.09590747037308957,0.12349289217008111,0.041226433204983176,2.2000404828028777,2.5237363822998082,1.0921955504213527,-0.037157182054439596,-0.07059919587072858,-0.0018366170758918293,0.008543151336485675,0.014444708872601505,0.04435708317507071,0.03446182222246032,0.5020388731281978,0.009775971811927403,0.0013100394514304337,0.03425442480486207,0.03176197438584928,0.02178423669687318,0.015182981461415009,0.0009687194949445886,0.8867400444378503,0.918613511496591,0.01117179842961447,0.010086205190384901,0.03613380502511444,0.011655761982384735,0.04312778270213297,0.01858232714774577,0.014974697810733554,0.6045108001213396,0.5613368265635981,0.03464076102251987,0.5385810139575387,0.5588106292750832
angry,0.2578637668383458,0.3562630186855139,0.3321182336375273,0.29496623132285343,0.2490438773775801,0.13852099220509545,0.4605930205046833,0.4399120218347531,-0.058013891211241675,0.013370665426085119,0.21043219296011395,0.9148092603726958,0.1312869406492519,0.202155811568899,0.03665896696812711,-0.09712165196933369,0.08238911301495841,0.03972627144218099,1.8273527991948604,2.5433233520515395,1.1313708709826285,0.01476157925552502,-0.041071904847752666,-0.0007251205942186369,0.020624105796705507,0.05059924499401007,0.017977704645710434,0.02786431908907277,0.4718749599335979,0.01918286388326444,0.023559388710085498,0.020269076473411533,0.02263325914424922,0.012375281738474218,0.01357525297546229,0.020219989292679992,0.6028096356149006,0.9496072789765325,0.04809115423398869,0.022214553379021288,0.028651099304263062,0.03405374971065646,0.002779293385482502,0.032067613288697505,0.014456282672355074,0.8290724229816844,0.5811740430001305,0.031806368901231584,0.4321587069639867,0.6696692756330447
angry,0.3010241180065364,0.2919083848543282,0.24531534907976316,0.15776690292612575,0.3590915659653888,0.08777902224139289,0.5406440111353573,0.477256577013464,-0.07198972875919518,0.03042460276142316,0.14605914458562397,1.0,0.1672840070322641,0.2348529307098248,0.060346131164894,-0.06191092886103179,0.09319393010729375,0.03402939163811365,1.9593117383345793,1.7705406712720673,1.0513767528434173,-0.040988017363112424,0.10485799085946503,0.05013423059615571,0.0009659317059873794,0.001309369551148458,0.021514225013940725,0.02694263621355149,0.39682065198247846,0.013515723534600774,0.007683693890893965,0.01587649109925876,0.009311100464039304,0.019183200352422953,0.00022008693697422518,0.029117128516674466,0.7432968877924309,0.8376256900282338,0.0315338859432055,0.024262321465103,0.030388648264775074,0.0,0.013592863371849477,0.03433999666825809,0.026619983998110882,0.7848463265551462,0.7704380479967017,0.023894697747858278,0.42480213811151935,0.35415612869330104
angry,0.23224643711746562,0.30088198255114634,0.3682252632633962,0.3513291222526642,0.2822668967951322,0.12535072119001775,0.47686544218001337,0.4468454128023947,-0.12412490902589617,0.01740077820615257,0.23953198368211812,0.9712996875471542,0.15304835648965137,0.16009119379963646,0.055353319672429194,-0.06714046352950175,0.0921716838920804,0.030189901601940725,2.506563663052668,2.8420732400964805,0.7943227238208763,-0.03806468524281979,-0.03674222176404295,-0.04745993539053719,0.03741457800307589,0.01728331463467082,0.022469832040352855,0.034796899780684155,0.5652538786629053,0.03303724870559189,0.02313339648635727,0.00211667107806102,0.0,0.03141606620731855,0.037446394494678195,0.009409616809105376,0.773022003526127,0.7442734111614545,0.012409299044642955,0.03397449539059555,0.02283885072579735,0.0170206819518563,0.05454776026663484,0.001352528312901717,0.027122844059445213,0.49510217148278046,0.5842563128005759,0.02193229899801475,0.5344595719635092,0.4238818104838978
angry,0.31288010970876773,0.29462938728065924,0.30262877090838264,0.29617513486068053,0.28939171220604487,0.12939000845577128,0.5291884514371687,0.5596470454292901,-0.10509622594016517,0.03758463323052045,0.2075175208083876,0.919370102613447,0.22421872788623257,0.2224717292230192,0.04491711787898931,-0.11138774708059132,0.09490089482518818,0.03801480227765189,2.6604636318088195,2.736915342928706,1.019070245760835,-0.029355847823747352,-0.025117658803215707,-0.08639621490409406,0.006415117511354837,0.009881927440800778,0.012735271899937659,0.017832894880636475,0.5114546490880888,0.007435280412410953,0.04976398418300515,0.007737096921227489,0.0016823794957702108,0.041947962729205125,0.037176322797880426,0.01762946562916829,0.8381332315124527,0.8406569119102014,0.021777261573666263,0.003145765999883851,0.0,0.00901855962979558,0.04361000734782232,0.04412037553544654,0.016596119461599983,0.5042035777476328,0.627812121972938,0.02570675554107133,0.5100719519294058,0.19729713171624025
angry,0.24263916323163565,0.3313398960921395,0.3057605199817962,0.30506811184189814,0.3252084048502446,0.09718200989438465,0.4811443255930909,0.5062931209488966,-0.10626732503671892,0.023781984678184948,0.26178580399633544,0.7064411642886854,0.15047835569333806,0.19102258641026937,0.03722731729873829,-0.09188097614731823,0.1321935445722511,0.047393007955739815,1.5055064159929585,2.29018849717631,1.1706928240406325,0.252620494706013,0.1019227201239269,-0.015829096299173326,0.02051596392193225,0.027228486737503388,0.02616705147182116,0.018195260719162186,0.2806960241754567,0.01426518972871169,0.011903904763916623,0.01629365056507867,0.02898519095835253,0.02525333574432878,0.030712074278641914,0.01500691835316368,0.9508360768284734,0.8672838512596721,0.021459050863945443,0.0278435055969136,0.01121511460979659,0.0,0.012112947202092883,0.02971694044414819,0.021042808515956527,0.5863165527322126,0.5152159929222272,0.0,0.592484562081479,0.4292105258188393
angry,0.32583024224372803,0.22970354786103042,0.34055623418226383,0.2920211269593303,0.26642017966070247,0.09265969033006125,0.3892944630850955,0.3476320245369688,-0.08895476137965642,0.017130836832590916,0.23851628600935812,0.9938000329972558,0.20029602112006986,0.11122950799182715,0.0348316956362522,-0.06291905733794456,0.06812923264660081,0.056528638966714055,1.6480210114939633,2.456207603769247,1.4562382324842345,-0.03436303855177528,-0.0604481640382685,0.10036179821013033,0.03006980149931112,0.0,0.0310288282561104,0.04368909694748459,0.6797016010161739,0.02617598458709296,0.002262540989490386,0.025650813714317582,0.04074843677843904,0.017567853663246053,0.03356041599747325,0.009085161014590056,0.8372353253126851,0.5510420484829873,0.007645640036122664,0.019920431585335872,0.015276362502506337,0.003091972574415295,0.013504469424895572,0.024285515630083958,0.018879041367567156,0.6060937569870869,0.6731968803085738,0.015538884890467796,0.5859177883051915,0.35107289338985875
angry,0.26495542737998384,0.2907502507638103,0.3111308883533428,0.3602001551378401,0.2262674813591704,0.11093606555153118,0.28597014543413957,0.43625921234775006,-0.061843499848501675,0.0015710825811595178,0.17202286641905012,0.9836712526810663,0.23133487907438627,0.2025277248667849,0.016669186804572855,-0.13049385239138822,0.10244366082323549,0.02936325766232407,2.1444230455193383,2.52398815525827,1.0698846180389812,0.1542402042447615,0.10017347674448362,-0.028479822440977753,0.04359180582133457,0.027676073664145796,0.03575068142432429,0.03196756285753109,0.38499264380501325,0.017472185732588477,0.016130939521225983,0.02885432928250317,0.011545252694165772,0.04242542824644938,0.010303699052258891,0.02278817593986137,0.7770919187954052,0.7549206685613474,0.04824050908202697,0.01429229356163798,0.016038624647098456,0.011366263220073431,0.020533528003955998,0.01868301722454498,0.005449709300844039,0.5575630135652343,0.6609686542783961,0.0333508290424854,0.45240006129654803,0.45589947906532097
angry,0.19905422837957454,0.2434727729464601,0.32701074910170674,0.27665706815165525,0.28096897239682767,0.09086287000713382,0.5464648441020369,0.3780503507838213,-0.10891786646440026,0.01910994026358787,0.22203780475284307,0.9872634370852587,0.18211510278991858,0.2205313426360604,0.049487996760648745,-0.02766870819722908,0.10111199847417116,0.020189329554495282,2.307450866396713,2.598016543985568,1.1659882858441941,-0.028879605741222125,-0.045219753176209465,-0.0735658423905842,0.016625572896925123,0.0,0.0,0.041417749866467256,0.3414497396900613,0.03255306555817871,0.0,0.006390842160212545,0.028822332309462306,0.018667486535917772,0.026989673235861926,0.0198227766429125,0.7792328035993392,0.731995617182511,0.004477965472909989,0.038235116766522484,0.04037501837968846,0.006496861588325608,0.005646971673909672,0.0154789491485128,0.02442565519322098,0.5818181792043331,0.6499520065247721,0.019359763681052248,0.43853688585507666,0.6913078736769869
angry,0.30621286234240175,0.17984114450462468,0.28161498949887404,0.2716917883432449,0.30110498802922603,0.07342583019030295,0.508609991051379,0.5263363396011076,-0.07319902791732233,0.015031676687001057,0.18821724693859682,1.0,0.2449747499195034,0.19267150093262106,0.05791519900696175,-0.08704770337645994,0.08741324485260593,0.06151982892557873,2.0655283006148686,2.6023298991023225,1.253381261738973,-0.04201626012762455,0.14759522035420924,0.1157490454144691,0.02451771890880581,0.02725211915204062,0.00891092547411881,0.00811761836749119,0.39573783933927437,0.019758702836603782,0.013209803252644828,0.023133003853390784,0.03180682660084252,0.03543765436399532,0.03835940434441303,0.0029075783802565945,0.6837001426291575,0.7710354606558354,0.021043725033095893,0.016900565949859146,0.012815688707626855,0.016042562877434163,0.02628307969162254,0.0027149081917035786,0.05046364324363234,0.6020993543384299,0.7050847394228725,0.012459936365461402,0.5074349592524768,0.4600091072828576
angry,0.20241309593067375,0.32936743917029726,0.28617342728771855,0.2439920315894881,0.40736362285259103,0.14621744316418947,0.2892750172761822,0.4637007900193014,-0.09177349781077053,0.025742162508131595,0.265465888248353,1.0,0.1898119321837357,0.277668489077848,0.0663948141473826,-0.09054243485533768,0.08619131012929121,0.07175847630203815,1.8422898763776066,2.295323799504425,1.1159187719723078,0.06854467151106346,-0.01787822260413768,0.12412508536717426,0.02462349411258996,0.017485041281499438,0.0028793783457581983,0.035107036593879926,0.3595601351214885,0.046259158494393396,0.023951870094377912,0.036473697297228075,0.028201199684350305,0.037095731528936145,0.02741440695143762,0.023057194841893485,0.9093234091856517,1.0,0.016492639798136623,0.030334050840425182,0.019931816007368066,0.02657876726640945,0.02054806124849494,0.0,0.0173975726694037,0.6999555072808534,0.5234793376731429,0.031972303759930064,0.4683609164390345,0.4308509469145791
angry,0.3328268105445816,0.29056111261860623,0.1944773662845708,0.27920335197772245,0.20075786674710738,0.11643412065521586,0.519455487545205,0.5229819237653107,-0.10043621203080784,0.03258302668206088,0.17270189985197618,0.9335960444263711,0.12764810841409605,0.17620430990697328,0.07828440537882325,-0.04720288452935919,0.11655713516186056,0.04682164599948875,1.777081695055186,2.5206029506286223,1.3643643530553042,0.07246523082266942,0.06129283892078355,0.03364376569584281,0.025328329360370046,0.0,0.02135994166250586,0.0,0.48041838331060077,0.010990899275132703,0.004099421801911873,0.030633098615518647,0.027271911883391824,0.023021186511384743,0.048492203312963666,0.028254997871327427,0.7355043070072633,0.8519203867484942,0.016280994535846242,0.036467864684661025,0.023652703688795566,0.02493900272840583,0.0012492106674611772,0.02079757105353838,0.01926854389455163,0.4975786544789449,0.5778498513611154,0.02566478176659302,0.44956504006559866,0.3087900308415966
angry,0.28444769321851,0.258596120770184,0.25656550094198577,0.30369724233914747,0.3529637215242609,0.10696601306770465,0.5602878727100303,0.5378223008602465,-0.06013270015163391,0.037792159473439724,0.26688848550222166,0.7741457214031368,0.20395477228268732,0.23690534128526003,0.07448297813249083,-0.10312156439041859,0.11643451312328595,0.05131605363663234,2.700294575727474,1.926297411791095,1.0184507170181927,-0.021857346655755464,-0.042122231013588675,0.015481081842494627,0.0,0.02188001173143007,0.04942992350050547,0.0194235589590672,0.41010333225242546,0.027153104018101663,0.018488223694905218,0.024758338248873045,0.025098751701261583,0.009007763522784151,0.01877739274985431,0.029645128044373203,0.8928576116563096,0.9298501656194276,0.024360668868176324,0.02462521424617773,0.029752403247790125,0.012267987223572996,0.011734872324140892,0.01837762785049282,0.0034247699057966506,0.6406900771699909,0.7049082036168264,0.010769432617101395,0.4935149189885271,0.38708689490580067
angry,0.21347539545943206,0.2911652006468763,0.29396311687995985,0.33669776776544674,0.41006754294304487,0.08057175462013424,0.40517114505702273,0.5746824260412814,-0.08243504937976862,0.03040105739090252,0.20230393913478043,1.0,0.2097177643466983,0.1972971848225956,0.039763763320913886,-0.07679913336834665,0.1412121722120818,0.030855564329435595,1.8400653028793723,2.213004580760824,1.084408907294207,-0.08132604015959409,0.18500049393836998,-0.08017865088137939,0.01979542307522665,0.03246142336662478,0.025998383487427015,0.020790933656544573,0.42769934750803457,0.02811188248472133,0.0,0.033930594492809815,0.009256631742476769,0.014234365174692655,0.024425659182146627,0.019019724235949075,0.848693044109334,0.8141827918456406,0.01623868026819892,0.03987385620189167,0.029204851916131758,0.023927525226763054,0.02900275793117177,0.010830716594802555,0.0482720326436169,0.49123627989168617,0.6113168658293401,0.016276458377969375,0.41755856245729517,0.40457432436852403
angry,0.33114532273155867,0.3137239622054911,0.260193661152674,0.3292934006086619,0.2913155540266884,0.07247484153726622,0.36549139176300477,0.5007967175264011,-0.09585718705259907,0.023146148386149853,0.2082545038197848,0.9209591911212692,0.167954533184931,0.1227426507956906,0.05107193187948489,-0.06432635416371497,0.10169021996945515,0.08096011051033605,1.7735173029302564,2.2004333468726207,1.1844754952057952,-0.06173680007988011,0.10695079843273074,-0.09637622356663073,0.02316896853250161,0.0,0.027835073998382837,0.023228118914222783,0.1880607056166909,0.018482779504496016,0.00948896021479732,0.014106797563920727,0.0026046897991877822,0.02541045282275644,0.042903092947412944,0.023445306464213674,0.5840615898236354,0.82855960373328,0.017469695701412543,0.005686837048196659,0.024597109808083356,0.03143694146565563,0.01130958473538921,0.0,0.0,0.5334314906414678,0.584449653074019,0.01329192767271277,0.3816717907337618,0.5067899527128155
angry,0.24587201765464348,0.2230829197769545,0.2528386489401767,0.2674783475575026,0.18717907991741353,0.08636078401132574,0.5356259180266225,0.5120661408728844,-0.0989926457217568,0.02171103456208073,0.26346695578426094,0.7883243960326358,0.14430139648737395,0.23328536803700853,0.0504830856946774,-0.10013534921132536,0.11379811566891176,0.04232682817046026,1.8278042139713613,2.1233296906426737,1.219165082428787,0.03702608369167394,0.017963406248417288,0.06531902274752849,0.022675601456198614,0.03971770796652736,0.016228839794180463,0.01600705716562714,0.5439633530526916,0.03281340831260868,0.02188367794891561,0.0,0.009445887830317978,0.006296767633959427,0.0204738730996918,0.013391565510959925,0.96029048928423,0.6428562786225992,0.004902583680134732,0.023180174203438073,0.02677866864693421,0.0,0.0,0.016573151989172016,0.037628567209304575,0.788776088521697,0.5585502509836974,0.01778158929353459,0.36631342427153574,0.5133206399886122
angry,0.23639635133296835,0.2804262442241107,0.351800908630546,0.277971559590936,0.20015140338587356,0.0909997686670633,0.42837550410465375,0.3088493925016139,-0.11071850672006724,0.02657806062232017,0.2757967784445493,0.7468125140814252,0.20702929295768424,0.22722319182027126,0.059093366291367924,-0.11020404898532374,0.07337683298143721,0.05170094316496676,2.129307739450045,2.2388137312026637,1.397661210490119,0.12228236675951447,0.11304186636420446,-0.0023200490124333155,0.014790229427603215,0.0,0.017087265311437116,0.026243553527194177,0.4341961152061046,0.024344893632819303,0.03942185718663681,0.005507722567872384,0.01449179147144123,0.040085702494135234,0.0,0.019301972186363998,0.9228921115237034,0.9214016250934061,0.02858151284700259,0.02891071092290202,0.006466699400283238,0.03785130209107941,0.0043991977532846765,0.005174630748146124,0.025042363705128693,0.55069855042828,0.6206696699039759,0.025599972030642952,0.6278109739375549,0.4933724585566409
angry,0.3274840872675542,0.2833606518176013,0.30082827844016136,0.20206403125869257,0.17620899226501818,0.06246439418966419,0.5852972413166312,0.36101800122935046,-0.09070760792044273,0.011655198614160832,0.21279909702342278,0.9431801611019379,0.24081980182902535,0.21250346293546984,0.05673807995560615,-0.041099047036664116,0.08417007840596046,0.06869600209665008,2.3929233434265877,2.785937009624434,1.1314769266642826,-0.049482744332676694,0.06088391623675217,-0.06654033600656897,0.014314906354893428,0.008692292612797598,0.009506629255435006,0.008078829036239604,0.4366847761826076,0.017031627927489062,0.02560820256984025,0.026342466255486453,0.0062231712942516695,0.005833009082580018,0.017027415018746935,0.009923430593020845,0.7119587860473715,0.9695687009074871,6.638796559363044e-05,0.04629983755461414,0.023755392983668154,0.03282109767923304,0.03128832662529301,0.02802046930445847,0.04160381338886141,0.4917583311523218,0.5843621622221591,0.008912990137490284,0.2803920468967617,0.3838758881441776
angry,0.38846301249904663,0.4357467789121963,0.37908563699311193,0.42969725259335934,0.31788421475806483,0.10570820584216684,0.47285005049418966,0.4500048208573032,-0.11401347459329828,0.029778373346994437,0.20602546434110386,0.7399123037341716,0.19345389551018347,0.16332701387849458,0.039687713794251574,-0.08428259690942515,0.09069641951165314,0.06942574361904212,2.0458089996549136,2.888069738298461,1.1979069898053563,0.1498038222579057,-0.01561200276759432,0.15868125706668476,0.018849122974836284,0.022056866321728326,0.0032088117677304615,0.02439500346311905,0.4849189296314961,0.03288105554900093,0.002421736890087716,0.00025325737084130537,0.013021359173949124,0.03800061065390742,0.022872680116543198,0.00992896188327337,0.654706053306962,0.7316010695546384,0.010229835329329988,0.032163030342388335,0.033163075242031576,0.006351275661517827,0.0297911588005608,0.028459839682780565,0.004664149408081885,0.5916181301172098,0.6340819988157417,0.022122060443325667,0.27894589231914435,0.46311824545166186
angry,0.25163643586049766,0.2691389281746243,0.2951432279084783,0.30533597721925704,0.33323693933819,0.07187033644462146,0.48075616092048257,0.3924783080325118,-0.12573335608222314,0.04220417715433068,0.17805271573701975,0.907381211062996,0.13283810642450689,0.19589311702024326,0.06834407601932531,-0.07491034643467191,0.09708210366660842,0.07324704075841092,2.207413291300947,2.7593861862577085,1.2916073591795048,0.0509011913145341,0.1421634751980771,-0.053503296011771874,0.0,0.01900330552692767,0.005985031904542418,0.009218880375960796,0.5474586107325293,0.015127527910806304,0.0446033865454781,0.0017000505364788768,0.005912279856394215,0.029910558592375618,0.015562170243139387,0.023995255375813648,0.788769317363025,0.7857423762033993,0.01604493110648301,0.022333413685300577,0.028341297737862738,0.04098748796264219,0.01736733704054337,0.014882702156733617,0.013207999766031282,0.7469783855032499,0.6690324897113817,0.0,0.2556879297203618,0.36699421205019145
angry,0.2708769410064695,0.352665776111705,0.32014979169624885,0.30426671339136274,0.36299366867937577,0.058777344392119485,0.44340670976844515,0.46065720372491886,-0.09591854000189962,0.0,0.21218779279376554,1.0,0.19765499867670142,0.23566599889598674,0.06332634331711805,-0.08182538148116124,0.11687434372371888,0.046476136377793936,2.1477015346479273,2.7500378871806297,1.1516646540534001,0.018411635524349972,-0.0030123125296821506,0.04118228414749447,0.02470586583391389,0.03249701400112116,0.02925814318960769,0.036035134126457806,0.6328448297952911,0.029138061053640266,0.01400319683173819,0.02665369962165741,0.026094639414375426,0.027975639015634962,0.03943521121408584,0.0,0.9513837991329734,0.9850416868058114,0.027384918622512792,0.02769775605590073,0.016858617505626516,0.020082211867617165,0.029073378068925976,0.028236181106014217,0.02936922649004404,0.6626668571603284,0.6898389974142369,0.03022643270981342,0.3475651334739868,0.533226804350788
angry,0.2323006444045973,0.2784523437802574,0.24665977610588738,0.37585716888330895,0.3902262104924868,0.09752009699781095,0.5407572680062934,0.5779235636625084,-0.12131675431846677,0.021686770953360787,0.24200846108880952,0.8215129578181566,0.18407361102293873,0.2724973035887746,0.04124976339561981,-0.05438521277880458,0.1130951111534253,0.04713409659769834,2.1720379051955523,3.1116140215136348,1.2618618749705912,0.1486869293132982,-0.0023964076759862086,0.1199583958385982,0.02922764210239642,0.04081120985127283,0.01623766431902381,0.0063901061721080114,0.5768347391590279,0.0217747831740396,0.03161681105193718,0.010089720586948315,0.025050841968200146,0.0057398737967958545,0.020828617916465203,0.011576998592682365,0.7122345665087448,0.7696877330634077,0.0,0.004921268308892069,0.030171384031384266,0.024519663064120453,0.006035569689486101,0.02712235640304586,0.008583230062025493,0.6721963870413419,0.5884360926538174,0.015773399044899748,0.44089363762725453,0.7059528456665709
angry,0.2299545318473754,0.19709859245489153,0.24874289656596704,0.3417704760609877,0.28118981015494443,0.09422235171597439,0.5205846479751361,0.38750841133914843,-0.12355021244584465,0.0003200664628813521,0.22962157182177387,0.9849998288716825,0.20943484303218704,0.14590763893065165,0.04664196733648271,-0.11835411081374561,0.09384733284610504,0.07593129132022144,1.9957553543084556,1.934365266347549,1.0349022152446337,-0.06070412156178805,0.020390279963974085,0.06250949675938967,0.0,0.0031549525755061487,0.0287228303174402,0.0011983179142926528,0.4312328590354878,0.020334654786473453,0.013090132761786655,0.022955549740751098,0.007810400378485679,0.030930977210751606,0.010921576118559694,0.01497723044811047,0.7494648994602894,0.8689473564407766,0.027077770875615692,0.0,0.023305158171616328,0.0,0.01556281774154088,0.018593737717292898,0.015423243016086118,0.6500819222098916,0.6720076566079531,0.00994494469334922,0.3690202997502679,0.44640304463474834
angry,0.2016723706090428,0.2623138973157028,0.24920035772763396,0.4102897334763267,0.27041763363316906,0.08800472786603761,0.3701157180953659,0.450722439776462,-0.10919331779905249,0.008484341980945276,0.24966168402165895,0.9913371966039976,0.21152027294431172,0.1773667821781631,0.054255725790598335,-0.08639289484622245,0.13644203873727875,0.05203462240399359,2.1028450332023745,2.277013645369605,1.0650626919931219,-0.12349856644529249,-0.04292801776689108,0.1078462266709886,0.02309038697270975,0.03065463697184529,0.011100744727168854,0.021645530603289675,0.4184169491019115,0.024658725712882936,0.0,0.007978474903757153,0.00224402123841529,0.020427497546472693,0.008287346191425956,0.013548865460452277,0.6805719476089154,0.7596763462832198,0.005386653184156005,0.029852809746428358,0.02622996360734251,0.021952980659166586,0.01607475491415261,0.0,0.014043313868567005,0.5238543456312625,0.6247274217265522,0.028056193194456833,0.4824632662493087,0.5763038309126588
angry,0.288643252515983,0.2671560654918048,0.3760190995345287,0.33177518010604756,0.2895200704336254,0.0828513796588175,0.5528047320477498,0.46604226911894936,-0.11901932321846291,0.02879159355691617,0.24640263570561924,1.0,0.21270709629838191,0.20737791281775325,0.05971058521002897,-0.10194913564530306,0.14525884704043898,0.0284106584676627,2.2005477247116794,1.9453704355375758,1.1419443120541841,-0.04546513875080719,-0.054879829318857924,0.08303025831220616,0.012573182707714896,0.021764826327471787,0.024442849857649388,0.007567661861070302,0.39705855450484245,0.038117764891931666,0.0029405537324810084,0.008897301000893136,0.031189810422899353,0.02100821257220346,0.021965014087719337,0.03328993053300026,0.7205931298201708,0.7480664769902405,0.011645655735931097,0.015473360384637685,0.03741378710431982,0.0,0.004475155458169049,0.002246120125188669,0.038222021358917585,0.5385600065300237,0.5673326353915001,0.0,0.42376139638340815,0.5366521720841967
angry,0.2629464914599855,0.2876395677241459,0.2284251074342682,0.33601901368878345,0.3486787700654788,0.08678378228364762,0.5062519950173071,0.44149518119498743,-0.07411448073684747,0.04644395858075505,0.1871900355420026,1.0,0.22828368894802092,0.15262880689645447,0.03993538830617345,-0.09759131294687612,0.09668046903659695,0.043763603641139126,2.0355575088820985,2.7663405939250088,0.8111706431729472,0.02023656386183705,-0.009707764616876299,-0.12519084203613928,0.007339385518662112,0.02870906499072827,0.027186089932071368,0.006238951477565922,0.45597019503036695,0.037249270438657084,0.019362655311948373,0.006896506713169477,0.031374405332085215,0.042399590602621356,0.00848017605528566,0.020510276961350438,0.909015563488702,0.8115358714963187,0.0,0.02576443034421538,0.007275487727802312,0.0034806062130778234,0.0,0.03547529481115385,0.009148752852773459,0.6333336180247872,0.6578954430579402,0.0221036468675976,0.47965707799739715,0.48810480873994966
angry,0.27454095970285186,0.27343946950145115,0.30232462608618194,0.3605907536940838,0.31891479483132196,0.07972790702207098,0.28096042435837726,0.39040736654435243,-0.17377961446106102,0.010505161369309611,0.22726830966595635,0.9628695524453981,0.24875257182671376,0.20859863975516416,0.08341042745800728,-0.058545817880302206,0.12714266858262588,0.04371921024663323,1.7507844829179802,2.280517641222668,1.157816006355248,0.011047814931631499,-0.06841435628844215,-0.06794697297212714,0.011833934507934725,0.006985148481878933,0.025418890001469876,0.006929836839435719,0.24665080518814697,0.005412880519331255,0.01695337865257777,0.0071180515990611985,0.01703483125685937,0.02780577596862973,0.027467759609223562,0.011409263181838956,0.6696058412961051,0.7424376534850793,0.028523382527186156,0.031559550977579384,0.02458756897343359,0.035618668662940466,0.04247962755505185,0.013718036934316138,0.039325322301824374,0.5739450479208256,0.7019848697260064,0.02921144209274591,0.25229415807473754,0.353377286507321
angry,0.38757613646624345,0.26660102975564925,0.32441614659905177,0.38165439247299093,0.31145824351005175,0.09936717337712402,0.43095918559998786,0.49166081337088546,-0.08501223799869677,0.026003463778509348,0.232823892274506,0.9421915575657869,0.12106068257230726,0.22456208096712899,0.02751906040674016,-0.06141843073742535,0.11889341624982387,0.03004243817141229,1.9024647430533248,3.250856643149629,1.1453752682320337,-0.09770303330482864,-0.1603842328463299,0.07034519867165248,0.004137222219351255,0.030411430116269532,0.009955222327548646,0.0,0.4519769548046467,0.008083968394819329,0.024175448448891697,0.009435029504669266,0.029193654525505902,0.022385478219877165,0.0,0.024966163029159646,0.771026867156961,0.9416717642190806,0.02513770203720607,0.029830051968789198,0.010762969586727974,0.009729119239366476,0.019666558696212654,0.015311990351679959,0.03739411767873106,0.5846680941276672,0.47751782500162715,0.00924144812204741,0.5465051084614004,0.4332742655737073
angry,0.16377083248177882,0.2356509343894546,0.29258863260440976,0.28627686638140504,0.21417637089535618,0.12540148828378878,0.46267101332154476,0.4801486388402956,-0.10321558960866518,0.003119184803951361,0.22908636749288472,1.0,0.2221914785237142,0.21776863801299867,0.05897976902536044,-0.1321226379431124,0.09962663368056324,0.033259948884862195,2.5167045616325665,2.8767182583723367,0.9851026988274844,-0.017656941435980903,0.09541688122960165,-0.07318105510924335,0.019402283611821797,0.023230622765592394,0.03171028634735744,0.0,0.17903776861623677,0.02049593064093068,0.0,0.022061441327556837,0.02769870105657565,0.03606903880826105,0.011906612733672094,0.022095361399757034,0.8651509839660325,0.6824279991585642,0.03189952137077078,0.02356645022795945,0.012129197700824467,0.02183794743893275,0.01818865169266339,0.030140961353222244,0.015314018828089877,0.622709049337886,0.5379068381846687,0.007808043097007476,0.46715327919098487,0.3603232332981431
angry,0.2911165824574055,0.23997560518263117,0.19657573409831286,0.26715261579041294,0.2972325743900009,0.11303521812283834,0.4615846946114513,0.5203447826646878,-0.15924664685666295,0.015102920957141924,0.26933100105298974,0.6555102919249992,0.1632776906807382,0.14874748301113802,0.04658052792555362,-0.0930334246230835,0.11505388595225208,0.054471611539666336,1.675674289129159,2.2279688173748946,1.1599784629608736,0.06404642331590585,0.05330092789594113,-0.06120915650751097,0.029611951492507185,0.051628431700839056,0.02913634525642042,0.006837501032856687,0.3906154744600804,0.022352690535439517,0.013247918685534224,0.02611335147714907,0.0,0.027190945077263995,0.013806963508403856,0.01857383198795818,0.9465722939026501,0.6738482824391079,0.023545350621849797,0.030320980527083815,0.02221437395772191,0.0,0.03755515615491725,0.017252397344717372,0.01314196894898563,0.568951711780708,0.5617853608994416,0.004527664254252908,0.4664950586077318,0.3902766992085999
angry,0.2689950765446206,0.23823101294566956,0.20357339857205886,0.4206338862341147,0.33641593980838735,0.08268950197050523,0.581219519418203,0.5551025847511675,-0.17405110009820549,0.010204826623908364,0.2160302546451889,0.7868120228597008,0.17642655987229838,0.21741053493793183,0.025967934979359866,-0.0712099835607819,0.12921244938581763,0.057003854187234144,2.07542468469647,2.1977915857599637,1.3128749044662806,0.05367106177198636,0.04658359442536623,0.1300535529411048,0.004700038543375537,0.023156293544236595,0.0203317045296931,0.03463294334072622,0.341725123893111,0.013529434445389475,0.0038557566817914966,0.025684695569805318,0.014490394040580766,0.008793038295491933,0.010031388533195336,0.026982371454017814,0.6897039500276937,0.6985834035020317,0.03165269853172598,0.01784043251421686,0.032420786117795995,0.015328374400980848,0.019985363307843784,0.02203189053517082,0.038034721472908706,0.730587282621027,0.7153237038192335,0.011825354690839904,0.35131704306167827,0.5260791463060908
angry,0.3178460443334558,0.3187601579604267,0.28774502515172906,0.310580549360535,0.30540074352415425,0.08029758666802744,0.39683093608941367,0.395634496983003,-0.18396947107130016,0.021857179055529332,0.21878279881487323,1.0,0.22664653947022714,0.24098533304659137,0.07482314552042066,-0.10271243081867024,0.06420101805032091,0.06628801261614507,2.5491933674152927,3.037387148821936,1.249239302583397,0.11014077618406536,0.10465368589068631,0.0010439405866736013,0.0,0.024752923024636705,0.027220731282822333,0.03627697527636166,0.5429628693983234,0.03182523424400935,0.012365374322153882,0.006621474910815443,0.02694149497361199,0.00969860356446765,0.03917678238895082,0.0,0.8566886612394667,0.831953497474249,0.017312033322094883,0.007973488434038362,0.0,0.013091427081055113,0.013319518643958174,0.034452576565029924,0.009822876702358364,0.6452770613563792,0.47077601965582044,0.026243226523086645,0.2262299647815332,0.6595296177930695
angry,0.234465563879535,0.24589745714295236,0.26103864741846017,0.2635560565670924,0.2550973357612483,0.07103292620002892,0.5136886803548143,0.5430880101808091,-0.1301829529294515,0.01977072354958042,0.18621007419422267,0.9608306564963047,0.18850865919969131,0.18155315352601778,0.056931312110965346,-0.07073873653846925,0.07364651527273551,0.07087833149025675,2.032514965555388,3.082528279723662,1.2373573884531375,-0.011285402143828163,-0.25150506519591076,-0.0574199580447901,0.045622130694833826,0.035278499200983804,0.022953465165831202,0.010599610733944892,0.32984325252305047,0.026929445704772778,0.02186063908928193,0.012342658932115886,0.030829779318930543,0.02050402729462842,0.030907127598909442,0.007318889132879751,0.8999471668008169,0.850099556934728,0.035568405638004744,0.0327065965093124,0.01889560579079713,0.0178501309716369,0.043179402903682246,0.016222609898034535,0.029729638084891975,0.5618613007810258,0.413811691986235,0.004044591728522607,0.4905920884861984,0.5201131699605104
angry,0.2396877952706276,0.31090371343663575,0.2888196139683581,0.26834430972777534,0.32598856158067735,0.10198425415043616,0.4031124573062306,0.43621540254886904,-0.06345731457831436,0.03795154160890542,0.22564432417811625,0.958733241577811,0.1269772984712379,0.25619555686460194,0.06813598302893943,-0.0574414528788702,0.04313173207273402,0.05071614638647644,2.0586831697962964,2.7077628279584762,1.0770103303075733,0.03273707273761285,0.10313545512541523,0.03130081241873032,0.016987767186104254,0.028052368206411146,0.009943481227847176,0.012537445115678838,0.4193326639760962,0.03740031414354446,0.030510106583903518,0.03398025289612248,0.020823118480798777,0.039436014309178674,0.0,0.046289109839217524,1.0,0.8456616349536891,0.030819414286661666,0.01950600176793138,0.017275611280046625,0.012058685120263615,0.019362843788562498,0.027227135182874146,0.025458490013124484,0.7986603071691238,0.6100274545802552,0.0006452287025146032,0.6144310621223417,0.3279045721740231
angry,0.2048372074156113,0.24118344370857178,0.2029993120138282,0.3341942184827408,0.3650858936586587,0.06945404889383716,0.5271636463612096,0.5221353526851614,-0.14636283159646013,0.0,0.18786231942415813,0.8592232179964091,0.23704182133194016,0.1854453508618755,0.032380510420169685,-0.07556454335144179,0.06761630822836044,0.05900095087861111,1.7822591807366768,2.1357222880780578,1.229090536911468,-0.04475127404043394,0.024456882721581263,0.03337400658105798,0.042753037876428854,0.048571238283066656,0.006481748424865949,0.01224411775270085,0.4515532285037359,0.03519426152801317,0.0,0.02113537864578189,0.01366714130466936,0.0,0.0026168188600991897,0.012618932024667691,0.8058815019982456,0.9008102860264144,0.02460652549606684,0.032318012683179485,0.02034741636601441,0.010835702689819022,0.017611250599682538,0.029041725517099742,0.033423308201248184,0.5852125315556153,0.5070884737616961,0.02436355607333407,0.49779809638422207,0.5732719086053117
angry,0.25881345430752634,0.2566164225006866,0.3452152732472927,0.2245946916545355,0.4130911726876531,0.08468411467230433,0.5171714512170552,0.44156802620078345,-0.10914550860511456,0.01658377550309709,0.2456972995609892,0.8970331092120161,0.15880098054173125,0.2598136602959947,0.05051419719773961,-0.10027086683058622,0.06274283525220253,0.08264761554312966,1.9206242526520432,3.228343935034183,1.2333892006599703,-0.05430102983676838,-0.060101752883911834,0.060492815803166046,0.021857507603931868,0.022207969560263968,0.04880736221059703,0.0,0.4214341519507505,0.016552353102109257,0.01722978599392018,0.02194105407784475,0.016538696056550353,0.022445698673447975,0.019693492991984297,0.002923743683599562,0.838136603781088,0.8716054451699581,0.012953146972394913,0.04428264901691292,0.03736243269363322,0.03097137988922523,0.030813669672364187,0.02039126038392854,0.03483783736154747,0.7570754612062102,0.6808024012811948,0.01258631655643925,0.44603185617133995,0.507367003297609
angry,0.3623787633436473,0.22423937484501422,0.23105074870708828,0.22700797047742222,0.24810470492066217,0.13118362192797509,0.5492645386297732,0.44426147107894937,-0.10014742417772877,0.019863440490889093,0.18424069522141134,1.0,0.23086537870758914,0.20364514710519377,0.03502192635813528,-0.08674803131509339,0.08268936121450078,0.05170768921624821,2.2007250317447884,2.3212251260865884,0.8923880534651115,0.06701959232369153,-0.006972949308919567,-0.04534468376856573,0.04771676681430649,0.023087847708807563,0.025935696002527556,0.014508677981025186,0.24379888846707864,0.018917093098328123,0.015798113883170296,0.029223946949354505,0.03177900845389021,0.02994538323622182,0.03284754036692294,0.04344765549719578,0.8389851739535557,0.9099215820809835,0.02642018745986447,0.0,0.017991236325059785,0.008719750410250814,0.02300863329915669,0.009716867928922717,0.027873851570394376,0.6981028098139594,0.7203570046020159,0.04105040029981548,0.2823975915929107,0.3300999965053182
angry,0.28166595053621857,0.27704327235106424,0.17944517900815818,0.2575218992457079,0.29384838230224375,0.08210350311349034,0.4046519607324204,0.648301685203498,-0.13006612166265602,0.023615560107467508,0.22727608855011167,1.0,0.1623405376628062,0.23800877804948928,0.057762338388117875,-0.11861493121174,0.0973124000192593,0.04698740438824367,2.029096227017548,2.6422595428392146,1.2767894348089766,0.23422521489864945,0.09085713478735893,0.017955837683760942,0.02671649007658182,0.02440589965500832,0.021113290199530278,0.0,0.47778926289381735,0.0263486032363842,0.007198103403273868,0.023647569619156338,0.028423200254042904,0.03522621184792579,0.026633918761260533,0.024180823488612776,0.8946772317500743,0.7693459979805884,0.025356041854735684,0.011925528475350304,0.03443385719907695,0.0,0.030617583263954216,0.020230216504024092,0.03255003529944181,0.5219455629608702,0.6089983578816296,0.020788191166506615,0.4933883560050456,0.34524380493520196
angry,0.1987380396287617,0.3230674087836526,0.3008068004304699,0.3250821255794305,0.38102541679367075,0.09210145827095495,0.49724289030948116,0.45511673190617685,-0.12344938218674432,0.036986135817025645,0.2824563809020612,0.8842013339133292,0.21084762488623565,0.20228600113690223,0.055794467392882734,-0.07258466812899537,0.09167305021347105,-0.012737159816129787,2.598813030494509,2.1877384481536697,1.115553485329088,0.050897207046748286,-0.1661304715265121,-0.053427364569389096,0.017136192299764857,0.009810555887706088,0.023123121845943083,0.0194239383395129,0.3283464021170462,0.021940926216467618,0.01957039299154126,0.03206190142674533,0.002575023760137473,0.00952993882840682,0.02942886894088626,0.011683341735173101,0.7096597737454917,0.7409709058991389,0.018687276683038025,0.018736673831128457,0.017270540330669666,0.006628653070167552,0.030051066054295913,0.037240856909349807,0.0,0.4446459382576473,0.7002856974774987,0.040407352428134605,0.23708210282952633,0.5315436501278834
angry,0.2707442973942397,0.29636112870980225,0.2425998676435514,0.3550565689311764,0.34589486646885065,0.14311773389324559,0.5616470711060424,0.4492908715731643,0.004335144607275868,0.037560304430158106,0.2362154810513697,0.7979339543578242,0.1233887890185775,0.13436642750254857,0.03366085397882045,-0.03868092032329316,0.11217722283343809,0.039265969291051986,2.05584257145857,2.352700732894723,1.307209323376354,0.13103039091590238,-0.07761710392495304,0.12637342615145686,0.008575629088334208,0.024545923019511157,0.023901115087307103,0.008964715868012146,0.558800602921035,0.01615757431519933,0.007094248380768933,0.03108743973376251,0.020708442503010353,0.02530956806456771,0.004599162597509979,0.030561411271345637,1.0,0.6737166270215538,0.024604714477863873,0.009790973960449837,0.05496487877476702,0.03611522221595326,0.023667395459389614,0.00403772281369753,0.007181271027908644,0.6746274505681789,0.4637507802282509,0.002695520018353114,0.4508831265167878,0.46334166695435747
angry,0.23518563492522582,0.312585506384935,0.29113427529074254,0.33303569970956926,0.36500989285590457,0.08861669137237797,0.39876649128399433,0.31914948389825226,-0.20076008383691346,0.017712335945096788,0.21677431357391158,0.7843723235985665,0.14776931110486766,0.24865297350589327,0.06532719615529924,-0.1178482062416487,0.08894129872202738,0.05710504710398706,1.8964034170828241,2.1447175184344496,1.097762775784014,0.030402512575543498,-0.03955727680354024,0.07361172369048682,0.03417859150932216,0.035358216932743616,0.010439191368700487,0.025987164230246045,0.39935882471222495,0.006892938597681341,0.016138031327749436,0.0035649555560306884,0.03511971808299025,0.04018213655451894,0.014662549939536825,0.011561968936923928,0.9054594437648577,0.9216148940980018,0.0055126517753973005,0.018075419306215548,0.019233800957673956,0.009979908442486052,0.025017762023136825,0.010900710643908636,0.01297661031036712,0.5898657270164959,0.45109377177746407,0.0,0.5418272366638327,0.3759676910888153
angry,0.4016307557702966,0.328753875528154,0.24644368224696006,0.1579988143103249,0.33784853256801795,0.10078239687202864,0.48343052289513666,0.4322651963209052,-0.16575427722395458,0.014448653362524745,0.2411991185783512,0.8959577564754327,0.16666453927832353,0.13150359710978063,0.05159600843111982,-0.11335795824462588,0.12296315499245282,0.03715323424597182,2.003896170588879,3.2669037960685006,1.1035903430230918,0.17078912664200313,0.17746541325752946,-0.04051828973752444,0.014272527390270011,0.027613085816686103,0.0,0.036260521183120835,0.4993940043455595,0.02681787268337143,0.0,0.016627647919814904,0.003452739061930672,0.034613388191474026,0.03368329413432815,0.025044128567800056,0.6796888802859987,0.9494294210524931,0.01659060519274666,0.04346982386970736,0.02345003186921443,0.026588504245916425,0.014016043000687107,0.03829042251116352,0.027909640495816908,0.7442891692514622,0.617754119854704,0.019388497429674606,0.5095130162898811,0.5942540509091208
angry,0.3221400740473089,0.20518735053239245,0.28182029931992164,0.2936328596946184,0.22202273343139126,0.10931257724684583,0.616959624866064,0.42577307133355624,-0.0893648135034748,0.05062396790364741,0.24587839657026622,0.8516613955821963,0.18876954745654168,0.20851003704970864,0.07509172983229434,-0.04357848978085743,0.030752909537885814,0.03501642033656691,2.0772413151505797,2.06672913389202,0.47918315312732185,0.08133874457913377,0.012440142643884544,-0.148577480610232,0.010566959659241192,0.019953062102660398,0.013171299123451288,0.007039737684007572,0.4041464624784829,0.024460146278277695,0.013908237518448866,0.03783266969215773,0.020750287406433192,0.008670322294746555,0.005381014809452153,0.0172313925576374,0.9113420653537455,0.7176311290856867,0.027746433291957116,0.021229239830186066,0.045912028603560806,0.025073269027587403,0.010923058887463827,0.02957280387394092,0.030010285881647614,0.5602988987704185,0.483600429566999,0.02696845748594542,0.45635151767650023,0.29834499082624466
angry,0.26168995014380836,0.3467117741787569,0.342819198004579,0.3520713656104052,0.31480780895506677,0.1148949300838775,0.4576449550645451,0.3643585609683787,-0.15622007595409737,0.012106647967749844,0.2620407722990899,1.0,0.14004453015690746,0.1920555579435237,0.04295437500182727,-0.0846530161790205,0.08659892952619433,0.07459960339910987,2.0938553755160685,2.531599193736981,1.2012635099285314,0.020361679919249025,-0.057329360821908565,-0.12124816334899848,0.0066389877255067405,0.021411198071926856,0.03381011868322894,0.039144982811249174,0.28521850322805575,0.00025818391394652473,0.020807749540539783,0.03441943848455545,0.024674753905687942,0.02884384898903747,0.002316762728215207,0.01256416270449007,0.5803887694207098,0.7857511950754043,0.0,0.037324602123926215,0.04021267908281616,0.021828365396802954,0.0003365496001869056,0.0248842645008713,0.04416872325999224,0.6475735499686928,0.7184983990490921,0.013692850947949142,0.36287899521666167,0.44291379908373507
angry,0.3250721936270844,0.2560015565233973,0.19975950876736906,0.37841981568744815,0.23817448452978524,0.10872096908923105,0.4843390728772576,0.45573122603511346,-0.15138336944728795,0.018054780918658996,0.1914984752187286,1.0,0.20114723631743392,0.18917600632573095,0.04005384924533697,-0.0167804630065395,0.0674484003461666,0.02296927080493526,2.0733480562958926,2.352587134219483,1.3619551716748062,-0.1541364283952584,0.20376797051825501,0.011172003718439447,0.028399513914306743,0.020383832630766516,0.026504391176653153,0.02626815472724556,0.6103556720181951,0.023293724076440647,0.011145997275166577,0.02258051429776674,0.0,0.01957558196153529,0.03420877212437785,0.02782839354531548,0.8298556043645675,0.8649239155570495,0.034342335083410315,0.038528034294876445,0.02581692670376296,0.015890551351335012,0.0,0.03271625455110048,0.02669763267685074,0.61526594875158,0.5311948504805762,0.032546976043427225,0.42427635741718683,0.4465577888954016
angry,0.30925269681918205,0.2425138054459826,0.24433820724124394,0.3486882026156762,0.2452734346397436,0.12208606002526165,0.45785592116494017,0.3222585519625694,-0.06542096593414001,0.024033298454425426,0.2318237759766961,1.0,0.23547116754876804,0.1977395355043209,0.0608025281436812,-0.06886442208147722,0.09142830733245802,0.022289864699334975,2.169849669208868,2.97054903106832,1.2673332652578089,-0.004479087133459465,0.04048665463489483,-0.0918905608824103,0.006123498517306257,0.03426777957338377,0.015976891925867577,0.0,0.5017903815182521,0.007710051886789533,0.04314946885053283,0.034921054207766436,0.01703860944237892,0.02597167799480802,0.051510941353516346,0.03300009149188081,0.823820002478459,1.0,0.02152855314243435,0.027563592645424875,0.00782922854222963,0.0,0.016258570204671398,0.02049930509679074,0.024280426597328163,0.45802289532257523,0.6660674322117948,0.0092049881874322,0.5108734359394415,0.543492648284365
angry,0.3253914289035582,0.2879027693600652,0.3563582437113524,0.30457939481865326,0.2658721034392942,0.07495744839068101,0.44164556701009267,0.5098083370435735,-0.06440963139568727,0.02030563280844817,0.25639374783807034,0.9173239116959402,0.15108087330973338,0.13970694049868504,0.041140800659017346,-0.11805972282348964,0.15023779077975502,0.05768768746041355,2.0689251740215986,3.1000556652854545,0.920382804109243,-0.03164072720421033,-0.08674370390408395,0.12349194539069024,0.018217143133355332,0.045995759297324204,0.018127473412579323,0.05180857911925886,0.4785604839441539,0.03697703681221903,0.03735363270491332,0.02002083198322449,0.013653248360257504,0.018499275841554627,0.00716987745692285,0.019142482518012677,0.799559395075504,0.9689234995319205,0.02771258423945721,0.050714028251229344,0.0,0.004178431899610747,0.015380510740350236,0.03940242803218467,0.018575496396316487,0.45321731643487484,0.5754875563851037,0.004431222649186117,0.31063742318501947,0.64988278176539
angry,0.2669222275203607,0.23628562632104308,0.26384700058307436,0.31854795131882807,0.37802494216351745,0.12368589091385186,0.35552231544723106,0.5266112624133369,-0.10098247953890524,0.011878626992024558,0.22546291288559706,1.0,0.1817409590694464,0.20848936836503376,0.03489835720383349,-0.020215038672604616,0.05176788177554437,0.06011239640824248,2.219198125478355,2.6927111310280223,1.0296598552967198,-0.028128709334452134,0.015583757652226223,-0.007436507773446926,0.03519956136832973,0.018596251138181943,0.004579205792090849,0.005767464952412567,0.4124705068837588,0.0,0.04340657778475148,0.03363597664705427,0.043748976171062964,0.04237850535841571,0.015425215957579294,0.008698716985547703,0.5322227317835815,0.7593765875107035,0.042953487125867384,0.009237941452536341,0.017271027066771173,0.01279058676192252,0.024874936996900302,0.03671910089478604,0.0,0.4652224018369407,0.7486620039274355,0.029529869367873527,0.42406194386515417,0.620708276192641
angry,0.31154027947267043,0.1558680901694858,0.26644342528549386,0.34052381938200044,0.2965168379882844,0.1313824443200213,0.544689888053411,0.3757113190454041,-0.08704029394665277,0.007095385456032876,0.22162046323464268,1.0,0.14909453154335847,0.22029665814422872,0.0411562744423417,-0.09742092582237044,0.1176662745884929,0.03537047348554018,1.8117784724569943,2.843036405111356,1.1799745159541877,-0.10920231091119237,0.08380921420719296,-0.005459048709119936,0.001096446561057167,0.03112333791904674,0.014714183980835217,0.0017608265857009496,0.14926849888383603,0.031744385861421316,0.008821065140549575,0.0038300179731194824,0.02831223679501789,0.030475290752015098,0.009767661018269818,0.03186432857487771,1.0,0.9346663270971097,0.03548374223756043,0.024083678587722892,0.01423166332812401,0.01927348131234217,0.02572964084761591,0.003652344537486297,0.009998035201116022,0.4572249857017415,0.6235186622291413,0.02107970099114198,0.3847291334531387,0.5320499205379741
angry,0.3282984205665592,0.23862223745914019,0.2920662154466485,0.25716560175715325,0.28914632565324827,0.1035959348537891,0.49342838040823495,0.474610823545716,-0.10907350637839028,0.005979521617608929,0.23164829917922494,1.0,0.2054905776132239,0.16229847309037085,0.06602274829021314,-0.11951704585330475,0.08922954614889878,0.04517841605985213,1.6897170546864277,2.3402565931569366,1.2007524882394434,-0.08356802927426468,-0.062085126615951586,0.06244211879300047,0.0,0.014869051010979007,0.0,0.04654000419612028,0.4212491216933984,0.0216357806898031,0.023016954351568832,0.027858768197810822,0.03271601304784887,0.0,0.037032308766547846,0.03619572882222431,0.7933653389142459,0.7881271309316801,0.0,0.003828114891379346,0.026745040591421042,0.03560802706202859,0.029474879987518368,0.01901570414488224,0.04503634510738978,0.7005175556367138,0.5606173581255094,0.04836743847539438,0.34038327652934,0.30281597794625437
angry,0.32150071621285803,0.27823306227655675,0.2795685680837712,0.30323481489148973,0.17282209788638672,0.062118487302048324,0.42013837692921985,0.38467301789555036,-0.1292714994858447,0.03825366893490517,0.21776651507820408,0.7483693467972447,0.15065530787120707,0.25585717249620177,0.07681864450053277,-0.06212367693053354,0.06093792323261675,0.055369086364322626,2.224701557223978,2.459641428667316,1.0551179657678778,-0.03368843096991383,-0.06827761602185266,-0.029194529158951914,0.015285796429693323,0.011683706206568062,0.005114038541332685,0.037757841861087174,0.4882313795029696,0.016295917246416967,0.024578318008781005,0.025066111575076957,0.050457486254988804,0.03134339285190416,0.03085200504346536,0.02049375316990135,0.7565576041589824,0.9382710252661616,0.0284795375283604,0.009215954597292807,0.025900265206417895,0.03088601914947056,0.0,0.008008971696399326,0.024715942738518782,0.40755386961712436,0.42338688341147057,0.016483997374874604,0.49915442590949427,0.5037783706901118
angry,0.2120173015199271,0.25999936394579415,0.31679152401582983,0.3413997211917915,0.3145540453700671,0.11367787338236793,0.5489197258282809,0.4558335678417968,-0.0653072464899906,0.010553591089108501,0.21780126866378527,0.8766729324462859,0.2093300898743433,0.15094234880622923,0.04436910417868891,-0.1357902947246796,0.11485940213924654,0.07181882982519595,2.3959800841725314,2.7567669240848414,1.3144496728603103,0.12659196421531688,0.007403749910054906,-0.02981222827684174,0.029096019769674568,0.027987143092579034,0.028825874949172145,0.011476132311201735,0.37998065564801536,0.020913162389210666,0.015635833196906323,0.0,0.0039448831703788115,0.022989689495305162,0.03177508681338494,0.020121444819076184,1.0,0.7080237569844731,0.025784247846854076,0.03678563393844274,0.033853802575152525,0.02851586920307004,0.03391330165994743,0.0207201265195501,0.04161746268266715,0.7283159106354261,0.5147772399289453,0.024180383189247028,0.29527033704731476,0.602178897323571
angry,0.18347409006420384,0.4171431121356396,0.2868166044537365,0.244988525712901,0.36301692586149886,0.1508964320311074,0.4343110414795815,0.4423087131686597,-0.11047815061153683,0.005557381789822697,0.1992799765125589,1.0,0.17510836179771794,0.1577540563460294,0.042089266813642695,-0.04781528938009597,0.050602577871876525,0.05445637320369237,2.9002210921388,3.216726141801609,1.2654693116706357,0.01793851528253875,0.12138955596603115,-0.008748600381426375,0.037113753930571744,0.03698874170235158,0.018363923954641717,0.03202231944373599,0.5788583018787358,0.0035710908393862956,0.02749646140726076,0.024699180825151174,0.021341138304664747,0.020190232973649948,0.023011709642895572,0.024102438572043305,0.9118615292863179,0.847651466322718,0.017687604269207166,0.00908102105261662,0.013858247268248509,0.023395159337427397,0.010821080407529748,0.03229640215329009,0.02559071682874712,0.714352742005701,0.5361180779032974,0.009196120359572763,0.5636057226267666,0.4629953956667554
angry,0.21470028568986882,0.35200154640047665,0.2586588389424006,0.39350099262580474,0.22665482625399852,0.10793497206200779,0.43561435692726813,0.29691931257635074,-0.09367168087793347,0.0,0.21124999417098922,1.0,0.16038866884008357,0.1552062351666525,0.06400623823483519,-0.08748554151588199,0.08987350763275445,0.07231236835046316,1.7206344110747624,2.276498261059916,1.3194262500368379,-0.016201370312151218,0.06287944460871567,0.05291593909165817,0.00398468437837627,0.043079513076570514,0.017180982694131958,0.031368855958360746,0.4872435178022542,0.018020256988488442,0.013772842545994732,0.01944146069459545,0.029264895217374874,0.007176477028508849,0.004357638346495652,0.0392946353827971,0.7265144929567104,0.8354083882028404,0.01737134528431166,0.01794774705409564,0.03859506637803939,0.01889280055915219,0.015361260333167594,0.016493696728426394,0.013455040551992425,0.5329909307374956,0.550055313708412,0.041621731467552006,0.5211488827060425,0.41548034511403276
angry,0.34734810003100003,0.3962893687292294,0.3326006748320902,0.3240478999125844,0.3710127211677482,0.08435476421566009,0.4193552218930834,0.4450210265698585,-0.06524473876398429,0.008873581413830961,0.19113814907291024,0.9860720569265701,0.20654862839180702,0.16293139782630706,0.061732314173508836,-0.03894801973848788,0.13001154233708812,0.05618262344924423,2.0705557316110825,3.105197922456899,1.162834334986427,0.07853245076950581,-0.14284744212486333,0.11005426813725361,0.03222461005499766,0.0454576592294125,0.03085848503518914,0.007037813972208833,0.27609772186917125,0.016130817539179693,0.02922348860495693,0.025782216268972175,0.048692066851027754,0.02565573174089829,0.015743264182241756,0.005266552659571426,0.9180437377897346,0.799393877079175,0.0004201830129744871,0.020289387837898507,0.007055404555348909,0.014466712365452397,0.020080495693754665,0.008232685371645121,0.013660885803567367,0.525588016588668,0.5282710803679764,0.006895733277289717,0.40172354353968776,0.36053015582260467
angry,0.3781085763027554,0.31522090072393205,0.30337852528093207,0.34071854997621914,0.32566238493511873,0.1012549836356648,0.4477272500080766,0.37082057778519256,-0.08644321782780642,0.01959316747184171,0.26348556922871924,1.0,0.15683978997578882,0.23799760530560207,0.005187015761187408,-0.022093227651265625,0.06653886805625837,0.058664463135490216,2.238910253997947,2.874203115345261,1.099519787455988,0.046926729278067625,0.018072004817726157,0.09557721799926305,0.0,0.015745257152052772,0.017150890067504452,0.0,0.40453716089607383,0.006013930647360909,0.028438106340214896,0.016800963434255318,0.045494233511756535,0.016669677461073736,0.02559508646243554,0.017230070416026456,0.6376731811539592,0.7795286994862505,0.02979437473522923,0.02782586747364451,0.01618751940823772,0.0010621704800924565,0.028377961640532724,0.025453325611025354,0.03096434110008379,0.5725887804765377,0.4315625207190442,0.026938882379997038,0.4490857234926516,0.5891683773400113
angry,0.2489595844223412,0.2464529425015744,0.27490944615042706,0.24937765304515153,0.2873997493993719,0.14848903393621748,0.5308041138212934,0.4738729404584729,-0.05793290956180326,0.009276350725913606,0.29471319609639984,0.8797733660721415,0.25414081813383965,0.2669770173395165,0.019318478381048904,-0.03598723570574557,0.09290227148868309,0.04006055199693377,2.2705073890536207,2.069511964905079,1.2523674641765952,0.002298642595713426,-0.004092020027055146,0.033380357749278444,0.0077696717301316345,0.022302030630403643,0.037359713528171926,0.02502473316062189,0.36402084127188533,0.02703834444089296,0.0017157568539363025,0.009094809805451555,0.014406489213408803,0.030229053199535637,0.025275383799678575,0.026957163908517445,0.7972617451089568,0.7211900353997436,0.03934552017540137,0.01092868509192042,0.025447506346175663,0.01854263950900125,0.027318911171450525,0.012128669192179826,0.03368480309153165,0.7378277915835937,0.6991323082496371,0.022049129237657426,0.4064874753896316,0.732211178385956
angry,0.2767480530067065,0.28962847286616883,0.2534688042252123,0.32348805487848864,0.3174253467278037,0.16694133057312932,0.5329887216689915,0.48998091483979656,-0.09697764266761495,0.043913989521444693,0.19088720305779183,0.9221332565763299,0.10943586337588708,0.21151279292323322,0.06484304063452526,-0.10986800156704501,0.1358770004500176,0.03741960012906624,1.988697864569617,2.4951361331465622,1.453332130747806,-0.07932996358095748,0.07931065965481196,0.026622791046129916,0.00884342836494832,0.02378621262975388,0.0300728908123015,0.027390112127833315,0.4605401033066704,0.029899502888261237,0.012788604580133419,0.04194113722879422,0.01855505782375845,0.016829973361228736,0.03751913151707881,0.011802630730599388,0.8320278190699022,0.7277165376004764,0.052750065600785226,0.05001250871744825,0.018566867241324902,0.026758143255506923,0.02006759746561595,0.015468206650690819,0.021555209488376255,0.595939856477754,0.44793325925680355,0.023419303180352673,0.4457707127487356,0.4812200456633537
angry,0.3077229889928372,0.3525944595966558,0.30572594775256123,0.28913163965016764,0.33392226894014393,0.05048467101902572,0.6130351913766359,0.4712644611427615,-0.03262176423496985,0.00869851422415178,0.18647063852157808,1.0,0.19341378548236637,0.20302242381582236,0.053251958556883416,-0.09884351482779168,0.06286610514803698,0.05495513474138701,1.6831575999030262,1.9301801226036308,1.0899637490818443,-0.006201422221158549,-0.03243054271306912,0.06999280482205589,0.02559856680926898,0.04584087008433181,0.03273037094229932,0.038631828632678056,0.4653661687543072,0.024769098346268517,0.052575274093129204,0.0028028770193988944,0.014628005886874816,0.015642662995428647,0.03161624127765818,0.007275902150080858,0.8763429607576602,0.8579649831769403,0.03057351665430836,0.030337899608986273,0.039998155276223746,0.01936027698181412,0.026892052823390297,0.010424859287682192,0.007457664866521621,0.7764828784603601,0.5187881212642924,0.02833705700038755,0.5031042799507482,0.5674980894337271
angry,0.24880472583995503,0.2669574893884597,0.3339120809261322,0.340218228452879,0.29296420980969745,0.071522313398268,0.36718779373934796,0.5083598373941614,-0.17110969702617576,0.018463991652823992,0.3004321638213971,1.0,0.20746322054781516,0.14915014203314636,0.028522221016982225,-0.05612533888885847,0.09294120027762856,0.0705383759273643,2.146518302227969,3.7925269515451747,1.0730931539823438,-0.13265605188792626,0.0802086293291564,-0.004642560513215734,0.025058709879462578,0.009676106386362895,0.03471704013848159,0.027026661120365718,0.31388101465856727,0.01717529637652544,0.039133852055506846,0.03757221836984192,0.0029128566895466022,0.015242394631481325,0.044978157831860585,0.019126688590968607,0.8283422514549259,0.9126931916660077,0.003981897818120514,0.009083932533417825,0.01709191191818367,0.03696010705811825,0.03455694952727987,0.030656962773432272,0.01949092066728,0.7229569737679693,0.5947354769161689,0.028813584160841302,0.5512038975394605,0.6296820067510647
angry,0.35653633409149066,0.2569445263957036,0.22773824594305825,0.3725468956391362,0.21520499445225438,0.060179964286458706,0.436957128602325,0.45793907796900946,-0.16239808665108796,0.022884236398903336,0.2279941026590944,0.8767408461567223,0.2552381746292107,0.2065458065852812,0.06974855813913124,-0.12368638966007968,0.06337895468873636,0.05805109568635621,2.702828749061589,2.068749243437926,1.1863813029562358,0.0034940332334538644,-0.023634919885177564,0.11160602902306929,0.003943748818947868,0.010657906210209513,0.02251044714450673,0.013596054226284095,0.26944760968303244,0.0027370700220103877,0.0,0.026195589441789673,0.027768553330604802,0.02770319467511602,0.008180714627751851,0.03307736677746437,0.8706778667510858,0.8007294406644998,0.017961226337629765,0.011561498902532392,0.022498103841073414,0.041024221469133974,0.03479213600301468,0.016669264492821988,0.027002079003066677,0.4898569950478242,0.6730067177405201,0.009198857145350289,0.5190255561277674,0.7469072190474402
angry,0.2410194670703786,0.23863627932981044,0.40297769160811636,0.3271143776586704,0.26886159291087885,0.09491348472392741,0.48338512277244383,0.44932414767099,-0.10616403414903322,0.0430569416565056,0.1861608800631197,1.0,0.17730278862676113,0.17078675417673944,0.06876304793632398,-0.1238427690405413,0.04083916604629333,0.053929327758337635,2.0550915845413087,1.939300162943816,0.8452583407019537,-0.04560099458617034,0.2630522978314228,0.03925083902263826,0.04509823390969447,0.026019193023475835,0.020255394399933138,0.04853818381647273,0.5022062493065568,0.043000598017022676,0.00466059893448522,0.0041738963283791015,0.02802197805650821,0.025388489835245255,0.03624560646357838,0.0,0.8703597415971644,0.8989268633420295,0.03217023686854803,0.014712973044302208,0.026741997230748996,0.009916457804450414,0.016191700935987298,0.0064418275891268625,0.010137345518596222,0.575903767162088,0.5509063252362127,0.010135711240276676,0.32004029478217794,0.6461095788459011
angry,0.3505977549112897,0.28869235382531605,0.2569185237678934,0.27606724111348285,0.347817542177133,0.026172614281380277,0.3861250162500466,0.4407710025859076,-0.12522444324925064,0.05256905552781939,0.20987219588655603,1.0,0.2470313159018302,0.21581864230285455,0.03820821875257658,-0.11853462757960838,0.11863550706785513,0.07878794141398787,2.2774380060469643,2.915626678110897,1.6369182567838079,-0.04004503545794074,0.029696901617810644,-0.14071775649954815,0.03088586569707805,0.00569177274467907,0.020663789951557914,0.03781279751577496,0.37512202090519875,0.03957417273256846,0.01912982032615091,0.024346516472308857,0.015440366475529956,0.022073972424173974,0.022761816561004032,0.0,0.7558406707418925,0.676679191314656,0.014707588103951334,0.009662870994352406,0.03315367529106249,0.033304199182111645,0.0272838240063352,0.00352055999420715,0.01872424789622395,0.46528076882198743,0.5852706614048904,0.02841647517398052,0.5492104322915105,0.49728447798590436
angry,0.3254303465043694,0.3271367572091871,0.2527430716871669,0.3208440242213538,0.28381276441148545,0.04978512994498988,0.48410825313878225,0.349674530911235,-0.10687103162664957,4.10180719043092e-05,0.1984099876893778,0.8838761827353083,0.22446381650151978,0.1694596701905418,0.031188008311847627,-0.0690696475401922,0.09457566028165364,0.06383480981136344,1.7711390165215262,2.5295973405077667,1.614400290597802,0.10067772512112329,0.02337807482437127,-0.01868482176082379,0.01688937353255354,0.022427495326108167,0.0,0.008911269256102004,0.445972070204277,0.01571132934747115,0.027987628487810133,0.025524202915355707,0.002865617333589112,0.03319898167412263,0.003845095735508796,0.010056015224503449,0.8229484915534213,0.956702300800658,0.006949607422342626,0.021919897894454178,0.022028266094794434,0.028545679711041695,0.035392397145828154,0.01474702156797478,0.033154040136418345,0.7330321718826379,0.7783959178871573,0.026525002896381066,0.46574369103526336,0.4025415526385131
angry,0.27430640027348885,0.3110813356263711,0.2043829897308606,0.2899914151340607,0.40971232300216703,0.1248899689875556,0.49775473501398587,0.480277884064243,-0.13461727429594667,0.0,0.23371385771235997,0.5766146817658255,0.16795443308332728,0.18985912120416026,0.042174167380377256,-0.014858508195943088,0.14560856962750154,0.06807420533934337,1.7992688010264775,3.175334285929459,1.2738903215435609,-0.1167189385719686,-0.025015817939264818,0.008987018898120657,0.007754264423210854,0.02042531984685115,0.03246147309599573,0.01221457507164999,0.41405325546727917,0.02411419290334207,0.005688895379980007,0.01648879297914728,0.006668986524438546,0.03129268420418735,0.008195279467496205,0.02379344815370807,0.6609844181606402,0.686656311685869,0.004635544280781138,0.016235522999558955,0.022344961059615996,0.024741818837491204,0.0,0.017807688007614328,0.010242562573768673,0.6534178492770257,0.5732363668920738,0.018949196926959674,0.375505106149694,0.6224647709590501
angry,0.26692925596480804,0.24027532889924266,0.18579245610660683,0.26196700770095327,0.24723383371743413,0.1419806148178259,0.6255139344663491,0.4460636449553408,-0.1761902616119649,0.029594573374260844,0.19056770526046304,0.8662514143268134,0.15673256623621828,0.17073053208214758,0.04379239559891186,-0.11940505847987795,0.08244965845850599,0.06784902433761011,2.0890939943783997,2.497305975162011,0.7492663440153613,-0.10268635385865615,-0.03597605913500059,0.008607876261837469,0.032321187560809955,0.011088241427879458,0.034611591206780035,0.022005572454570056,0.3437946570954675,0.0,0.04827299744656499,0.030442214549615994,0.031219967195957057,0.04364476017088413,0.022913131158975197,0.03758120066796279,0.7521424742253172,0.8737578532833208,0.011808742803478822,0.013449835658703927,0.02126100748090559,0.003523814170523592,0.02428251489087085,0.0159445432716345,0.0,0.5542338114241077,0.5654945296846607,0.03108687404289715,0.47851979524937777,0.5947472367023148
angry,0.2619015020805998,0.30537458851788485,0.28311075166808786,0.2654292201322593,0.3004730259084383,0.11152951663886897,0.37200233078161216,0.4745681790274646,-0.183147323846073,0.034372427460840904,0.23581542432315922,1.0,0.13868593172830923,0.2336378915594337,0.06637615111244229,-0.08546696141623669,0.09058391617362734,0.031009944011424366,1.66261184824019,2.1664090443989314,0.928937281797856,0.04160876764998613,-0.04985649632108575,-0.004668748838122388,0.04074439228667803,0.00047332499750375734,0.02193564121537923,0.025664166649506368,0.4357499231947952,0.02578875193518674,0.03230320412684578,0.014203011888323284,0.021138158393972758,0.016183700331445505,0.03693283268625236,0.047298257005173386,0.6806066239838625,0.5968899157395676,0.027398710397247276,0.03391484749506422,0.045440705072229914,0.02959257456581653,0.03814515246293369,0.04158078952739204,0.03904211103120127,0.6881160510163149,0.4717790437056477,0.01989129587410136,0.4800038619059168,0.44001903668063796
angry,0.321550722869066,0.29645496449372005,0.2354083157596069,0.24078691759605314,0.20642767095859094,0.11213942574871932,0.4450985269614195,0.3860022491767999,-0.19504420497744224,0.02562524172403558,0.21478818119199053,0.8411617455427712,0.14433052278791936,0.18081485620820426,0.058224938500437036,-0.08989948953264049,0.07028684181758811,0.048982813286878965,2.4398029268571007,2.46520101569469,1.1725899317821489,-0.0030484766279049243,0.14105052573191137,-0.06054653469506909,0.015766303561883733,0.008434370462660141,0.008002333587401694,0.0,0.5181225836387152,0.026011904288622042,0.02107232891028766,0.023842575968106062,0.024413882150923584,0.010450898226686009,0.01577158971918706,0.013835287194025988,1.0,0.9020202041456086,0.0221824697027301,0.037757795576685904,0.036115947178609414,0.0020531840016549535,0.01710290734602555,0.019787782841488386,0.027949863336766866,0.5776007254707567,0.5901468884912123,0.014002465245212583,0.5548935162585108,0.30566595572719446
angry,0.29649322825133895,0.2974800230779537,0.26371403201388594,0.36181918303757776,0.3744723588014609,0.09826931661800067,0.4694085463705513,0.41492780572768656,-0.09492449114193896,0.004477213759679587,0.2738750442813782,1.0,0.1356397249041792,0.15962278869322374,0.05737185337078446,-0.09014753311050863,0.11361498871804124,0.04371056392721814,2.595563821389019,2.4531358897447424,1.6053821441056093,-0.03418838172538708,-0.1659308394956492,-0.0823711554518604,0.02783477886246679,0.002457743602774263,0.047124455585152214,0.03428282641331671,0.438014762508098,0.02840623493057956,0.004542392059976558,0.0,0.01945725380248237,0.03792401440893919,0.02514421496249188,0.04221922946631888,0.932122078319219,0.8020608706785454,0.035388839977253936,0.03979374001611149,0.0189576343759226,0.017220917712917314,0.02182585633533215,0.0,0.02364561472048596,0.6720437983084814,0.6144511091415501,0.02448076746469786,0.4456523624400497,0.2502978110045694
angry,0.35061510447949507,0.3308924243599832,0.29419942451074044,0.3423153347704777,0.23647564153702344,0.0979776406495113,0.5503457684829368,0.3975215090174119,-0.15993333219975003,0.021021851386876973,0.22306171033293382,1.0,0.12900835982213316,0.09184899433957573,0.06612155873018022,-0.11248945919614248,0.08475024097047029,0.01179337906580577,2.4324466216583063,2.5822526795873806,1.2170757961053744,0.1330075808722692,-0.033104596266154654,-0.049421610202413854,0.023944916094463975,0.0,0.007192842150697229,0.014127547564199459,0.32512572288636654,0.01647034985459933,0.023200596134824336,0.033083698111317485,0.0007573476484708935,0.019885139971619798,0.029250067826009106,0.007986918790366344,0.7807167226232121,0.846655211548735,0.020145715173233703,0.028764570887358825,0.021231075911644755,0.015945786984364815,0.004754773186769628,0.023213191233377627,0.021299646107400812,0.50071679721944,0.6582055824845263,0.036483005582420264,0.38399069320359897,0.3772367855722041
angry,0.25665796021318005,0.23536038277445967,0.2214076975565542,0.278661789348331,0.2617634848335176,0.13595182966901387,0.3532228192550551,0.33076359707515385,-0.09792863670850352,0.018606315547978987,0.21331165491162654,1.0,0.18505833057989773,0.18819752290587902,0.025401193216336295,-0.13004285449015487,0.08248929046773631,0.03102361353426873,2.187491884520036,1.7709851212070646,1.0777225428999169,-0.061131884553705475,-0.15107953969685334,0.1603585349500076,0.017750026841686913,0.019484481366088945,0.025186535415224028,0.01575497748461755,0.3332507996039562,0.03617824195584729,0.015839575048904153,0.03844869477820591,0.01577334575722347,0.01978849437749263,0.018196284482477534,0.023005841912220226,0.7580151805104048,0.809613497374575,0.03990058234574316,0.033635073266419305,0.03372459846705393,0.0025549025662424986,0.004658440757885534,0.022830761995840866,0.030019593030927168,0.5480864447558549,0.5302415136243797,0.03811995903474853,0.518587666675364,0.5557986680729506
surprised,0.2663382552666933,0.24823543447161406,0.23251378530796885,0.35954819441441677,0.41500334205834705,0.06225837858180119,0.4987515662966543,0.39511304619717347,0.2894849802606528,0.018098807451974373,0.38454785898538824,0.906213036437891,0.7555644066158803,0.6814289791270316,0.7819773546965473,0.02032564110890906,0.09685129266937631,0.03871857735883849,1.9674182581325284,2.2079578688435837,1.300823327632268,-0.035316004674658,-0.04680185285842596,0.07591124837305263,0.010203211875877954,0.0,0.020758004487043524,0.01636791924158728,0.012384753181505077,0.031850229559320056,0.0,0.040491172844608576,0.03371081088581739,0.011835307578467366,0.014139804468120975,0.9004386951462688,0.026905807867932972,0.01175953585156971,0.588322324613574,1.0,0.8956124049935552,0.022039089367826552,0.02228507824012058,0.8621317028496521,0.874106328604501,0.0,0.015438664268250751,0.01408721056934377,0.017901349439474232,0.030020321260843565
surprised,0.2880259465762612,0.3232705318936995,0.3648288178171802,0.36854583200462604,0.4132192363849994,0.11775406195664376,0.4919793592079351,0.44811822716253946,0.2800234030779748,0.006149808702166033,0.32078849937147946,1.0,0.7945577489718086,0.7001391146591777,0.7164808626296809,0.017393640827845933,0.07717052115536929,0.04533628379197179,2.366704700342598,2.0636237473035908,1.198506934426908,-0.1432064157965849,-0.12142281470070393,-0.054539602922850136,0.019279465322879507,0.010109471412197096,0.016186421568486615,0.0,0.021425322524045328,0.002258471215834324,0.03394168382389627,0.01880435850055555,0.012566422464599436,0.03508727126473389,0.006585965025078015,0.7752317094164661,0.0,0.0370235819563261,0.9372865696593197,0.6326406021807942,0.7184227559383334,0.020907576559604672,0.013295976218887513,0.7968684993857102,0.7882402058289693,0.02529817418231796,0.00750744857859869,0.02250457545317517,0.005490343502180431,0.014645847091589547
surprised,0.32906612655041045,0.27691847623938076,0.28637016812139854,0.37910191886011274,0.29483564622376474,0.0500763434957083,0.42530248341298765,0.47158839908346994,0.2882567403639944,0.008767233325865145,0.3831780816444008,0.9001194560582297,0.8779003248882373,0.8367623978238966,0.5946585472356363,0.01935098469996027,0.10690498215481023,0.05743127692021192,2.6370943795068937,2.4393742691685403,1.3750490439739993,-0.13894010620080172,-0.036409337230641194,-0.04581900663263798,0.004918919990633161,0.011710240280840764,0.0,0.02196698502012656,0.02841781141316483,0.0,0.02244772277868093,0.027854734514013983,0.027114088752399717,0.004453805439549586,0.030050559650199222,0.8509304497385398,0.027683489045914705,0.018363847418988638,0.7881037367055461,0.9109235800040778,0.7795977945897585,0.023693362515657217,0.03624699303833828,0.7866769835190243,0.6874603834582151,0.028788560614027927,0.038653408937921865,0.03675418566662829,0.02929484096227536,0.0
surprised,0.36778977139091495,0.22381183505502583,0.3965945086070144,0.3647068814690303,0.3493239474610622,0.12113011780779472,0.5216335806788698,0.5003708856043394,0.26152722665969974,0.026526365660607946,0.327650957926954,0.8284200057430182,0.7905129835895743,0.6516043680118677,0.7552748247878633,0.01248382208517523,0.09448859454297252,0.03459653007070471,2.4372231887120415,2.198537067182991,1.3701300429050345,-0.05086661815970492,-0.05261404388929225,0.0035894713462495333,0.03389106660866928,0.014202767637711763,0.020385681507393196,0.01384178330461663,0.027094385938340702,0.01747187295272429,0.014572751370954058,0.020600329122120606,0.0,0.019013972817533982,0.028444955611811942,0.8638054380261169,0.032371535354423255,0.015095124857809917,0.7040709287673746,0.6882680996023834,0.7594255096451275,0.04555660412453681,0.023582063747423884,0.741446378420178,0.6993858061932934,0.0,0.009204883597704862,0.029869515611002335,0.014448586947854482,0.00754376727414657
surprised,0.24738537046107434,0.2639638047831623,0.39470592252846626,0.4287849229682258,0.43874501318679393,0.05619740135925714,0.4382895734676371,0.4000288448158066,0.3271920097916923,0.0337774894198786,0.4228498349044028,0.8169483184944325,0.7338986662002764,0.8244685039359425,0.7220073173209427,0.021832380841686254,0.10324477298473927,0.05087714437594963,2.18745638126785,2.7202752681273594,1.2759504901315213,-0.06785470272273926,0.05845327199459389,-0.0065010460305302276,0.020306610640484418,0.01936235757474463,0.018865121982093162,0.009855701625403068,0.009690634058687269,0.027071431572440442,0.010732704476870672,0.03058114028286931,0.01933254475653685,0.030654738359657117,0.02828046444621249,0.9342929924772078,0.013807245165475667,0.025315692856227548,0.8237887989548365,0.6448673300600568,0.970169344754886,0.04945738959948297,0.032314747828471574,0.8805880762129992,0.8588758597459519,0.015795366558072566,0.018567787253509264,0.03253726363968688,0.007348176466736507,0.006210680129321371
surprised,0.2682783645202974,0.2744528685892955,0.22738279959100827,0.28240928332857124,0.33893949842324783,0.10652216293291732,0.4876761187915042,0.4883131312492589,0.3304786197421569,0.011856866293013203,0.3411573612508969,1.0,0.7788249929763059,0.8588494347055323,0.688137356433755,0.03668966731682753,0.08836159239186012,0.0686818493768873,2.7612696665699534,2.4702878170068794,1.2518724285571012,-0.031786335099399855,0.059062785740595765,-0.069274892661936,0.007903132246919662,0.0316227348364704,0.034677756203815906,0.013572108607134058,0.027620074423972893,0.023646145604979865,0.025080208773586066,0.030556256629948552,0.026745693616993266,0.018193158259753046,0.030832852620591787,0.9611856089524613,0.012795472357740034,0.01997661134839452,0.5731307194779098,0.8583598047531213,0.9223117576264271,0.016655162042639605,0.021734670051851025,0.7779804265056061,0.7616103776124137,0.023018226729005747,0.00980484699263881,0.01694139982623538,0.008240837934623555,0.027657995616045795
surprised,0.2685222866996299,0.339482548869777,0.2570673596021417,0.4054017986172754,0.3517917085876683,0.12035596000949751,0.5303911840002796,0.534049237676077,0.3735508445569349,0.02380178500102733,0.48665626911642695,1.0,0.6877947636115497,0.6776114229884157,0.5004299290482879,0.03379487362142202,0.062286693315291436,0.0188527590415878,1.7433473787090727,1.7937872160270276,1.2100770774878793,0.01913904962141617,-0.038811412564643176,0.0029662996497916484,0.005900945609982411,0.0,0.01945564683863277,0.020222456369811608,0.0,0.01072188474488319,0.019029696224351016,0.015361297444891467,0.015716718048314413,0.03533073072356946,0.04790508230020646,0.8186701514018198,0.002815540076463195,0.01695041971802041,0.7694293103419523,0.7946721455230158,0.8610691118224395,0.04875482025255079,0.0,0.7492920332966196,0.9541143177361506,0.013213407716544147,0.030263415572467502,0.028201709065519567,0.03607943813857943,0.04487341667407388
surprised,0.393674749062868,0.20646171391198137,0.30583394159790983,0.2794196310372725,0.3259509127244196,0.12217343203499784,0.45278697132555606,0.4208257585324084,0.25928219878225434,0.0,0.44853841203586464,0.9068200261272203,0.6478134825486346,0.753622696741234,0.7081248015410129,0.017391242028370148,0.10289981708281054,0.05066721927103023,1.8702916871958428,2.4704830040206867,1.2952799153636054,0.026645816568041866,-0.15712468068779137,-0.056032574101129544,0.033450367753232575,0.030279481401661465,0.011223725593933132,0.028270763170407186,0.02605106355537509,0.010773785698212461,0.013963934411987323,0.028836010334418023,0.03789980598648375,0.0,0.041320796098800835,0.9664159675908172,0.02258854050215843,0.016870683896346023,0.7890433449219143,0.735943463934103,0.7822304980053331,0.0008246496312932679,0.0,1.0,0.8063075218408289,0.022647957273030768,0.01960047368955864,0.009238937746748414,0.016008192573077527,0.021185453021588557
surprised,0.2897949639771435,0.3004312041306721,0.3166623302250315,0.3731790435080693,0.37324448238874086,0.1370613140563014,0.3768388213095432,0.30479353951261157,0.327776935102874,0.011818448766634496,0.32458543298945863,1.0,0.7855231616240842,0.5983723130841789,0.8434946119009554,-0.0009389214371661944,0.09783304019159751,0.016937656440174177,2.187963926001974,2.2079814656705663,1.310746566020604,-0.015731062204157202,-0.06769824549250313,0.03835910345792358,0.019773976978012787,0.03755790112708879,0.014413719073748981,0.0,0.023087708689349257,0.01671675275403045,0.0,0.0062800564108857655,0.01041727820880564,0.04021998407520953,0.029196795394409725,0.8152264837207265,0.026121306488339106,0.0,0.6935093888851999,0.8400995379008362,0.8165376306395469,0.012988370103253094,0.019501994282297,0.8338108504712018,0.7990643339831512,0.031193051440005146,0.024143127428539354,0.02664612611558583,0.04227621224699109,0.03075758232854586
surprised,0.27270539888303286,0.26826898919277614,0.35588953592424655,0.33479822269372644,0.3768448415816023,0.11012948415107218,0.4577579440587878,0.43670645233900107,0.31792842266031723,0.03402826920185569,0.5075021829855864,0.9550030991370528,0.7184154246405436,0.9341440912912038,0.542236655326451,0.043277524960496735,0.13360338412296827,0.07606447885000522,2.322752028191253,1.652535009847975,0.9688017670820998,0.1392766757104778,-0.060472292959816196,-0.1273931098276439,0.023989546869009767,0.01121658901883787,0.015901361581607466,0.027966506350737032,0.01779033429462772,0.0041527321437835815,0.03151356327080135,0.026693736076998445,0.01676305274126567,0.029246460393360756,0.02123561182026865,0.9831361192415246,0.02196570251224762,0.037211059665548836,0.5626347218624788,0.8459219023211829,0.7602138203319161,0.008832337151534449,0.03506050753226664,0.888908743187632,0.5993523310907529,0.029301443259114053,0.02772392460327715,0.010600070413450433,0.009141048689478851,0.0
surprised,0.294007778954029,0.22488477800417472,0.29242146489713194,0.3698381832238435,0.3426069514534222,0.060262318905690566,0.49842225846447685,0.48459577908465873,0.32783845141404533,0.010532822364607074,0.4119755903471235,0.7402569675722447,0.701341718814812,0.7540478639698002,0.6762353030322179,-0.0011746326472117097,0.07356138214243405,0.04360562536854337,2.4115185881958454,2.1430537107930023,1.1858658520342942,-0.02700255177895716,-0.015973878447590958,0.06375974242868099,0.02319010432824305,0.016754006265594847,0.02348426049607265,0.002516081540671289,0.011474766418694647,0.03864667814709563,0.03956194372596892,0.03095796968859974,0.03430509846939742,0.0,0.007666953491183586,0.8188898430321888,0.05140334504338252,0.015929908331416227,0.8244904299623174,0.8378372028254847,0.835612346073121,0.019694101894016262,0.004399573207060406,0.5298836086514485,0.9281842482035727,0.011985528778651996,0.0,0.02569349327303808,0.025444262317897474,0.029982600049257763
surprised,0.26342743004333147,0.32272528957086843,0.17066277232175595,0.38512825344365026,0.4172848729792268,0.1222714111754535,0.5049135228248933,0.5323825403190294,0.1626408646742151,0.04097509296443956,0.4231283467501363,1.0,0.6825365523086626,0.539540778649362,0.828637768500564,0.007955216149946303,0.09222877738417276,0.05923045620809356,2.3511881645937676,2.8571021513112678,1.2011030547999075,0.08925725614386976,-0.08270877323516561,-0.06999853653346737,0.006293980100232511,0.029186224222554874,0.029393228733201743,0.0,0.03844290294149358,0.0,0.03344740327572004,0.011756570415248285,0.029171623256686006,0.026632524668889632,0.019517406864225456,0.8951086639380319,0.01887616747961771,0.029281360745411596,0.968527176211538,0.6658761009365125,0.4811853672061821,0.01459623452970311,0.01370766330111763,0.7622431824602026,0.7073561046072389,0.03134164419962069,0.0020427170735380605,0.025860076374381563,0.028300053032141562,0.024114056791527956
surprised,0.26198217608626606,0.30529126280849295,0.31121904435582354,0.4155872408487501,0.31150428960438087,0.09541171198288606,0.36743395772463816,0.49347477406243195,0.3363354585668881,0.016432635144957932,0.3489512412629097,1.0,0.7866757683007042,0.9211759994547963,0.8272953054149489,0.03300924363225356,0.10581643515120259,0.08194756050819631,2.178234094438435,2.269104306368109,1.0357373596957629,0.03897146206607391,0.0854340530154717,0.004285222580551864,0.01085447968813547,0.01991719328464424,0.026020128610109494,0.0016029597866830635,0.014163962941620364,0.022767063181316154,0.028367141499091468,0.019663004222962324,0.023178605739768432,0.003899208709122897,0.00814677241019217,0.8439138162715927,0.02663716449746993,0.02300694279836419,0.6651175613437948,0.7763438006451806,0.9511838342876808,0.027075357023755305,0.017887070436366725,0.6974163238280353,0.7286628882859923,0.02008567470904295,0.023587312281800086,0.02735232478632027,0.025043812597054592,0.015186927290507097
surprised,0.21283140784450935,0.19478669114127328,0.261634177869255,0.4175993528266732,0.35696209242635224,0.13693786354858153,0.4494356802517619,0.5359907501728726,0.26211394337362176,0.01035118253704271,0.4063731992330981,1.0,0.7821042757434047,0.7850958540816942,0.7088485953450232,0.0015334261629462269,0.0914765637702715,0.04092305574145426,1.9472102987732178,2.6035963425156767,1.0671187438528633,-0.04088839195140642,0.18422899940607004,-0.04451738575423073,0.0,0.016925257526153772,0.006162721593641934,0.026452315755373094,0.030474060894098362,0.0,0.0099349830894758,0.024593849304449696,0.0016846232423796716,0.030174591403342735,0.03364111495320889,0.8337984366106763,0.009939149206260477,0.0,0.83140252947611,1.0,0.9795651198335154,0.017465344272623435,0.005795214369667326,0.8837624226328133,0.7873131223847974,0.02621571240736444,0.023935772142860287,0.02120904503433749,0.03337067944527291,0.03385368489739803
surprised,0.26199960927481075,0.22314709175741065,0.30179823978784864,0.3665653226061828,0.3709028539881082,0.12029915239379703,0.4807872377026152,0.44095652035490907,0.38432128379676295,0.02959593591232945,0.3708897402379101,0.8933838769423001,0.8788379693504036,0.7743414838055384,0.5378840289666023,0.03163126691711492,0.13143080500492196,0.07067430519010229,2.601393425492201,3.2311222939077644,1.4783124624994137,-0.04181501477692501,-0.08308012242477832,-0.1999292671640151,0.024428603162876386,0.01729043762121733,0.0,0.020141281990720582,0.02674876876585537,0.02056618777055561,0.0,0.016273922466288043,0.028389316635136864,0.006663104545469147,0.02215398618808361,0.8931627000879251,0.03453357933333468,0.04226387010632231,0.7122173937389333,0.8183757381790702,0.8215069172557521,0.028441873172048777,0.026986240113337494,0.9425005560299772,0.5668703269779163,0.025434274016898906,0.026336343117315038,0.016942019977110444,0.0,0.019207050559942762
surprised,0.2386347889702985,0.1732624597506524,0.31071211947535554,0.40784596774974585,0.37136892595385834,0.11509188705389022,0.4230090340440931,0.5327091838255326,0.3496342417885265,0.0,0.3023365709241222,1.0,0.8932196350027091,0.5985142793965726,0.49296199615770936,0.02270103685293158,0.07144211520316812,0.04445762071131514,2.084634263379754,2.41585950820357,1.3672830438479786,-0.05684486101519798,0.15101598689313514,0.03002330958622987,0.04385183110863155,0.013774067913181934,0.005301430870557873,0.025055000014786485,0.04120924148775536,0.014758202967584629,0.03105466559618477,0.009117237297056451,0.020276527785301594,0.004894750330097966,0.02014081678623021,0.83835450212844,0.027905597689106998,0.04311480091296381,0.7111104579090657,0.6000270852654308,0.7797896110820424,0.02389112910534958,0.022624701147337594,0.7842577189714744,0.9487714940796352,0.021770789018281594,0.01863764855344693,0.00988982035119737,0.0,0.024280015172133185
surprised,0.2725197254565901,0.24752597273072288,0.23874784291623988,0.3962032668441942,0.370967531937986,0.08522516021430604,0.3832204180053901,0.4399261574034035,0.34622417844348846,0.022686320964775287,0.3834014584617755,0.9970447897466841,0.9364385014667601,0.8088496842216158,0.6760200981572858,0.0283008835553785,0.0960496565869416,0.05322118686346665,1.9410894872392128,1.8646661211958373,1.2230817968392713,0.01963343198938849,-0.09533974814353556,-0.0035497887641453814,0.024506841097661974,0.016259731542486684,0.033465673891822964,0.010619156828798774,0.0,0.010937494003882445,0.0,0.02439447262137878,0.01022298769382693,0.03280095950244511,0.03252938443327299,0.757502590676187,0.009494610777680917,0.026947715484887478,0.8479839781447991,0.5987379388376872,0.8281670870029558,0.0,0.012869290571316097,0.9093656807896232,1.0,0.016895290156063423,0.0037874935811894085,0.013324601732604135,0.020858905944523956,0.011286863885994612
surprised,0.27119073516907,0.2341566543951623,0.24515675001633874,0.3634456580131827,0.3400229440966313,0.08232137509030588,0.4998817900467899,0.4321501255050245,0.21232565204579906,0.03332433308784467,0.42917038738495505,0.7390722230285522,0.7634620993886103,0.6549481405130654,0.7176905709079632,0.015168521061380488,0.09818066665285097,0.046689097652760504,1.6189562778392474,2.9805370534038262,1.2818687305217675,-0.07398589407838438,-0.03841650058251094,0.03164618129801939,0.010284013186351717,0.022494204972939455,0.032663532893016045,0.02072463316584869,0.040237804426685175,0.057932060944931474,0.018360417433152018,0.012427113340468761,0.007137679723730583,0.0,0.03622588566884538,0.8146506189936717,0.031379624717110866,0.03399387822155466,0.6419029770068978,0.7069185805254811,0.9744686889450433,0.01908915305268318,0.01141626201745685,0.6954826705095785,0.7858544219598889,0.0396026274727176,0.028910693762920645,0.022362910502040326,0.040650772266683635,0.03814507714461659
surprised,0.33709748185227806,0.2595641765378094,0.3269481186938099,0.370064512657409,0.39845473263668085,0.1597533977470638,0.5237685146070488,0.4869551862334635,0.26126486039108043,0.022446973158541942,0.32943982488978385,1.0,0.8861877639689841,0.7284437464903692,0.816353198688371,0.039797648901809896,0.10374116496114884,0.05989644462895327,1.908751404169142,2.347251850945538,0.9616465806307026,0.026729776857801948,0.24985076917825208,-0.019793852447480685,0.013781619133627025,0.01864294476467449,0.0,0.027498581674949594,0.03328766751684156,0.019897069446178785,0.0,0.016711094062603734,0.001885979239222759,0.012074952577022229,0.03887517190817082,0.6065526917130465,0.009387287176464343,0.03078440495411361,0.679807388045134,0.7221569822828076,1.0,0.024919036114336813,0.03214593134341569,0.8494669717874219,0.8161697391598779,0.03643232382963761,0.044769505858074723,0.0,0.01954087436956839,0.01943841627082044
surprised,0.3801245889510245,0.33721385328339737,0.3509645267650188,0.3320334312005506,0.3477565630393179,0.08190771362825568,0.5525417071744099,0.37504383782478484,0.2531032825394619,0.005422379573792777,0.5927119053215127,0.928309633775916,0.8529888016559064,0.6131259218405757,0.7459258399919979,-0.0030576661281523296,0.07552493136998892,0.037200956759240005,2.171133250015189,2.150611426432085,1.4404156506016026,-0.034342178824979835,0.08829545665260942,0.020551014601524583,0.02654190165754352,0.011035155460904316,0.03296902200189051,0.014887300573450248,0.012324323715878537,0.03164560341743883,0.0,0.02955262186747322,0.010729767675222438,0.010710105052519167,0.045455780153995394,0.796878722823019,0.032426890225911095,0.023630181479145307,0.7882991025349573,0.7749457742172918,0.7697284497657102,0.03986384907210461,0.032095980907247024,0.7500319041398952,0.6954123859310573,0.012401841466051354,0.03275943851066021,0.035322993070663306,0.02721426682620711,0.0
surprised,0.3829497588912867,0.2113095258927377,0.3156099910632427,0.33919114566148,0.42234167633854997,0.1153215213935257,0.5896050757991115,0.4887274157798874,0.27979969909697944,0.013616087238526645,0.3824875931291068,0.8721145837130575,0.9347108970847287,0.9030765932114067,0.500343255505765,0.02049868186007441,0.10156228792000366,0.03632733256848868,2.2424312474239994,3.0014711912800713,1.324092853047401,0.06030232644229711,0.1173220383242613,0.013884523654242968,0.037511889056246056,0.010659917982036426,0.02047460104596669,0.010046580169540105,0.023112590917547363,0.024282861818394216,0.03247789407021179,0.03707539410001043,0.028956703131294906,0.008817791783068546,0.0024217547137851646,0.902002003070533,0.03950677441519576,0.019677705598112848,0.5972606437866981,1.0,0.8489404550161445,0.02222483970863865,0.004816375036917097,0.8016216222895453,0.8686884162195554,0.02653926936719611,0.011161467334018375,0.019258151321552508,0.011991912873522047,0.04163410057765311
surprised,0.2944463842760256,0.2543734957347016,0.25824805348746455,0.3345914346575823,0.3395436510191303,0.10406675381401312,0.4293169202922432,0.6434798649166038,0.32971267163339063,0.005027962641643825,0.2925054629888021,1.0,0.7603132905272983,0.9097769939405587,0.678186383845994,-0.005772764026026337,0.07451439253956171,0.03818256401987525,2.2436620049696776,2.0525859577320986,1.188118437288378,0.07158991829088902,-0.04719013817396772,-0.09347757270840289,0.002630052324238623,0.020080410446719897,0.024810337797826775,0.038999634125653486,0.02319248050686716,0.009382445984739822,0.03940906613045606,0.01761868552929862,0.030056367985318806,0.012032354974788119,0.02118011737860138,0.7698732065422055,0.024189379419539716,0.03044976523712703,0.7005200724475447,0.7448992080613326,0.8356818218463963,0.009274792390262744,0.00026673206463869586,0.8353196418401236,0.7892302823380066,0.01832482791127248,0.026773915389556115,0.02858975458159535,0.017906975409366414,0.005405297731230621
surprised,0.25141251298061107,0.23921190273657358,0.31212678613330824,0.3711339037775178,0.41010867115088545,0.12198339493596404,0.4257549193528982,0.5235976800747977,0.30692048772309666,0.023480857088592516,0.24678756334216304,0.8019345020056732,0.708330563612256,0.7117614333115717,0.6614351007653778,0.022018254225532663,0.10714367366978131,0.03801346965284201,2.3246929632268225,3.1330063874407257,1.0949882207093606,-0.051086944253691674,0.05264675374188504,0.010912213075598545,0.01137231382336257,0.01109068628915865,0.02111108174489639,0.013165079575030946,0.0,0.0010622256581282637,0.03326247181307678,0.03666332252160388,0.040798564643453675,0.022941957704131898,0.007118228396600449,0.8061983850842818,0.0006119607452619719,0.00011140413595433357,0.7755262710562727,0.8539011549407018,0.9958373555726243,0.018919783509582053,0.002348147459527182,0.7878079616244968,0.77175408008866,0.013613988201620193,0.024468744377173373,0.004211857121621639,0.0216993786267375,0.028470322454353224
surprised,0.2569174059040831,0.26417690574788033,0.3500880461432134,0.32513662300144736,0.3638743879101763,0.12821115766814917,0.4336388421066804,0.42786584252997784,0.28673339417167437,0.021522973073014193,0.4760258689343469,1.0,0.8011457241498962,0.8810866280988955,0.6841792963329736,0.03116856218167081,0.07429076314767505,0.08042467283507862,2.1715692425972644,1.4125132213875253,1.4653529999183614,0.11357902161855706,0.02793382641323451,0.08344963604154215,0.020065714105738607,0.014858578505031889,0.01212612015256641,0.025713524290946792,0.008450944053815239,0.01250021598528048,0.012812584650448055,0.016200788431870915,0.013302292753485809,0.03108658371151321,0.023523809962370093,0.8893036738344283,0.02793782877572474,0.018789774487845884,0.6479690670876177,0.9805172479376882,0.8927534654629413,0.040966751181162595,0.03344899947249884,0.7539628596134519,0.5652022061671135,0.004021746468139305,0.02827478660720708,0.018677277048625495,0.01454195183409532,0.0
surprised,0.32420541303865114,0.2264846183876315,0.23144815612059405,0.3874232130964048,0.41489448366453235,0.0899323526148301,0.5637091938892753,0.3509031387108001,0.22729721996957952,0.0,0.28434713649126986,1.0,0.7022210680610828,0.5807769163380937,0.6879796695135606,0.030711340213479325,0.12627145992288497,0.06531747813172105,1.8016163735361586,2.554224339079764,1.251424370240206,-0.001050181139542529,-0.09736006952270712,-0.05795060646127377,0.013826517813841796,0.022141777350761296,0.003728963010498118,0.011841197710775382,0.024833234972645078,0.03959805450651353,0.03496871497318391,0.028591160210546147,0.02103610050407209,0.01902200333132086,0.0011812005994605232,0.7664493466110495,0.009562886890282014,0.027471871102028443,0.8444947771485827,0.8736573419526462,0.91826664380698,0.020939348169844236,0.007221907626279479,0.7950067103650743,0.7275162909567521,0.02855217989282926,0.01533186375973389,0.01871908897595211,0.029017088985724086,0.010365774235309643
surprised,0.27527325213922443,0.3230217734140469,0.2085325539830728,0.31876835508835155,0.4100017754344455,0.09022694646127032,0.44296283695796407,0.3988694400295418,0.34564051899136183,0.02388981073533051,0.41684648616399306,0.7716328786033336,0.8501505553204403,0.6309344497491025,0.5841446972318726,0.002250480357793041,0.09608646313538972,0.06862828205117794,2.1736758714780335,2.2832126077975703,1.1800829225306186,0.07711812686577998,-0.12128367167636522,0.02452407743510602,0.021346981637744823,0.020858892891044402,0.0223053475933777,0.006480073398714654,0.02138499868039274,0.0,0.027483106909251723,0.005664260505165053,0.035308771792065916,0.0,0.041767524252847285,0.6860779323222085,0.004400849821217289,0.023887741493233014,0.811871498442458,0.771661457348395,0.8892606052257872,0.009644794714171224,0.014804004691833465,0.7697922057517629,0.746160414182175,0.0,0.019679328135389577,0.01850490700186449,0.034016375928234394,0.003282722595849375
surprised,0.3085677436801314,0.30357854841365567,0.30380932566659685,0.45284199979390727,0.3836616263192127,0.07471641807893153,0.4995068051826616,0.4060922452473992,0.29450315117908543,0.024812353022824345,0.34250519793468015,0.8721800509574853,0.8475848571070412,0.6841626034549113,0.7473385315990357,0.007179951227785787,0.0752618905897108,0.08335597765071814,1.6026764064822905,2.439914510303146,1.5006730279515734,-0.05115258592557529,0.10831421029711907,0.023463108902748175,0.019628311177309458,0.037508018697831984,0.028482173237265193,0.01990637550494758,0.018301611600982634,0.0,0.01585154842149029,0.023018840575805524,0.02301161782600348,0.052056163843000644,0.02365245485994357,0.9130145320793844,0.035144521176328714,0.027026517049861292,0.741395093326331,0.7918812649460597,0.7649345517763719,0.02577474337877554,0.017785830627261575,0.8624936390531606,0.6990912689670301,0.021909029959312373,0.040176875178295796,0.017079894534517418,0.04395902115056811,0.02212772881527607
surprised,0.17701108430246648,0.3257690926276039,0.39402108452525,0.39921717080130675,0.40165283845425837,0.0954351828610501,0.5397286551593748,0.4469564495693675,0.3133610049098448,0.0,0.3629460690828886,1.0,0.8907211734583992,0.8621927690555405,0.492081908468225,0.0007888629217749354,0.11460342752638035,0.03693085320991543,2.390742596963577,1.8346115010715383,1.1418925703530456,-0.004520655371680023,0.010495665207347966,-0.024913859533102895,0.019554921375839487,0.026246072261042187,0.006594920050097411,0.0,0.02222654590009386,0.02684359354309122,0.03309691451422949,0.015338828506006043,0.030083861333200818,0.026315059073549578,0.03719126601028637,0.8444612083955781,0.0,0.019120424242949786,0.7588450748462712,0.8518194242398495,0.6467317633659384,0.015943417407497634,0.03128534643033999,0.7895914547278867,0.7694265617867915,0.0447822431711855,0.006089945571189824,0.03603101122979609,0.03327624656636447,0.017072835998979487
surprised,0.24908384941323505,0.2577362922257092,0.2615283243933138,0.3670680919760447,0.3675697507779172,0.0439793802740982,0.45756780431453253,0.40912124703807023,0.20665944566926497,0.015449336806157819,0.3733329765394827,1.0,0.7460770041570585,0.8301348215848194,0.7882812003385717,0.011835106782719313,0.0988125697534561,0.08025210606091979,2.174417250423505,2.59109056538102,1.0850652779898275,-0.0026312442465861374,-0.0032812859656947404,0.014555820507482956,0.028931660795619124,0.019484646022087403,0.0,0.015381977058223376,0.004618675727142817,0.021459132535543084,0.008081091738234576,0.02621567005400224,0.020581924472139353,0.0037758829534747587,0.013597004497022116,0.9120562701631084,0.03492390946558156,0.008268523993438862,0.6402559505058953,0.9950984940301054,0.7990232053504993,0.021189096159185652,0.01038791628367856,0.8215220228540387,0.9715095676540176,0.023306748495140125,0.03384452223881147,0.02037679013497224,0.006664558521888736,0.011117923299191083
surprised,0.2883725689918428,0.2639953454312261,0.2389387328810566,0.394217834513807,0.33047471788825505,0.07164747304342364,0.5197626532421452,0.4284755326686037,0.28512729034916584,0.017802141787934257,0.45081097467221565,0.975239157636216,0.7256918558334087,0.6651489339661798,0.6304889189152967,0.023928856655017344,0.09911225141255191,0.047821421741971015,2.115042156694546,2.4363252870769463,1.0164095459282352,-0.08942417402438632,0.019600792522801662,0.09791110349200008,0.03439166186040408,0.013729951082506148,0.021679867158892772,0.0,0.01720273425524192,0.005705340875630604,0.007272716993909231,0.05148841731056818,0.02324383670820117,0.03593828831463529,0.03111894658317023,0.9483242881998064,0.01741206839928973,0.04088322615484989,0.8346687298576493,0.8041334951802304,0.826328962445761,0.018222478585987516,0.020679109403262893,0.7956399264913256,0.8381533631236491,0.04261965941833604,0.004332216479536435,0.03485061192561449,0.015212951711753516,0.03650562092744247
surprised,0.19000920958433054,0.3704267975672873,0.23097681209685772,0.38335531444625265,0.33790312855299703,0.06657495871281366,0.43411716242409226,0.40400287718955397,0.24155924893467864,0.01953937600854659,0.2962665293831519,0.9691347542582145,0.7872673181002521,0.4523512758598467,0.5976890096950156,0.026089330132947793,0.07341135287608701,0.05895636340262667,2.2406207432219127,2.065810161325543,1.1577400561916986,-0.026675629041132742,0.03714783088862276,-0.012707539903629033,0.030724884083519532,0.008606511004013297,0.017324462751443247,0.03495310853375484,0.008850783158130265,0.02596905771542754,0.005970515592200446,0.017907495258464915,0.025807447289460644,0.0,0.013053799945457766,0.8929331927186378,0.022935973419579165,0.0132090809997174,0.6395417994418829,0.8628464882194247,0.7677593262478184,0.02708951362117707,0.024942900761727598,0.7552581714431513,0.907256174299465,0.012274391069529905,0.03547590166397474,0.0371768028971179,0.03365149076837293,0.01765270500623813
surprised,0.2788528100476184,0.2212521431930702,0.34734380834400774,0.3571038628134425,0.41678444104149254,0.12898882770796358,0.49675740699256976,0.3963723811178815,0.28294608722439085,0.0,0.3918472640543384,1.0,0.7762494920918077,0.6791903649291207,0.62022530758905,0.03579975761414724,0.09864085777766342,0.08251353308715073,1.9145116109124651,2.532004998887052,1.0802540456846268,0.2037663315494391,0.013666001318031919,0.01928451830771676,0.046968323378853864,0.02233616904702168,0.04766498978361536,0.014538341786269851,0.03985852928611581,0.02153404383955544,0.030876522729092762,0.004143757287182342,0.02452938133972099,0.006101434306120897,0.023342253209165376,0.6981609946961846,0.018776920745571444,0.03424295648264715,0.8047553878994205,0.6766049950409116,0.6101613617162903,0.026460279545989986,0.04055558433965936,0.7036053963129834,1.0,0.019915587253802994,0.0,0.0,0.030009338941828362,0.021684384530855447
surprised,0.28035157519219456,0.27256324480102345,0.2601044241103564,0.3654920249784608,0.38698583297121497,0.1075645256959554,0.46957439588300137,0.5434640319403018,0.23993607438556397,0.0,0.4711875538071505,0.8061124312613788,0.7620524181384822,0.6765480432140668,0.5866487677908228,0.0010425675030759814,0.08576181030663213,0.061363294464891804,2.098722282126758,2.6404514410113604,1.0687209124701478,0.11857767726346108,-0.10783122900283673,0.009479583853102365,0.03173699788016509,0.013391295620534042,0.0,0.024116109308041863,0.029976001997372846,0.01272989283855005,0.035589681476309386,0.00894100155983721,0.028719448567275336,0.04268208724804295,0.02047750279683015,0.8273516913976974,0.018626268218837155,0.04116784003037337,0.7902782573791177,1.0,0.8279251387944021,0.011500643421251327,0.012414409842228271,0.8061607265492947,0.5958677384030314,0.013825132122631839,0.014113628157353014,0.023117266820445265,0.04524363686521885,0.02071261434931933
surprised,0.2848357275032923,0.3644716871602544,0.3299240195153115,0.41720461895110866,0.3713146763138996,0.12747802591377194,0.3805659577197099,0.5250428089702646,0.2858790548421316,0.0011760857225131573,0.4415265690430412,1.0,0.7593398128684038,0.9375314100292153,0.4844059085678454,0.0044416879219072915,0.09633184895619655,0.04351163199626536,1.8831816495307523,2.5004633388538795,1.0627393557592146,-0.15381272697010923,-0.08225168848892653,0.020983028949673094,0.015333329370564457,0.023619525914554823,0.0113220205278723,0.018621763902853347,0.011607992397325337,0.004326934582119614,0.02992812827075815,0.042201327730946175,0.033839435935960914,0.024312309064197114,0.01166013024443243,0.8213081275817259,0.033741276386075277,0.0,0.7136739775606149,0.8734115919744267,0.6861719617815497,0.025504047695191975,0.024900860519953966,0.6545667569737508,0.8086978110142934,0.011973211515980242,0.02540928278648593,0.028707252916586427,0.02518620613905096,0.020943700215160253
surprised,0.23858287117045573,0.33364001518132663,0.3155283841110349,0.4072160540047948,0.4485396622305593,0.09175056337999128,0.40745193020365916,0.42259578949004817,0.2198881796080898,0.00019341942900189674,0.44347721062776785,0.7372411300341162,0.6925087434989942,0.7377936147474048,0.6087772397262333,0.031513480651348874,0.10151153262503738,0.03602679811448651,2.4157807281665007,2.7251187477766403,0.9003790474864024,0.023109701793805795,-0.10584585800244038,-0.002460142709057879,0.023279466380580427,0.010704001735393072,0.010361308693597818,0.04430369059706263,0.021615528049873246,0.017171999649318693,0.021104365928843065,0.03136512341678082,0.010879141812605228,0.013098950397266976,0.02853672895590226,0.6983610709509631,0.03288003393182079,0.0,0.725423319142459,0.6401167126832661,0.6943748338065657,0.03686966916186439,0.03357795235985137,0.9151322299778105,0.6551011716461594,0.006336269943378379,0.024418343394804715,0.029299127372331528,0.009606322093717878,0.012474022026929016
surprised,0.2816271997878638,0.28434951931557667,0.3374922635806381,0.34190133741470363,0.42673043336904615,0.06803198210945771,0.5403433199777736,0.31706428215438215,0.29477221740659476,0.04113068388213762,0.44880792757719584,1.0,0.6951584858375828,0.6618238506997971,0.7844395821031159,0.026140413386340752,0.12225623117501411,0.05129139171841297,2.0084372676956175,2.739414765504476,1.2077209583398982,-0.09050781168469083,0.1492420761523387,-0.03799646392428133,0.017790519985855433,0.001617908264961783,0.032400807865154486,0.025720342051311993,0.01211859336107791,0.035330285543664665,0.02316956248786612,0.023424184908236,0.03149064249118286,0.028693186063968888,0.023817768228700985,0.8311414946455002,0.045787634005048886,0.010460589328767814,0.824597183899408,0.7916140833627674,0.8454713627463172,0.03603450313881355,0.015949480449405706,0.8601836342133664,0.8265557280509773,0.011663080574381875,0.03635528698334971,0.02924544134376058,0.01435085089034831,0.034346719104095036
surprised,0.31906822342903957,0.2550564655122771,0.31944112208197434,0.4037784057035614,0.3649900341034731,0.14574293978640757,0.39224431464643145,0.340801408330601,0.3428049568334344,0.0,0.5044271778431447,0.9655174661702709,0.6573014925194762,0.6361842597027154,0.48659113244849866,0.024977478385146055,0.06682714572519355,0.058786558037179096,2.0009321507775883,2.2705500370699347,1.2537196579025331,-0.06651357200584262,-0.00260408365966193,-0.034337906764489244,0.028105647285165195,0.03489543733659092,0.011760881629001957,0.019612476985407905,0.011740747277091661,0.022118837182108327,0.00988223409148829,0.01448674250349327,0.014552993372976188,0.023813692272353745,0.020038414574049517,0.9006301605768721,0.01860904443210306,0.012463215331476924,0.7691282897257473,0.7082816056609162,0.8569157815779354,0.01628895255645706,0.022658752326093958,0.8220024004945262,0.960154548438554,0.024960588120316134,0.020951846389907037,0.010999179341814084,0.03043100701409656,0.01648732823463722
surprised,0.23743770372206038,0.27385462413429384,0.2762828924942467,0.3777636842289672,0.4293856747886182,0.06721105347038221,0.6076196905868811,0.4474552626851814,0.3290105616976231,0.021661871464992117,0.27917834997643665,0.788871907614654,0.7475724120362212,0.8692463781740358,0.5115678864250286,0.008875413448465925,0.10412127100695641,0.058274987836201386,2.243884284970238,2.0785380695692974,0.865969589724793,-0.122038411674116,-0.017557940003519762,0.01531918354945711,0.027007775361769425,0.038630611240016474,0.015511079000116085,0.005119075701707573,0.014411555807957038,0.025122813454001497,0.016969138961903767,0.038293517339692565,0.03202461935225574,0.02239639486065527,0.0,0.780773637115888,0.012875709757506341,0.01029399223857608,0.7690821271864925,0.8211442081035231,0.6325925131844782,0.030459774806794966,0.020209608182242315,0.8357641413508612,0.8744826334868525,0.010029393648577845,0.03636577396110566,0.01815668375786675,0.03966311394537016,0.008378878341344724
surprised,0.2305046443040269,0.3349425094636804,0.2611555003679899,0.40860089534666194,0.3783789973149733,0.07271924061593217,0.23324566280828737,0.6443377054549493,0.3036512112807506,0.0,0.42118260245254346,1.0,0.7284919216486002,0.6649974554515674,0.6480158152960017,0.03563372499990827,0.10249900299557567,0.0756064428259935,2.4676462310723286,2.363633747715525,0.8710236283084565,0.11505972855447123,-0.0813585621930802,0.20390250292844722,0.017053279095647404,0.026844271205135266,0.0207786151929331,0.028247522811986833,0.031224459689946363,0.026901161194406508,0.016420728797319768,0.02675848517489616,0.049061295009876216,0.000631565711276847,0.02633473706958898,1.0,0.004730330050902277,0.0330143011939969,0.8634717244566628,0.6523153845091136,0.8712361714418192,0.016472893284905317,0.01921420464537191,0.7675045274780301,0.9312689091434632,0.018542426734807445,0.013976924049541784,0.014197118326551274,0.01556713057344184,0.005966038240903025
surprised,0.34261003100782594,0.2925309027761714,0.25532757406096285,0.3395584002474017,0.3917794752322641,0.09706573048105405,0.44346541358890146,0.4703460375789776,0.3259694540622365,0.023506557913774116,0.38806373277287093,0.8277892748833766,0.7387215231123965,0.8517911790150515,0.607641376160328,0.002501443698313,0.12898936703780584,0.033508376385960666,2.1114553087372823,2.635414064666568,1.160592181098951,-0.03777072460555814,0.010590266223307743,0.03235051359860088,0.0,0.025076343955887447,0.03724402225163036,0.03022491896399814,0.0,0.047654176199035114,0.0027639298248539855,0.0059805470246209105,0.03016440871598479,0.02588693886160012,0.021044356368117512,0.7930593757803557,0.03730113746698761,0.019488763947638682,0.5934182990375447,0.9232299949978464,0.8219284992967175,0.034495087194743604,0.02744313210492572,1.0,0.7690029728207772,0.020209212137175848,0.029357798371477294,0.0160507002845128,0.030434290214793783,0.0
surprised,0.23439979867756083,0.3271183876044076,0.2537688691638593,0.3880109760028794,0.3785134544114258,0.11250910519634494,0.5608994619150512,0.46512054877903597,0.34206985131907464,0.02188331223391464,0.36457942642514574,0.9284124756746089,0.7716457618577188,0.8181794558303441,0.6606652042269184,0.009674560426693976,0.09445094339716993,0.02329645776616849,2.0400039636886143,2.4504929651338543,1.4927544688710126,-0.005822660466054107,-0.009269322179981151,-0.01113721707905105,0.03752987679097818,0.006557030230597009,0.022623002451313136,0.022851034083587053,0.017004314414057732,0.017833049176544186,0.015398653337201449,0.04434521032948298,0.014589604705358724,0.024432182866790487,0.0,0.9323568383399856,0.03539531249428167,0.006323609621691911,0.6988113249911581,0.845150352012638,0.8019460694412447,0.0260628046767499,0.016265866160528008,0.9863265387051522,0.7330259867860991,0.054990471269626806,0.036145010925538776,0.030817498735996193,0.006473790753355097,0.031825870988034646
surprised,0.29859665217360587,0.27306841447337793,0.25314313310335684,0.4231579677782185,0.34464882846322703,0.08861897642459853,0.399855191428686,0.48953811748567894,0.21402709000894954,0.01353026592594474,0.279406434553612,0.902286490025611,0.872304900975752,0.8389075794296533,0.577240166723253,0.026933185387907083,0.09537091444387653,0.07381898702887216,2.0577620700209667,1.327674620738084,1.3246213056028189,0.04831507445444921,-0.19076493624056337,-0.11236802457769793,0.014031710409891845,0.01643540062205736,0.02436700513912652,0.0014787971300284225,0.02097049647342244,0.02694846093351172,0.024732834463019902,0.012213893736565527,0.03289511552577618,0.0070325526598027256,0.011868218779081657,0.8363998564472855,0.023841088670534034,0.015780936861372108,0.8728586899001594,0.8295286213601153,0.8075657963699868,0.023381770068601232,0.02952777710250211,0.8240774893141017,0.6190483166850919,0.03416361523237532,0.021555777704989273,0.028903086493882707,0.01472273416156893,0.0
surprised,0.3474903296581424,0.29570250371434775,0.22528417471254347,0.34863503425425413,0.43443132394604705,0.06723047823646125,0.6128873983173632,0.5953929082514088,0.40673610349349426,0.02494911933729778,0.3760932627681054,1.0,0.8908584951051943,0.6719068913051617,0.5398796762173839,0.01630882557760138,0.08069230556169084,0.07171551337638131,1.8996604080379726,2.486104653640497,1.340879455791843,-0.1823127695899469,-0.08499310104219929,0.04138353894860405,0.036637950034495916,0.022711270664111376,0.024995851075972273,0.0067791218424548185,0.03329973641001075,0.036425802149864475,0.0,0.04291829566696309,0.010891426930685903,0.027730201545758556,0.02100830242260654,0.8439624153889423,0.01731526628240077,0.007096676683693775,0.8023828010647978,0.7713955331244317,0.6690577678675609,0.0065449390501625335,0.00319819857201201,0.7475409449697983,0.848509930843236,0.01075546534221456,0.0326807402375761,0.01845021176757428,0.016237736016062185,0.0202179505938489
surprised,0.32992832566408103,0.27887386225805527,0.3415173356080459,0.3671010859170275,0.391427135013079,0.08646463731145668,0.5249018252011102,0.3951876905942358,0.29743161054991296,0.028828804638227547,0.47337327490417275,0.8247738561302455,0.8753138235120366,0.6321617902648585,0.4349669174391071,0.010275172585999769,0.12086649940190794,0.04978620461788768,1.9261256591792373,2.470943067117856,1.1641215398350828,0.11161239454050577,-0.12342048227480767,0.13250935771353153,0.02808468113523624,0.0,0.01866941156115126,0.021615604530039814,0.002250187869894664,0.0020719285239497384,0.015258790553228936,0.020110815682511628,0.020156598325721885,0.012767469742537813,0.012234650291427389,0.8104823678520731,0.023880782897533665,0.03618007308831314,0.527960311355588,0.8623002121301826,0.7888848338806521,0.026834389654284863,0.03541206338439286,0.7244873924183426,0.8944304677897248,0.00369744276373693,0.021658790025974324,0.016847281998632217,0.020601633084096047,0.0071425542969565
surprised,0.28986156712648764,0.32450540229610875,0.2645694821353966,0.4344157168622663,0.36281246634325137,0.09709263242003013,0.3730305497769407,0.45981075267290866,0.3001511472749485,0.028266716182983265,0.3554655771704395,0.8459956672560374,0.8462492117899982,0.9176628588089477,0.7129010247630985,0.044016359231944885,0.11388268678054883,0.05908762497745145,2.320770186217724,3.011784460306634,1.3877128921655622,0.03495067648401611,0.14276585389633026,-0.07774854966531028,0.005896582969585994,0.030407564538930926,0.023449634575380608,0.01747754479344394,0.0,0.0,0.015261926138529714,0.000960310390348322,0.015531161356199114,0.029286436285905444,0.012447567795069968,0.8583462602751236,0.006090624542372124,0.023883974704620812,0.8008135391469566,0.6577065742985858,0.7248113703402012,0.003526786523704379,0.02661979235863207,0.8164006560548182,0.7950288205764421,0.01833234000416285,0.02419686066062368,0.024457069396148272,0.013557492580423946,0.0117372415496846
surprised,0.2600374770367038,0.29506259622994774,0.3042281773907238,0.43602097162456765,0.3475526163301546,0.1334911957285418,0.43857684299013483,0.6438542552975962,0.31813011096130744,0.004023921318438723,0.3861988929149981,1.0,0.8081541154411227,0.7428449510883475,0.7218997163867684,0.015515030021321798,0.09473167060542659,0.03346819607619789,2.661866753814077,1.988464242084057,1.1911818653964819,-0.004719615602949491,-0.017076140819975823,0.16485457800394548,0.02623849912506513,0.019822535441059996,0.003699783658632296,0.007016067639755265,0.02679271993863604,0.009861568988249995,0.0,0.025030718196258288,0.008657560060574849,0.028205850556413267,0.017378923123084297,0.8250187671486197,0.02067909637922197,0.005199586709215043,0.6674546912402388,0.7740075951245338,0.685565707522943,0.02927962957300136,0.016004073253654827,0.6550563398349094,0.7440971021210971,0.0213156333439848,0.01420082410434547,0.025197606523143963,0.027462472543664292,0.0512221035873905
surprised,0.26613465279270576,0.30990368796608125,0.23145352432351102,0.35874991343206647,0.3302235249636271,0.08494335691271229,0.406215170087964,0.42574204950362965,0.24067436315401214,0.03276633461221161,0.43305497039833696,0.7290534596610463,0.8025972939167428,0.5621694144308942,0.7842255726026632,0.04098340885103616,0.09860656765278637,0.03507870957129332,1.8841124685314377,2.2787123639408837,1.1403437885898735,0.09205153610885804,-0.1472733309927004,-0.028818598799893964,0.03781610541628226,0.03242282353401783,0.03262305854854325,0.022217517518747027,0.005003047588757685,0.009989262774788829,0.0207893764209816,0.004385698741026801,0.02395177835717739,0.03046660577833453,0.027089490095458225,0.9005189472918332,0.0,0.03733362535672425,0.5932614669967986,0.7847250786154177,0.8618543543786075,0.0246617678378027,0.003388127748402501,0.6901674377096304,0.8287071622406782,0.02664098517900338,0.005606350020033237,0.025103704306544697,0.0003014447639771642,0.02811706034494927
surprised,0.340354181051386,0.2925907614924176,0.2488467035586932,0.39438370822176694,0.4656965295688391,0.11850307303217089,0.4454145564356386,0.38539499472130684,0.2691754249696142,0.028839907981257996,0.3379938199374829,0.9504100360645681,0.9437618912339412,0.7680470871628385,0.5420868208702568,0.04831202208474393,0.14406120744864775,0.05877058977163413,2.514620508685203,2.3492151703718,1.2932996238904426,-0.07070734574136242,0.007246211212638432,-0.006991815383640448,0.014493982532650225,0.0023796046105855895,0.053694993940928804,0.0017150051338970483,0.023868255703752797,0.023716396907316223,0.02670807259446374,0.018834104539505982,0.01896975203803461,0.021799352534074248,0.026238290257430207,0.849818363856977,0.019111305104276353,0.0028255707417881235,0.9513682469697378,0.8535699149302367,0.8208906761304156,0.011881925173585068,0.006953015492952019,0.8859986448047537,0.7840137614915463,0.028073839599447634,0.0024220482618850514,0.04010911297169621,0.03171790666032268,0.01894618499405965
surprised,0.3672469983521719,0.3051295719003143,0.2433866810482994,0.33613633373341756,0.4194839096553619,0.10527897993067514,0.48740156997723727,0.4520665029781117,0.2498628155411974,0.026612031269065525,0.38617254025946807,0.9466921032097961,1.0,0.8542882965317651,0.7426764909757926,0.05536680065668825,0.109614346804503,0.05209488188786298,1.8792576114478465,2.279161673519177,0.7833329069551291,0.037410033473832593,0.0666903923581334,-0.1069584440331576,0.030275503404485475,0.0035300270349647965,0.03173556776542481,0.01944066177951254,0.021664763291936756,0.019449216908122815,0.03801896757547857,0.035722750679173576,0.01962441172648991,0.008312947006627148,0.032010558369316516,0.7525425028584738,0.0,0.026478548290340458,0.8718489921803226,0.7594914832206124,0.8404517688234762,0.0145962404474099,0.029385913532915635,0.9095029686412216,0.7737134785517977,0.0066411589496071215,0.0010586021660499885,0.03203394962198323,0.005224635607798253,0.024836315135630768
surprised,0.3319502592703522,0.23797392305859252,0.23269499653822698,0.37062435115163717,0.43111650648305494,0.14026827736509007,0.4423443159158431,0.394810573826528,0.3532057307959793,0.0,0.4173327597903663,0.9433031770920212,0.9293827843524382,0.9174022247566052,0.5557471442052726,0.022179814461174677,0.08573489144396149,0.04486677076413205,2.300651026731342,2.3235774689102957,1.1956822840011565,0.06219256547540128,-0.04511716906954891,-0.013296868014396463,0.032444538148636924,0.03969710240934704,0.02375284188252291,0.0215309502915218,0.005605227926735986,0.04061537990343936,0.026444113881765936,0.021770926618327,0.021105639888557022,0.024688495156218307,0.030033276368449532,0.9395550530130593,0.040940424645485876,0.02315495061066401,0.9254201219265403,0.9057723279482561,0.7939868618830527,0.0,0.021112309435860777,0.9558477804890322,0.7224736869867789,0.021072014417013177,0.022147845821183086,0.0322476456938056,0.014958449878817138,0.008698011270081235
surprised,0.37569934007024897,0.32820559443115277,0.3779361648416938,0.41496051012062146,0.4072145968676981,0.10923839083550894,0.4355828081789235,0.489688260097645,0.2723383757812949,0.006100020757770162,0.37674419281552485,1.0,0.6767593313074749,0.604018001903988,0.7091309162712822,0.014603976842323334,0.11213737612898664,0.0673225050578903,2.2499980573838103,2.2113272940488864,1.3960598207692632,0.04560017209789875,-0.06690483171338424,-0.14684042817136883,0.02964759487384564,0.020348762104464516,0.019719423419320394,0.02486190301320086,0.015944211896642045,0.0,0.029752050701401758,0.02897965925832528,0.0,0.026638789854544296,0.042834286005566255,0.737236164682646,0.019047213218420758,0.017634229916257238,0.9160411934370882,0.9120947044156962,0.712158385348757,0.02444754080366084,0.04993473771960784,0.7375292100858862,0.7988846216340668,0.026675594945339047,0.012069290853649654,0.04292164010490569,0.013855312096314219,0.0019425433213854752
surprised,0.2957143682210894,0.30925262288736666,0.21713542981185802,0.35745191129623105,0.3939588343815227,0.11756030400008786,0.408244238468008,0.4617623540442222,0.2858031875127119,0.029462052220407722,0.43635895054159257,0.8930438401826599,0.8478443851196158,0.7004881953848762,0.6957361954356479,0.02612682908947965,0.15927616321421273,0.04411541076317806,2.054087741736865,2.205670070851973,0.9699604396067881,-0.04199856311330314,0.05877180775675529,-0.06385393006034028,0.014066013583298544,0.02864630903787609,0.02958699990754098,0.023843837980935288,0.016155056553111165,0.013586125182899478,0.008081203363993676,0.012760461187480919,0.0031633352312804147,0.037652158054383614,0.043882969322186584,0.6564137246500072,0.02376042729205794,0.02354499541962835,0.7708808789590132,0.7407255678786993,0.9022513958755691,0.025336204920521285,0.03344358280152983,0.7262488020587196,0.6616817195342071,0.025653771884566256,0.007481731564362706,0.033709794875840346,0.0,0.01390898136627149
surprised,0.3006042582720726,0.31326635532036423,0.3192592909430609,0.37313897597312945,0.4643481744682584,0.13467725834892472,0.4258209132862445,0.43939228885899667,0.2833476103649874,0.024722881980187513,0.33196435189000056,0.8295955372090974,0.5832633754585624,0.7021607845472189,0.7564759183974004,0.018022686738056938,0.09759595146300837,0.05486778501747144,1.7742728343415837,2.4595455452732,1.3238206271717838,-0.04927374781224532,-0.029913897764894632,0.020887925757056412,0.023985321165955757,0.032716141506402216,0.03643371478149256,0.028613666901291496,0.010726228685659239,0.015526240272936621,0.04510935508856626,0.024084190673270472,0.022352435667041166,0.008820528575138582,0.018811004977000813,0.9216373586152786,0.020192994236454074,0.013248082946941582,0.721261383705258,0.9191825318016098,0.8667780812664237,0.026942522949209062,0.025731467806332623,0.6816970040764777,0.8272349086749267,0.03388409720399161,0.016608019964136814,0.03270656481069071,0.02708794734077596,0.030759746953237178
surprised,0.2817235774490157,0.3170767727760311,0.2954075753647896,0.4238249462401615,0.37371604699215416,0.08631361817487355,0.3229716875649171,0.4288450962211004,0.3258437473409981,0.029893110678738434,0.3020570092840786,1.0,0.7025579178870287,0.7354622230446405,0.593118361834246,0.025424248489821034,0.10235186793854613,0.06186444971897219,2.699236499720425,2.600189308560047,1.0538909464912984,0.004074918924566477,0.0797927005095744,-0.11717452907365114,0.02599389735822222,0.04528681020758589,0.02853242342977646,0.03229401691777987,0.0,0.025029421786445884,0.0165157692509665,0.011158376793058582,0.019709874745633935,0.021412241756862935,0.011882905274104363,0.8688463760208728,0.017744667728614476,0.029131705368709522,0.7727574840820574,0.8375923358849298,0.8979387968686663,0.02721442617790977,0.019920902896081324,0.59130750499836,0.851372799379501,0.008144997070658447,0.01887890827889619,0.024823610808377132,0.03732937730928576,0.04395019641885289
surprised,0.29260624320997053,0.2175024543479468,0.2791366438996357,0.40390163782987026,0.33079393111284294,0.07513536519672721,0.4000776050094254,0.43354983070223524,0.3346985752887732,0.015755751243521656,0.40387217782171536,1.0,0.7043689717321253,0.6716407923238454,0.7178088874290913,0.032844561484725886,0.11037002184114987,0.08165693245339337,2.2031731788333966,1.7040208594750479,1.177847206490314,-0.07369746294971322,-0.11842765887262176,0.02605737353494599,0.012577212886732376,0.03798955273512292,0.032540112834795354,0.0,0.037554134826638046,0.0322117809943837,0.015781992321689243,0.018980255373245564,0.03809830153477477,0.0,0.025790174065516043,0.9593409635125033,0.01884673060074355,0.02842282757084327,0.7603154536557823,0.7215960730288082,0.7190969982585748,0.029255080475928445,0.011735812568004036,0.6475419061604241,0.81223986917215,0.01332994152740933,0.004411594371883763,0.020932716629882532,0.029974597621130947,0.02026195083448844
surprised,0.39507777649143994,0.3549758895738156,0.22772136370966806,0.4143233095237838,0.3902609568263039,0.071197520978268,0.47199412891620274,0.5986974440877996,0.3597932105359586,0.0068251525189237,0.4009602051819457,1.0,0.6270096398360854,0.5465474683572497,0.6654627844108661,0.022179775649142242,0.05402952666343119,0.05678953669988346,2.453262878636986,2.367591120007422,1.1710053686591768,-0.08529926848525993,0.043362320616319665,0.0828125105661163,0.02742835231689521,0.025707380591822718,0.0,0.008233424502522957,0.014853905329548077,0.008809248339779585,0.039070590473702746,0.02824818719747598,0.005573569724644208,0.017213635148671438,0.03469509778165427,0.7853760608611652,0.03107059010647535,0.03798133597728852,0.8716140964646566,0.8180404144583829,0.925102499731529,0.01321090578439096,0.05231645739329925,0.824084954143454,0.9146794162109896,0.015293884832803518,0.026492388932269396,0.027065025248597874,0.007925162234554773,0.007540236191147147
surprised,0.2611318405759798,0.34811337638904155,0.21592927154124036,0.43015602653023,0.3348882809372931,0.07708645964788999,0.4385903122146112,0.5951930777995226,0.2679996401793842,0.0,0.30186447667646127,1.0,0.6645259714907719,0.89255574905774,0.6569790821100606,0.019580474054005734,0.10743260614898645,0.035983894121806505,2.1448083744859376,1.999614943731762,1.4081959310563479,-0.01636020451380337,0.09947992894613918,-0.1465142115076015,0.006645162011161294,0.02570544825400805,0.006548246070612045,0.013068340375611682,0.01514018355592247,0.058757523751977556,0.01981220087244218,0.00932011263847733,0.014220777046939598,0.0004392568267621473,0.017883783021084246,1.0,0.024368513902740342,0.031744212346449106,0.6590056360194896,0.7796657830758293,0.820390263525617,0.010571011204458733,0.025200087577504107,0.8615428415188767,0.854284805083654,0.018035917394601506,0.03418184690848329,0.01665097329925977,0.015465329758895377,0.03874000709230597
surprised,0.3001365801872581,0.3467467327521898,0.24565303757455603,0.4525935008116168,0.38108789417105254,0.09711176132004526,0.38412979408648423,0.6012300255692616,0.29248555609905064,0.0026841556595077476,0.5720368068181323,1.0,0.8798830450604281,0.9517872265008868,0.7114462582454442,0.03267356164157792,0.10135812680820137,0.0628403150301164,2.0888987102690963,2.4423706925949986,1.1820278832022462,-0.08855730397604615,-0.15326720287069323,-0.06942530529904746,0.014841403101399628,0.02655691185936694,0.02652398727779639,0.030645915798629672,0.028314884695461142,0.04600055967100834,0.03368418661527538,0.017305725424610275,0.025889929549736873,0.038365075484080205,0.007650348542798098,1.0,0.00992968736125233,0.03170358011209107,0.750660044022449,0.794906760008556,0.6697087126352175,0.031797501233968475,0.003251343593626256,0.6557229767138281,0.9159703018406576,0.04326487274531003,0.01132580503899709,0.03304041990751806,0.03035484259416982,0.018810256963550778
surprised,0.21480396606618174,0.21702645923214425,0.3407903381690166,0.4020482084629365,0.37430172496248326,0.1476961300241119,0.5970419645669857,0.48403551998141037,0.22721724408833935,0.01854921315599563,0.34171927190029633,0.9636508225989763,0.7063702833422466,0.6064528890688075,0.4237386756274447,0.02217434507551261,0.042530922080522685,0.04439578847185562,2.325679016310896,2.1774088780804677,0.9603915536080972,0.10686535052833795,-0.014725996224890752,0.04140273162552201,0.01911798955173686,0.009228128129817844,0.02241355299890082,0.006573211748346986,0.01864157895962068,0.015496530616080523,0.019850218998349253,0.04125697072222341,0.02259754137392308,0.026557773589367343,0.011877689909967576,0.8723256418893346,0.016427555277296862,0.020385528529208642,0.8148945570865544,0.7499766159753067,0.7601954563991609,0.013676609299335531,0.013425644635709257,0.8173235230573616,0.7636018074677378,0.03947343272652147,0.05482911524552417,0.012616750292564937,0.023822037156661025,0.03349409848871809
surprised,0.31568017927787057,0.29657190355459906,0.3554271648068088,0.4108093269529494,0.37808259856157617,0.07558422835616192,0.41176678980711556,0.5433737984137348,0.3341042827404974,0.017573333948090245,0.5236594236146812,0.9260237538254011,0.8987517960731158,0.7764046856744081,0.843295303742275,0.029789591331797254,0.10115398703032655,0.046870974121580304,2.0950039371547917,2.1761625301437664,0.9085266226928945,-0.02125992496191827,-0.08949520253751596,0.13905386491718064,0.024013560071419318,0.013064259326263115,0.013029722170609966,0.0188450769248844,0.020678904699164488,0.020095888150603775,0.04259783957350985,0.028610933082848233,0.047401602518293784,0.014293125191761295,0.030188368360667187,0.8116587459370144,0.012705285846976413,0.047892054143282806,0.6731851730604683,0.5768265996777412,0.7292050690835146,0.0,0.007632781486066142,0.7141334179149981,0.8035281764851551,0.0,0.03554737893905471,0.0,0.01833923930549954,0.015785987457160595
surprised,0.2612044288171427,0.25583317005726053,0.30146513122276547,0.4211680751811122,0.4130027638432822,0.10804535533668985,0.46803134392575446,0.4471875929054636,0.32049650822409687,0.046454147778229704,0.3830198632910185,0.8944152503841483,0.7558944134046826,0.7967247309746897,0.43782547309030473,0.018244197859253627,0.12201617128124942,0.04079096110741116,2.1606790046895004,3.246274137398188,1.2210143769960886,0.06602802879210341,0.031638894741063704,0.09494983370086096,0.0,0.001671503234754984,0.016736957731507716,0.00955026319323979,0.02134398167540833,0.01617051171033704,0.0351589299268069,0.005812691186704921,0.017302508031701122,0.02282436033457743,0.024434747765525542,0.8646805258578004,0.0,0.02108279701410484,0.7349245627124744,0.8864109752912857,0.8722970308569404,0.023130978642913094,0.024071133669274845,0.9352383099229667,0.9150296107095691,0.023579316029395097,0.047890437739138064,0.011833447780759088,0.004589239594788042,0.019859105910452163
surprised,0.29786642799784824,0.2769825572207218,0.23962400659190033,0.38169302078224293,0.3849228991697255,0.11787685959653355,0.400283699971534,0.5177239012650254,0.24546785128703275,0.013456100050404197,0.5189295241120497,0.7938586404414294,0.7341232687369195,0.5996266727286818,0.5672733616688094,0.021798721054374002,0.11766355732107375,0.049673832663423234,1.9944757990032835,1.9808528579897104,1.026207996246522,-0.029904788970078727,-0.22188071785212868,-0.05219046479931087,0.0,0.02957527512349901,0.03047895158241376,0.019474181208689895,0.02573886279049984,0.03139102345351398,0.021315715539873017,0.038116938891901535,0.006690694948857918,0.015467287035348483,0.013919351815381072,0.9147238094029508,0.0013561627187609893,0.03882366989248917,0.8061774380495053,0.9750294472617972,0.7959428786615282,0.012845849113211167,0.02854237916689252,0.9030565077914274,0.7285579159528457,0.0,0.0,0.02339800403601075,0.040022462042341486,0.003089097341245829
surprised,0.3974521791605454,0.3020715397906952,0.3266960190799172,0.4148079597726612,0.328787137214573,0.11746307538589665,0.37098049847424297,0.43670597325431226,0.35698685225415655,0.021052133235489122,0.47717475087422606,1.0,0.6243066304670806,0.48867629245432453,0.7662092454831118,0.03563129580956061,0.10641486540757651,0.056863780296399796,2.390240501876896,2.780089364035326,1.1040301472030611,-0.021789307458113867,-0.03136045970087467,0.153642565377988,0.03242605305941406,0.015495849074866131,0.023166164310810727,0.022600291921690448,0.00882729171789147,0.0103411652792831,0.04904341539815947,0.00840548521393479,0.024809470466521984,0.027537389294065896,0.019295188213335306,0.9171489935363155,0.024276782458944872,0.008686729874474124,0.8036817294138583,0.745529357725565,0.9740669183334826,0.0255786286038221,0.01089800416089171,0.8342289553948644,0.707514556109038,0.023351128039916697,0.017065928734335364,0.009250674810885047,0.009087261871019285,0.051654145356120104
surprised,0.3045006373509344,0.2467982062032305,0.2230798657215251,0.3787034241238306,0.37840123643394663,0.08957412554433927,0.38092484834342666,0.41969970093772924,0.2765181317842335,0.012091265715472293,0.41935500477670884,1.0,0.9331765170337366,0.9830303363146217,0.593230869096596,0.04177094708712548,0.10568189540922918,0.06726136110509585,2.2487537863656506,2.3204166258806693,1.292387561823512,0.007311382536135035,-0.038856524816627734,-0.048393487979347845,0.026304097197040185,0.0,0.018386384995529335,0.031341254425517634,0.023606480971520544,0.02610312262297135,0.010231490247115664,0.023330737883260854,0.018747546054517797,0.0173551079501596,0.011169666435566116,0.9414862354663162,0.024491091576993865,0.02317912107421148,0.9550784662491577,0.8473799169517463,0.9200496687643395,0.02354812675829427,0.01540887205584801,0.6940862678355642,0.8241390127997782,0.0,0.023542071986585478,0.024100179108933226,0.01717162146198799,0.018799237307970056
surprised,0.22945117718702493,0.3083223753921415,0.2857593176050974,0.3656666086188964,0.3614386653789024,0.09985903268146722,0.5543007377164908,0.48638984681270714,0.2982795859746255,0.031081640384376122,0.40192723237897693,1.0,0.815112773198667,0.8207736501616615,0.6055855825793063,0.0051885427736865115,0.12267120376036994,0.07633624556172687,1.7451386477780986,2.51768260699033,1.077407885168013,-0.10009356144472742,0.1247043258063653,-0.026980076488762043,0.03148392299600991,0.023206394552768985,0.0632571397235893,0.016081364690963374,0.03998480038067669,0.04125019838956475,0.02693676696765083,0.020482083151916526,0.021232890067370374,0.020132663077373564,0.034732896261370834,0.762736370292229,0.017907208349987356,0.01633158254959438,0.577380557887604,0.8858914909762412,0.9062919381393341,0.011755160363699635,0.03339172193651169,0.6416342278962716,0.8023954503202435,0.01835863988104662,0.021140733209194698,0.02107308721327725,0.01899845837812165,0.014958952099591633
surprised,0.3972776806856963,0.2469714484589114,0.29248307927967954,0.40284826012679587,0.3683297637858623,0.13455908031127592,0.49225391321179535,0.43412006717099444,0.3685632386522407,0.006798606853263061,0.3604161536325392,1.0,0.8801466425414535,0.7887146262186542,0.6372807677843216,0.016731227116742572,0.12828502314938472,0.054206906366884196,1.816522398969772,2.098961857893853,1.4384768815172828,-0.008696477476621167,0.12268991151912734,-0.04629751599271211,0.010656099044146085,0.023545503872102573,0.03756178365158186,0.027047394780133405,0.010150648700288907,0.006795976762611702,0.04430855014700269,0.006464860304832161,0.012807499959283881,0.02484254730203224,0.017154580162005682,0.9073805204895621,0.0009189623694811425,0.017264808009216814,0.8177688747342552,0.8681073077017307,0.7427546723695974,0.006717769420228163,0.02277827039644536,0.6687537354375955,0.9284270595963908,0.022046313935132504,0.010941449509114425,0.006291481703980785,0.01177026334469915,0.0
surprised,0.3079523773080435,0.3302318560579065,0.29309607504373425,0.42500937484654033,0.4354444173895905,0.10645537926224967,0.47468580955412687,0.40679578058148885,0.25061876497204943,0.036666968621044384,0.44240205987077835,1.0,0.740929039323451,0.944870580433469,0.6271386075495303,0.009576070733357256,0.08565814687008731,0.07749585329258671,1.7389095215468169,2.1664512524537995,1.6933257146220084,0.0395823256163985,-0.0722561931858549,0.03197374094048502,0.03223349057222336,0.010470274009472232,0.005941184337175694,0.0,0.02126248390088007,0.029464264607921238,0.03974437672871256,0.0,0.002770040466554019,0.01844584249163064,0.056239710726167916,0.9385902502397504,0.024846397058815986,0.004075993323154812,0.5380014700901266,0.8038849685590519,0.7900630510844749,0.016518502232833483,0.015054362320557063,0.7251645979560202,0.7022357872964579,0.03806360137696614,0.008475132145300157,0.016410075236011318,0.019491984625689834,0.02918164435540683
surprised,0.27158134719866645,0.36544112645431065,0.22960015891886926,0.40883618849762704,0.420184434722382,0.10774744505600811,0.44089136128064904,0.614742062718868,0.2993077302790322,0.022653007500426432,0.37644312582857303,0.9730399832504074,0.8964117978706455,0.7169633590906588,0.43914695387362757,0.026676412376618667,0.07304163897227967,0.06298283773428552,2.0995694621888212,2.8060236865000974,0.9855047467032331,-0.06814642729571026,0.08802612193502458,-0.046373308924262266,0.013042124350153752,0.015579531662086438,0.0007303313659777627,0.03444846271329992,0.0,0.0342650770337163,0.02551718022275755,0.01741472467954291,0.02448650993225213,0.0241305327482942,0.01479443714948573,0.8798149814359802,0.029505383270721094,0.007719124902326778,0.7846194952339576,0.5373674903752738,0.6070400100099939,0.027338846470233595,0.014568219986025392,0.7146561827506481,0.7946974526443054,0.014852628486635069,0.00714809862843125,0.0,0.0,0.029604301008378117
surprised,0.29845843753017554,0.2734789690558045,0.28231122990067303,0.3837214724244389,0.36217172972674083,0.0692594621780133,0.509375210281962,0.5734998763948843,0.38296077049870114,0.01280749115611628,0.348678046942053,0.8654719267051125,0.7824162597856209,0.7437046843048434,0.5502071541742696,0.0007634339949097388,0.10124855766268495,-0.011782159265689492,2.067286533722362,2.093357777824823,1.3035484328967628,-0.03379996419818547,0.08725943825414262,-0.03461201316824491,0.0336192534023669,0.03392619488322314,0.01549619054322171,0.0052431278444756545,0.009410299880733958,0.0237389388813582,0.0,0.03811614336303248,0.015701809586634665,0.02650225774175815,0.0,0.757401797424165,0.0,0.03327546341941498,0.733979526012498,0.8571304953436236,0.8063413682330076,0.026090175700860686,0.015613255814689152,0.7796454410526094,0.7908267581190758,0.02527321151405397,0.02561753947583436,0.05654867949209548,0.04186082765593489,0.0
surprised,0.2635811059447368,0.3041430216272266,0.15847279522543378,0.31945596754426886,0.46369172716409846,0.10125610995520617,0.37261934818115106,0.4688224925197467,0.24734705232737425,0.01631614395535612,0.298316744252919,0.8297200142865018,0.7583663310541373,0.8844839177204054,0.696404600768316,0.028300812467247215,0.0993556337159005,0.06439985922146775,1.816106237463447,2.173403505769419,1.2349967571480658,-0.011448438234180429,-0.03653062562389474,0.10241043846479998,0.016371083929646705,0.019820003971283202,0.017866241387110262,0.036294855389299205,0.03697218812482535,0.011859845112671283,0.0,0.01075054028846067,0.008339518094616546,0.03081272843038796,0.031966467198067956,0.7468925816962022,0.010191438138786963,0.0007728558656836353,0.763437852352276,0.7955083572582591,0.8789121817438929,0.026462706829272622,0.02793263862373036,0.6457997960214262,0.7373673963407743,0.032335664961661646,0.01299851045998562,0.0,0.030503864538331538,0.01249555506481271
surprised,0.35088592633841514,0.21226190780486714,0.35457950134081667,0.3544257601781631,0.3864947944126404,0.10429550488563952,0.4168982136739066,0.3909362665190371,0.281508890551743,0.006810685110693609,0.5373372450063622,0.8766275269701987,0.9158947254429943,0.8732607550291577,0.6862929738956863,0.018236172557138348,0.10484454617700953,0.060012970926947906,2.1326522496938782,1.858552256032028,0.8254307178099803,0.08501095949015026,-0.001657324875628024,-0.02217755543208621,0.03961684690955304,0.0,0.022543906997149074,0.01694528581158558,0.02209041489610329,0.005180432363957512,0.0245588073431436,0.02267821364427595,0.05589315271463682,0.0216897406047255,0.03752705638876581,0.7001314324551957,0.03326123913458995,0.022941552938438994,0.7769738684028085,0.828356854346038,0.970633817130964,0.02331635805439344,0.00980641336058498,0.7384061960728555,0.8817127493864707,0.02581692095686168,0.00010384239364875925,0.02669034371017097,0.005929549361513039,0.025697354256933196
surprised,0.35898347512824,0.3008960830161211,0.3455778761199812,0.49580850253851527,0.3818722136771976,0.13754975465753058,0.39579218591655824,0.5472530535195268,0.25962455762853853,0.019760603289984937,0.43758143597845633,1.0,0.6727448357873913,0.6459573691370647,0.7111450078770896,0.015219684678229699,0.06506628727846553,0.04875790714612069,2.0613342605097746,2.5167854054441112,1.257380403054303,-0.06444432308148726,-0.02533335612069544,-0.04358467662315686,0.026053467668083603,0.010013749771388289,0.014659229906733285,0.03206125301274175,0.012938596728440383,0.0148638032374322,0.00044450195666967396,0.019627153888683933,0.024488516041887204,0.0,0.00608674503928955,0.7078272264506622,0.03024857908143866,0.0,0.7421315402887315,0.8717862154945549,0.8187821649119352,0.014280537375293625,0.024504089028083716,0.9036973300497807,0.7892388389445811,0.0,0.03492052629789355,0.025203440515784024,0.01957000725488176,0.0
surprised,0.2729046296035887,0.252129721954123,0.2555548622624618,0.40958505466384415,0.390222885604774,0.08761212942208885,0.40176545538414127,0.41474846078937694,0.28762778849494963,0.02759265239688599,0.3270207909261451,1.0,0.8584771991127639,0.42144864109512425,0.6585349234428544,0.03352957636388536,0.10971764770402002,0.04278403320493217,2.080145171615391,2.517315780434559,1.30160423885069,-0.023864688253363894,-0.07879295070510443,-0.09730234103715785,0.0016037669743918966,0.012134761407924874,0.04130151566487723,0.020428313902652165,0.03986272777941503,0.058812709491195256,0.01360354751149522,0.004435345162311276,0.016548100759860858,0.034286905329433515,0.036105646333091726,1.0,0.01952152824888844,0.026344734702182345,0.6788230349045453,0.5493015050622383,0.7960347302351576,0.005001194701383788,0.028363643642375713,0.6118606679460838,0.7260667109282464,0.023479829647325964,0.0248407081763706,0.01938328978281112,0.04427548718310442,0.04040302726551851
surprised,0.2735570765497984,0.28236096238831226,0.27736247923741686,0.35420002447370547,0.3581732928164212,0.13298306430991488,0.483896651094152,0.40705031010270526,0.2537001963822274,0.01014456481802482,0.3885301344575559,1.0,0.7139918830576271,0.8582043081763904,0.6696956748321298,0.021856945252915677,0.12564490370364803,0.06475877756394631,1.6435316849142434,2.0407848487073155,1.1177689642437272,-0.05474619944527365,0.1448468701007725,0.1409761159032145,0.024627646699405405,0.03773948351790324,0.020845877836211255,0.042148051883422924,0.010813218319483096,0.013011477494367304,0.016026127441149507,0.009376042166770718,0.035072258265324535,0.0,0.013453603892012875,0.9648207280198496,0.015939859746100446,0.033947524114062516,0.9697684144996146,0.8080384647035758,0.9168934268994743,0.05144878780798649,0.0252271791937361,0.7951936812611697,0.8902465317425062,0.0353948177938397,0.01949540117964269,0.013710032438710128,0.04232613913785231,0.016482012049612436
surprised,0.23584961202191737,0.23574901909430457,0.3244332928951602,0.33478642773690787,0.38466513849958356,0.13871023082399692,0.3116755092326459,0.48116579409216426,0.36058726946621356,0.01966320035430472,0.33510350187439303,0.9099522787656635,0.7161480213525944,0.758298987001973,0.6223294439647744,0.013327613207974749,0.11165368487404227,0.07763452338712426,2.206541785624464,2.9572337528425203,1.4505037811916033,0.09549830163858064,0.023658054588255456,0.14615721261268,0.012373676069863563,0.02357316055188552,0.014475680626067904,0.0007318700647107393,0.02462489129334511,0.006322054965369965,0.026295942582785406,0.0,0.022222908993208862,0.0,0.028760241962835047,0.8106619926410523,0.01363268960203829,0.03464456306615811,0.7178429831786398,0.8110852602073131,0.780138379303108,0.02659610145146086,0.03355828398941375,0.88356354568913,0.7533331430442904,0.035717610591875684,0.008087432279437182,0.01034773512608592,0.018338590434442716,0.03360840587871427
surprised,0.25744585677352105,0.3370859310500922,0.23826111690822682,0.47142704614999714,0.37293432845830865,0.10374604260577605,0.5695751387460908,0.46363455008997434,0.35944344392086885,0.0,0.3690182071880326,1.0,0.908141929762341,0.8423635869913092,0.7176032107932891,0.033793751950608866,0.11187549133519813,0.012494279531177155,2.5687160570669483,2.133781462861041,1.2177070013550062,-0.09361211355548842,0.08023357297247886,-0.0043797675854381915,0.02235306189517359,0.02061525904790805,0.005621471102994515,0.0,0.006969074214247155,0.030741099684176414,0.0011939157866657293,0.008556347389895943,0.02543460649939437,0.006643479226719921,0.012940373533281549,0.8581821516070093,0.023674355608692056,0.006386062673679837,0.7640942916581177,0.8398854752863703,0.6726799475967947,0.02279295868872577,0.010684418013319303,0.8123915180686077,0.8723079003007145,0.01770863273197464,0.031874400407727724,0.030280581795124568,0.03180179123837342,0.02524042921806732
surprised,0.2388123258484934,0.2690146325367504,0.27546440143208983,0.3943095503698346,0.3477219249935989,0.1502177176137355,0.4420594810154306,0.4494041958055176,0.2664625446432813,0.006956102117660842,0.39115877806018207,0.9542014854388969,0.7913095903504653,0.9486187131644944,0.6373690648622169,0.018882919432309863,0.12038238696193847,0.047006347993738984,2.275285197337532,1.9671606112753812,0.9261094081177248,0.08806135123515248,0.03465857731772203,-0.1333808293074634,0.021586761337922623,0.016988971387565947,0.009482677839680317,0.02158407254232477,0.02271830122427472,0.010771340596770292,0.013255654282744595,0.022816015142757586,0.00672598013284482,0.012147572723258147,0.026941156827262665,0.8476163970007653,0.013796363028573568,0.008260098853233283,0.6486788648227602,0.7868244518529532,1.0,0.027355226351302664,0.0026727648423682145,0.8707216167398957,0.724111339210239,0.019936854104113787,0.012344812141711042,0.046295812567362024,0.005256597147706129,0.02407695932976099
surprised,0.3452367375999053,0.3173421253221039,0.24393623881857746,0.4966481031013371,0.4022170453460429,0.08623345127928721,0.465929380445582,0.4988896060746202,0.3296397239467619,0.026448365269018122,0.467653750774496,1.0,0.7152433833763903,1.0,0.8468887817550215,0.030412543638118315,0.10096741793876551,0.05097800294744932,1.9947765716917412,2.376619955077037,0.7576316676587604,-0.05482590434010004,0.06649452714389285,0.023476305605029838,0.03989342488786787,0.0353068973411747,0.0,0.03156984289330278,0.019899710097534905,0.017412400188896306,0.026406939611332995,0.0,0.01985376063155866,0.02103325529837877,0.021045836539360395,0.7132510601627723,0.02580990753688371,0.033777594948807124,0.7907331464086603,0.7770812088821726,1.0,0.007980527787304834,0.030054866906119793,0.8243273705680692,1.0,0.025027747606891217,0.02781501818493582,0.026574320760335363,0.006241807124849423,0.008704554106139687
surprised,0.2692497858921257,0.35135438965799737,0.17691365243777052,0.32816719479355844,0.28013600819747797,0.1302077626227516,0.44250372379558894,0.5248876128486915,0.29453708334838125,0.03330138769085049,0.39112733786781534,1.0,0.826351349081127,0.790524874786556,0.8184737220207841,-0.0011175186721287186,0.09829041610318194,0.05346477624811551,2.115693279559853,2.2997983292410957,1.0616122036685212,-0.022053430130454396,0.08616445357312827,0.0186477390953027,0.039890190520341866,0.019080625848837438,0.05169330494066586,0.026867574822873035,0.016234477644916093,0.027184824926040248,0.021416127315690273,0.03744599047021207,0.004819609847923742,0.0,0.02469275313628331,0.933569589806094,0.02371677084503309,0.028742177326598187,0.8025436862720252,0.651959980467033,0.8281239703806518,0.03711814862642861,0.022232970412547085,0.6690041805045186,0.7666142881905151,0.02723783748627197,0.04334319367637469,0.0,0.024696017548327887,0.007881301763808458
surprised,0.3128431585191477,0.3392745772571792,0.27144227131797516,0.3265135893134007,0.43702291284310957,0.12071737147602443,0.4936911234525373,0.3964500846932967,0.3492717937147056,0.046551533362749684,0.3915082768825871,0.964410136718053,0.693480934630363,0.6636549598138928,0.5425430613617034,0.021700692888655157,0.09148052618187853,0.05652400449159668,1.8101322278425571,2.3867474024634063,0.9845493345922504,0.040618167707100056,0.052904813308068795,-0.0186517773303517,0.02243843051007139,0.0,0.021970517999512267,0.016376506375775438,0.022352533155992366,0.0,0.02851130376116151,0.01611634239628354,0.022822465299704164,0.0,0.003844467408958843,0.8109845838888259,0.03788150180063186,0.02685452752959123,0.7629875041390437,0.70756918340514,0.6893735050401262,0.023596517482551038,0.02910896087643654,0.8208974101467008,0.970955720808773,0.011127997597929516,0.022331809230074315,0.0,0.022743591768674017,0.039101851773618856
surprised,0.244134935708763,0.30428086409205674,0.36214085073004776,0.38921900649118174,0.41146859990046536,0.055651266014549824,0.49627808082486025,0.490085924890274,0.23368939670196037,0.007463727498387179,0.44228012615387174,0.9038364345916615,0.9111938388969306,0.7872872316606538,0.6556455566542274,0.017784162568100857,0.10731705329836286,0.06405131651903267,2.2735014752318157,2.2903142306956092,1.3880564176674097,-0.08332071060894913,0.07579183877658534,0.11528317970924,0.0285500251130047,0.025008040591322497,0.021192063306360285,0.02650064433640007,0.0,0.023137020566956067,0.041322378084358735,0.022859826927158062,0.02108520514319064,0.012253504028858732,0.026405454642820507,0.830492559266185,0.03702089717107766,0.00877294401248263,0.7047695065732966,0.7399121943094389,0.9834579088711422,0.01753304639903876,0.012874992982671623,0.5909405454545356,0.7088628014463976,0.026862504264103856,0.02681038464068739,0.011534357978103699,0.012256473304769883,0.04417832388484064
surprised,0.3721141136821769,0.3951577205950453,0.2642997512588177,0.34486928149039986,0.4533395913255295,0.07589264955145872,0.37028380269785444,0.37206331196973513,0.2934301831117368,0.0,0.2996823403508043,0.8550933339404155,0.6804074686174932,0.8774894176829511,0.650664820151765,0.027501284972169478,0.11168825448234841,0.046381470929088266,2.421142745698668,2.6206858266565596,1.1014143497455247,0.2157103810044116,0.10347953311066538,0.12474239098357538,0.0,0.026768559101223315,0.003603056085663296,0.02494368063268109,0.02102555126274766,0.0023152006074825954,0.023359161533452626,0.02248715268009617,0.022534317518136192,0.021910959924753084,0.01151895358039917,0.9091609134100357,0.011060474674273398,0.0060303181178926295,0.8174633704331433,0.8936430600890808,0.8606198099947766,0.017306466800988275,0.0,0.9481690170886977,0.6044902559211366,0.02761879811444547,0.047433079064808606,0.021943063823260358,0.023786029579780047,0.024931172344975508
surprised,0.22962621437611885,0.2629699445250382,0.3705232428142385,0.3569249356408573,0.39721193007163186,0.12677521353121624,0.5103712305441962,0.528900722721135,0.37089931846220625,0.02400701222599505,0.36800657711747853,0.9724508808104754,0.7660946538870567,1.0,0.5967343347048717,0.026280833058235326,0.06247836002158397,0.05232432187962472,2.006691246984835,2.7050712331562723,1.2891225585070978,0.015853387172798793,0.21155521355464588,-0.06745318821828664,0.03842098013981324,0.03738840134392818,0.0191380359257296,0.007722980147468979,0.009247617454905165,0.023935593688285746,0.02205121947403225,0.02335304568015671,0.013043566017625739,0.03868408660705634,0.0008551103098414815,0.7909534818348942,0.005997607587798732,0.017283348534203553,0.8746566409397958,0.7712246096850782,0.8101477335773926,0.02863515713352808,0.015640887345591437,0.8382627664261244,0.825075575183204,0.0052994789184411875,0.013963899870829953,0.02460961296999766,0.03666849633354471,0.03665638379935632
surprised,0.27667447874232715,0.274084229448559,0.2587902289117361,0.3953182137384864,0.3971795398645659,0.07065606257643763,0.5343331787025336,0.30764772060673096,0.2888759023538146,0.034941098549730515,0.44251739987588257,0.895561491538499,0.9968823513450984,0.6971911797232587,0.44980490309517196,0.02588561594847765,0.05553716111391511,0.03544965075227426,2.302393836145342,2.276026231123335,1.2668321494265422,0.16763896243466622,0.04369114403590142,-0.03306516437474983,0.004944708684784244,0.031160240315406915,0.0,0.037142210903460746,0.013820368919257212,0.03990506078688643,0.009073340243432326,0.045021948662339675,0.007550405517646712,0.0,0.020560342589550168,0.9733989039096018,0.030280250664171754,0.035118626499129973,0.8310520197881561,0.7179732111044332,0.8766416895085274,0.021206841380582108,0.010773492837317449,0.8179354087439255,0.7943674196884444,0.038407902699145346,0.01330659389421778,0.012698970869787515,0.010917697675048188,0.04465903010535256
surprised,0.30634443875405665,0.29365048872878435,0.3441351598292768,0.4235351529836186,0.3832756017497299,0.0865731017641777,0.575934527030399,0.40063657249556256,0.18661381125628054,0.0,0.28694570556205035,1.0,1.0,0.5052047193897606,0.5717445116835445,0.02115733533224671,0.1386376741417638,0.03621109341483528,2.292009942307184,2.355591308723953,1.6397177404564085,-0.05141491394659486,0.11671544092005048,-0.08251100001292004,0.021879023739232617,0.024623954050889255,0.021095340470440642,0.014609074619982934,0.03234831531572677,0.0049326418076097445,0.0,0.01804746988119415,0.03060232836861225,0.012449900362403635,0.02242437707620114,0.7279303678603272,0.03381462303382403,0.02847482522385695,0.7519728319118211,0.8168729787891569,0.6606424736704949,0.002464386790878164,0.01841411149094663,0.8513734810725426,0.8564378670941271,0.015281872636518219,0.029689918631788555,0.03847028985637645,0.01884732358336499,0.024025630785953107
surprised,0.36856974303080103,0.32759437161676863,0.3229095905556334,0.3618502853499572,0.34407299404833164,0.10973838602390107,0.5463902618330445,0.5835638408862932,0.1773681405367149,0.05180304780371442,0.429189086377338,1.0,0.6260055890604438,0.7215712995882415,0.7322847916897208,0.004728279136659972,0.027792215750811408,0.05587134366530684,2.0838206344720844,2.994104750673507,1.1305750004372306,-0.016628330426730085,-0.01136756780716602,0.013565145836666206,0.01887265568992756,0.029069807573278813,0.03343576566275426,0.01078627037542724,0.032278483874501274,0.013217460249914999,0.02021478084844553,0.02872000665649565,0.030986772470414,0.02413809378326142,0.005952780748568408,0.6629745290764748,0.01755657215308212,0.032626703163226925,0.7949697441397743,0.8242033007380037,0.7992973443533518,0.024018323965131923,0.0070768146995990565,0.8780201819165282,0.884630645842215,0.015381548391537374,0.025681099198471294,0.0,0.022340622907627332,0.018269371607758333
surprised,0.25965902941851,0.1611227628420947,0.26827211131786793,0.3878702902045375,0.3860335001475403,0.10414876263183696,0.41074979931666855,0.42491111287976063,0.24368280777097334,0.0,0.3925478697634076,0.8363565299190374,0.907983557899968,0.48816195763837683,0.6791018799144293,0.04757933444336132,0.09542883921206236,0.04995190841306426,2.2385627002407347,2.6404560950951623,1.084834650072841,0.10073863254963848,-0.01787784814665546,0.06949316107047569,0.0068921492693739365,0.02848537036815688,0.0,0.030818968160655325,0.014906619187113567,0.020040107003132943,0.013167097673771173,0.03860147410578111,0.02323713919651973,0.015817406174042085,0.015451262356657308,0.8351842865332129,0.051160222294939134,0.00287785135926474,0.8582882180965742,0.8568105287089957,0.9539811752412077,0.028177868337489788,0.02004371900476863,0.9020027628620381,0.8229768824349294,0.029814428397882044,0.038566853029649975,0.021202759659692278,0.014482995238529008,0.01163044576476171
surprised,0.22968642439147938,0.30643363415778097,0.24088789992989665,0.3285306835047658,0.33556898308324556,0.08572279097689256,0.41277668653550004,0.46948758003039626,0.29191883556534304,0.024814040318850164,0.4315428767179207,1.0,0.6092175423193373,0.6147331954380008,0.7054886722954385,0.022748360445521976,0.12442332383886302,0.022979691500928233,1.945574763776804,2.338116573996025,1.1906477369899027,0.03604323260774123,-0.07903515680514152,-0.02798439714245277,0.020466405868960612,0.026098011166224667,0.018509498504748628,0.03784037152241089,0.04198572061623814,0.005467342205808481,0.020586445733425957,0.03037392557899236,0.02760926376222089,0.014698032883636095,0.023313243508208223,0.6916541685388866,0.019751155580174894,0.0010160518414738112,0.8007978964032318,0.6884042051900918,0.8163033174768003,0.024149542675480314,0.020986230558214417,0.7368047137068231,0.7789631749776379,0.035353931686726375,0.014480090801799454,0.020278591390292974,0.012761745542035128,0.033265552293994874
surprised,0.26746634216296294,0.3524142697666204,0.27767624966168625,0.324690044464767,0.39994532945798106,0.14465218583413225,0.5427621439398345,0.36452264144414287,0.28656359278374477,0.01960111869425781,0.39870157990075156,1.0,0.7655898992347068,0.6401251403303015,0.7451800336508932,0.005393640930488769,0.07994708647397679,0.030228832166080275,2.298969041521958,2.490192919304099,1.3225646660256554,0.006226462012820231,-0.06875766076172765,0.0005700206825403033,0.009792485588670635,0.003710829478545237,0.014229287578887051,0.01762753527211249,0.022718252001010845,0.0,0.026223501222687774,0.008374896402236293,0.011583596548472522,0.035258223904838445,0.0,0.8822502027166952,0.024143472190877296,0.009355795300940162,0.7052995679083978,0.9221046802151285,0.9962923543971027,0.03384143626949793,0.04451633168088612,0.7308668075332452,0.6419915933540488,0.019315920389851547,0.03046316226937374,0.0,0.007956060958755926,0.009399863790832635
surprised,0.28935018227992126,0.2204701303923066,0.25782590974398645,0.32940842989237135,0.37399048688820746,0.07998776852856608,0.5035040640553146,0.4479705020188695,0.28866286241087535,0.042985616796929874,0.4268301723913046,0.8938565022461308,0.7416264652913918,0.60825928728825,0.6434116114545211,0.023998976050896265,0.05214060018747672,0.026130288277877493,1.9322665934882695,2.0354367797501838,1.1679593774287726,0.028525084990961708,0.020485760737462774,-0.0620128618803476,0.02236797655778951,0.018410004216871032,0.027152266177994096,0.012396140391617048,0.019403236814012986,0.006956923397140489,0.023700056194802713,0.02098680602132227,0.004419045150212611,0.017984228122338186,0.019508315647528616,0.8781011903220121,0.024135540585424962,0.010624582793732193,0.8263644657932714,0.8523055678839258,0.7275420409794525,0.00514493841481317,0.01157402861117483,0.6528352052369353,0.8208006512074181,0.03538627899998568,0.03848009875303733,0.005838561570209056,0.030228455384943377,0.021098511412377407
surprised,0.3429625305906846,0.23471036553308908,0.3092793460539978,0.3757164666005203,0.3221676398685615,0.08619536728604904,0.568701438154317,0.43656378247566835,0.345293352974179,0.031063705740427317,0.3686215304147235,0.7542780723856022,0.6848181670943038,0.9242000451028898,0.6651737411918213,-0.0025396747027344804,0.12084901319451426,0.018730102815637473,1.8315096208365127,2.4806886256465117,1.6237571107020279,-0.19167522768800516,-0.029915743378704052,-0.03549464505546368,0.03060801401859594,0.013728933449983513,0.020368085848132985,0.03195621981582952,0.038484222780828956,0.016780686542133733,0.01715797986241865,0.009209369427340517,0.02864706284795104,0.033337635905905,0.0,0.8103193986133379,0.004225201716976171,0.021961790440038247,0.6262053775547469,0.667985894944724,0.9123519280710949,0.017847276240408577,0.019221219892699044,0.8431685126985003,0.8970818961988959,0.014558293176522637,0.014847910152326296,0.014903135146736511,0.034059615639278666,0.019114243315232992
surprised,0.283862723501619,0.26598874431670844,0.38103592293549543,0.43319206569004964,0.4273930002599207,0.08748283114456265,0.40351334673271744,0.30785302986407254,0.34824584439271244,0.021000962954830858,0.2739378486077932,1.0,0.7662649045763767,0.7243103471155845,0.498703070299893,0.026398579727883488,0.11254425064442082,0.04916021782152014,1.9640726714872705,3.4414915335351663,0.9385803365823697,-0.023287864952587504,0.03518067886813799,0.14650033598229834,0.010621319101442768,0.029207337591964137,0.006812280823379266,0.005853310084813488,0.034709742403581344,0.027867492424231574,0.026293793702225617,0.022363723037488382,0.011002005846970793,0.016715275650788848,0.018972027401583137,0.934621635315539,0.025536145752625163,0.007938034947958705,0.8289542227758872,0.6321493950064836,0.7679578151065674,0.005153371097912543,0.008857655221880607,0.9926586278039566,0.6529325853578607,0.009350477272091243,0.02663522302713673,0.013889964121229122,0.02202225049998368,0.03858414522490861
surprised,0.30759151250886174,0.3130194678403395,0.2810791424727468,0.39442436000229636,0.3944632976151846,0.09769433614987172,0.40309408550427805,0.5075511588466792,0.3145897730790154,0.0,0.3421915136219191,0.8766975794343542,0.7798868643252854,0.8944733903675794,0.9702325903747537,-0.011964672711718704,0.10761015899082083,0.05121775710466747,2.041340818681388,2.6549596783742104,1.1875611282666245,0.05237022861307378,-0.04218141150515769,-0.010697558352063215,0.01530135831669576,0.02038015463017493,0.027235366641529903,0.025999126438689738,0.022452219999055913,0.012415180839213402,0.0566488574819259,0.024673673045447243,0.02991202195536978,0.013398568112806286,0.02246445802411732,0.868160807680054,0.0,0.010683410115498816,0.6764856647084555,0.7399543233682124,0.6930160864838912,0.02057012847191229,0.03816566198067931,0.8130488699734056,0.6818729544328085,0.006598249258413898,0.015098335060276616,0.001597115310694449,0.023957942091491158,0.03759028530696813
surprised,0.24725935173360522,0.28985795553196875,0.24550811415019969,0.34766398190040093,0.31522834472282313,0.10161470569346616,0.5326932281088345,0.5048164311120312,0.3745996665374305,0.011231299088515542,0.45955665711613486,0.7818485256768988,0.8709258645727895,0.9473024734788525,0.6998381503112114,0.04160355102026863,0.08503170004810037,0.04765095635351587,1.8024027990685276,2.463133167791925,1.2096199829606085,-0.046072337018603166,0.006852051610106824,-0.034316855013696454,0.020338455814221133,0.013836193685023089,0.01362069511081725,0.024487217695783846,0.01792926990544786,0.0050265609328046905,0.0,0.012258649669898597,0.002030506422685995,0.009137590149117785,0.014497031737078798,0.8353900827109467,0.01134192418511466,0.0484856144060995,0.6238896966402033,0.9209212457940401,0.7837431990307191,0.011452156912572292,0.027638488135086528,0.754712244873166,0.7193035313560564,0.0432675287292319,0.0,0.016816640268598845,0.022470931066423613,0.03830429293130863
surprised,0.1569007738407676,0.20440849809368675,0.2923205680411721,0.3342453497057229,0.4019133297856684,0.08865675541837989,0.3573079536994015,0.3752443235193001,0.34259568025398457,0.0,0.4731692377615894,1.0,0.7668593196205444,0.5814668828591264,0.7055864209099063,0.013677328876708875,0.062122057981573255,0.08340995398905607,1.812565678825312,1.894263040259395,1.212449350844593,-0.03187447182763869,0.2394913719901502,0.06072952490785978,0.019117983328312358,0.039320448800163915,0.015053236423929223,0.015190567882878078,0.02435796701855011,0.022593732975877964,0.022990490293751976,0.02353536946274731,0.02214001183364179,0.014585721446916344,0.03082480875799571,0.8140102597210448,0.030456553868831955,0.03804090714762119,0.682245913266306,1.0,0.7287387094824416,0.010829953677526772,0.027019880809419562,0.8441562404394741,0.8071815225510014,0.03063726414370343,0.023284190552542845,0.04685464596750194,0.019308069567650295,0.00889158291937903
surprised,0.29073675365972407,0.23582581425231536,0.33764970223709057,0.45747962626753114,0.3811690128758115,0.1452651235786032,0.5171348397242562,0.6219482560351168,0.3236322045284272,0.021775839985047427,0.45896808630857433,0.8838782876007608,0.840711738785964,0.9096859735943887,0.7319510455718843,0.019597550445067995,0.10501038985245577,0.06325934367278126,2.335445148181709,2.733149304631021,1.2224566113972104,-0.04413674374893632,0.04241919435565704,0.038876134932434254,0.009280919687307617,0.011353012770521018,0.02599516794205565,0.030808972453617856,0.02912517091219291,0.011222182687436091,0.018034824203225816,0.00473437736297864,0.001911427165137241,0.021059230904243626,0.03765603274112965,0.8599804000704813,0.04480576057535801,0.01786664837475279,0.7531217208146896,0.7008993108980852,0.7652756016662912,0.00453080296294767,0.0,0.682706871611176,0.8085275089966049,0.010422818356937015,0.013501653374292167,0.02532831740642061,0.0,0.02105346876378169
surprised,0.27728652194998576,0.24756557738319357,0.27571734483149635,0.4461385291169327,0.39092264810187694,0.09732795324189346,0.49368618950428794,0.453853629286441,0.31128964753394833,0.01679267698849183,0.3709543572147707,1.0,0.6049650309607294,0.8074322084097908,0.6023247013498733,-0.004767762029799574,0.07563476443868963,0.049369193437287295,2.132980749480377,2.729351681956326,1.30867535515627,0.0678460348783237,0.08411035419716117,0.04132536398026705,0.0,0.024907546622568076,0.029471071654496042,0.022845994072116828,0.02653173930768741,0.0,0.007127205137594541,0.03775861103096753,0.01636379181216131,0.048900350891565844,0.00338050864943832,1.0,0.012060827031199626,0.031211667778328664,0.7204617584508193,0.8115678147905279,0.8595543307418252,0.012026407601281689,0.030414383133372302,0.7734126253278483,0.8178049933713687,0.0,0.015614641432493092,0.03642604584857136,0.02903080343254312,0.03152509298646842
surprised,0.24567479572516443,0.32446732550559576,0.32797511469339735,0.4051836489906981,0.3638826445014664,0.1070368043017476,0.557982676727479,0.48701012457345844,0.22611187316539044,0.011826071737896324,0.3527314261818542,0.8349656796881858,0.5888715697754948,0.9768693033341354,0.5623712386990463,0.009548671975940833,0.05145728862348795,0.06516250723213886,2.070468922810979,2.317530114081206,1.105167751149712,0.004265414228913679,0.15086470526019644,0.0230750973255015,0.027641457099470437,0.013759720361223847,0.0,0.0032100327672596463,0.002534870802436147,0.023579131938337643,0.03209024752693093,0.03905547318831196,0.0,0.028063511199283624,0.012004074501342518,1.0,0.03798620369846609,0.04212464035774837,0.830243982024664,0.8381888196475195,0.7597417029296081,0.012208829459272763,0.009598633869550588,0.8617575658062002,0.9560402799168632,0.015361498070600298,0.01060946547022151,0.0007144557331477362,0.023180991689115714,0.03598047725321475
surprised,0.28468980914115505,0.34667711762476716,0.22227681436806485,0.3623662029385858,0.4484339232146912,0.0731348619227128,0.44732949470817246,0.49892812194234865,0.304134927766241,0.03494242758605637,0.5067974718189326,1.0,0.9390062725757428,0.6385589442643417,0.6342460765280709,0.05126748533905136,0.14857326052928493,0.027653563696855052,2.0958522172346408,2.501368171512581,1.2366407296741355,0.10234618581758571,0.12405948662312058,0.033232529039607876,0.036562554602219216,0.04390906807819106,0.020486410282735963,0.034585815356195225,0.028426549080380416,0.019725299885853555,0.0,0.03324015706050765,0.027867518258842858,0.02506465999147348,0.0072435432348100445,1.0,0.021982134471835203,0.005162117518722588,0.61976796201956,0.8677472400463901,0.8707249739740279,0.013980867963593558,0.02601412709729383,0.8667606342537677,0.8139925220996921,0.010882565427723168,0.032497627339174835,0.030889207036385497,0.02737984052064167,0.009161485601886322
surprised,0.33409938981001874,0.3103878553731971,0.2565763827381004,0.3478317040002328,0.37932532680013137,0.0998154002177077,0.5358153852228978,0.41282213428511283,0.2801675361687837,0.04671488430354597,0.5085855565470816,0.8153759827224762,0.9468751898947029,0.6153741904117306,0.6065941284190407,0.015836834528341986,0.09806020943130059,0.06084573590095847,2.1346038284429256,2.682059576280477,1.086061281288914,-0.10648259948034396,0.006887151936519506,0.07436569012915656,0.024864894111223224,0.021026568900217032,0.0019517090323350438,0.02627913271298387,0.02124871979032171,0.010719175444447568,0.01447705233041751,0.014795830317934914,0.016816059832477213,0.04286645556821694,0.0471733077067711,0.5773961316655223,0.026346267158710347,0.03241436779061947,0.7283923221987534,0.8928090084781806,0.9654167688712748,0.002166054127606898,0.0217389045209249,0.9956747177113057,0.6762234699001771,0.018501979565419893,0.014170835410776773,0.03367460562103571,0.03548619731355179,0.02211025565586615
surprised,0.2616353516014415,0.2725990969602698,0.3305231897362173,0.3879039870192915,0.4201536780164597,0.11508525339913689,0.4657934972147697,0.4740593114564431,0.24386136267117947,0.018063258316508356,0.47588329349512415,0.8129573920102214,0.7284723921301879,0.6444450855145116,0.6653380596906053,0.03823287508602384,0.11367899985945161,0.011903154852454974,2.3108031250457883,2.2831110043935325,1.2537263528555922,0.0025767437528145714,-0.1547233060969177,0.11384020169156825,0.018056497720644823,0.00881406476889644,0.019070869308650203,0.014260888695126558,0.0240002943268868,0.008481934389275265,0.005377991891872503,0.02951706401719851,0.03441491351776359,0.027540751307914304,0.011565953149252094,0.7759930064983525,0.011127639968689344,0.03157513408675559,0.6674951141858485,0.8884040509629431,0.8636903157457468,0.036090450759938775,0.03382099002684509,0.854265558228125,0.6531318816633216,0.027931668886139793,0.021501154096420658,0.01514770139594326,0.03770891522054862,0.01803263629637355
surprised,0.24986635252762002,0.22138798668384133,0.23735084688655825,0.35062442637669344,0.4048419008926181,0.07452319236620059,0.3060174871176084,0.4735003095435153,0.26830243539178533,0.019788530067609014,0.48976911830363623,0.9609105737891963,0.9509621115422842,0.7418223754761591,0.750695648135651,0.012883445982867094,0.10269226625963926,0.033673059954142014,1.835385290143297,2.3651884228175106,0.9155497339602936,-0.04235591335597932,0.10116505511342701,-0.03240741522222438,0.022071679632605257,0.016064120231470885,0.023049539104520317,0.002928517201168355,0.02912252003846419,0.0420689776511281,0.03932493029032712,0.04475078488395359,0.02055160292958081,0.01541973790662421,0.026338586018310482,0.8261780230837403,0.0,0.030650893678394416,0.7265598120424355,0.653264722425515,0.7491717734744402,0.017248418017495312,0.02015382273708405,0.8023844997277525,0.9369019745094522,0.0032489736412787858,0.018022125752298584,0.008573470046498104,0.03633018726616361,0.012701096616726856
surprised,0.3565764239697833,0.19455811902576312,0.3051115333397783,0.3908046777868678,0.3779509541781314,0.10166420277747557,0.5496474802692735,0.5304906650959578,0.3448456613328001,0.022689884580271952,0.5589413544891475,0.8889050162918335,0.6384038583075579,0.7181707182175683,0.6557737744855668,0.03694139327033213,0.08722554841209659,0.058596526295508794,1.6198956108268017,2.858235258356338,1.1725707722598877,-0.027506387001151624,0.09447258288252404,0.10598198579550971,0.01635277107040205,0.04771148151316948,0.03390879203493138,0.0064820555789428715,0.01857790692947168,0.05557215402005615,0.04572461822503599,0.03199852069369456,0.0,0.03731795353574076,0.011742592884012443,0.9823517934180015,0.010605309687786049,0.026354784100986104,0.6859717373582344,0.7636719691450549,0.8622196636107955,0.0028543204966079185,0.05084143444303442,0.697277853278796,0.691684977394428,0.028126738983072115,0.03679523477609342,0.01579186403443078,0.006070900173525665,0.008009074187058879
surprised,0.3021432956630765,0.2989732102355858,0.3228642389930041,0.3636022392052234,0.35047181044502307,0.10390735170918894,0.44573827427150936,0.46960378111286566,0.26441435294868854,0.02834882476288203,0.31751387047974533,0.8828413394422219,0.9129041333266348,0.6142422049172614,0.755024304565931,0.0016817081495490056,0.060369353142520885,0.02385741044954342,2.137962004354799,2.7254223957922052,1.3978373151155896,-0.08240156567991903,0.027736166717881035,-0.005598889606654493,0.035767319842778214,0.031215081603989375,0.009186815125848343,0.009073454058521249,0.03024130017975397,0.038477009719667235,0.00659516856116567,0.036821991412058386,0.0,0.025069026221159203,0.018650505518913518,0.8295810255163023,0.02040652469909602,0.008901507565861395,0.7946078101555397,0.8060668480792752,0.8935311482336641,0.040675075156607635,0.02164991986520571,0.7181281633961542,0.686210087267928,0.042077273636077696,0.04041484887824878,0.03153583093628087,0.0207781007276455,0.03059715228388009
surprised,0.22247575207994622,0.27328879546737656,0.3603022244181275,0.4231419115369764,0.3854002720563981,0.03266917208346734,0.39917607075361194,0.45793646227712315,0.289204329015909,0.020426043556748034,0.41698129448701504,0.8686136842383179,0.7992469050188801,0.7320667935399787,0.5796797332348784,0.0440023896062601,0.08808853610172261,0.010551338777545438,2.679561404527946,2.130530815848442,1.3255831362425028,0.10435723048477222,-0.05561612794075276,0.0023836241796237516,0.01114847642290697,0.02740061576270686,0.019374084320062348,0.033004300885077824,0.01722184490203963,0.011480841201568058,0.02334125807465079,0.015027607490928702,0.0,0.012180490514634292,0.05729399668833078,0.6678627107459543,0.02313364769927212,0.01684235163253453,0.9336419895181239,0.6888961685774363,0.8101303436280216,0.028920569890181692,0.0176691692946176,0.7232446945570361,0.797780383308633,0.015976548829789695,0.01594006749206706,0.032099260505208546,0.025238344582548415,0.027172969405085907
surprised,0.26509091176978883,0.32261238310545487,0.21259820863018114,0.2898777612946116,0.4530562013578156,0.09166603899416284,0.469566645097134,0.35504577581803365,0.23643281432009572,0.010731729409649672,0.44500284108752286,0.8712272229065977,0.7664209550098623,0.6606586705519779,0.7665788089310334,0.03129089011809282,0.08789629380595136,0.06197203464433143,2.0202979743243197,2.3225751598705378,1.1508532174554487,0.026423694626633767,0.0863892359623855,0.10434077604591772,0.028362041543379984,0.008401406306378053,0.02653113002815856,0.05247167265073624,0.02238057534461769,0.020464335195260985,0.018905820282279977,0.026216751601696016,0.0,0.042114095980836416,0.03275543040595223,0.7855484128502986,0.02041011399156908,0.012754473402186984,0.7799235023892013,0.8061350863488362,0.8228633555984921,0.006631819843217821,0.01373993442192729,0.9146057912900178,0.7466208641002432,0.0,0.018041804992634046,0.05134938443600469,0.031035409616160983,0.012406104522730738
surprised,0.2354849322636062,0.3007140375171468,0.3629133018381666,0.36242707273303654,0.4426806949039027,0.08114191011665994,0.1876227687143212,0.5076453401193689,0.327019947150538,0.02957039568508289,0.44879734104513347,0.9792418833002837,0.7741184816836721,0.7235173947203729,0.6039598598329042,0.01479492007310962,0.05472413106852274,0.02874961092867785,2.0468880781090752,1.6040727147941811,0.7905574725644389,-0.004048142168366832,0.06118734329936684,-0.14050014223281113,0.0156543317449975,0.018331698088034826,0.015926380449594994,0.0,0.04018113790256106,0.0013290013175859365,0.009363906083822886,0.003597016197606228,0.03688740121964362,0.025478461586526446,0.013847839425069113,0.7956344104065262,0.0223347120430112,0.00379479408408534,0.788073940214626,0.7451355162598332,0.8519639181946734,0.026314392649326487,0.012283048961326547,0.5947288480811165,0.7753174761557141,0.0011568503579409764,0.02102225091661382,0.016664565730560164,0.012356066561561543,0.003157690353377051
surprised,0.28181633969173847,0.2982826468076099,0.282039034107779,0.393662869194007,0.42370749332245916,0.12760565826863607,0.3130879023079083,0.5163010484700611,0.3248569709294832,0.020466598590300124,0.5198785646433003,1.0,0.8904596269889131,0.6847759214725684,0.5307516869041068,0.029807201718168454,0.1339883389637692,0.014498489172934961,2.4530457873799567,2.353788259649615,0.8271434784677453,0.09494313432257835,-0.04083140654353742,0.18826806910254745,0.0261021500179896,0.031822026495160194,0.015432467452923329,0.006254389789159183,0.042257182049625544,0.011307719177919277,0.03507314012643877,0.00033034577256437284,0.025408065619498793,0.025037593049560408,0.03135440808461579,0.9992983393234076,0.009422813748739788,0.026770072034506424,0.61334326151915,0.6622085049527378,0.7421665418439201,0.02532125454388055,0.041799281661885825,0.9858945589833908,0.7645108670924412,0.023971947961706788,0.03225907104877641,0.029949974950183145,0.01779706233355342,0.02098936549341787
surprised,0.27377775851939207,0.25889766775810735,0.2209582816591303,0.4145032113219075,0.4006503093564695,0.14691484357921575,0.4786376465708708,0.4176855884752896,0.26867823099864774,0.020615758875543885,0.43870126143629173,0.9126816328609979,0.6529742531462688,0.6613187624930263,0.6518025015811887,0.02962368757765265,0.06285440595720776,0.05463896038587922,2.1718638473337486,2.27952987302652,1.052006311657796,-0.008814473735639063,-0.018753655155822387,-0.02731283414608655,0.010427791362086613,0.021830481943749317,0.03464864261572115,0.0355711983633826,0.005388255486159817,0.01756928365130424,0.0,0.021419396043275224,0.027769422961704822,0.040422495412201845,0.0,0.7411940078019374,0.02187377842438316,0.0,0.7672212150851304,0.8623002545070466,0.6718712276046941,0.02172360981063013,0.004241257844804322,0.9375425868938304,0.8206646092460192,0.011679167623428575,0.0039041620561001585,0.025058946015893233,0.037653161527331405,0.009970449180375837
surprised,0.18075069561368584,0.34685084758561174,0.26038569940074946,0.3771353952053503,0.3663746140113129,0.10599002203705368,0.39344059649216756,0.5320246930855452,0.3549498521397052,0.007215682482902327,0.4467226875873827,0.8956346863144492,0.8051633490061427,0.9330181076821129,0.5825965832051688,0.032045142717784636,0.11142812947380758,0.046604507559609584,2.219406159446868,2.5437755010521257,0.9468629905727367,-0.03517157328575294,-0.0676926630637371,0.12443940568417171,0.012112590032944072,0.006411718995531989,0.016403955970646988,0.03748545884888682,0.02755336142114378,0.001376341992496484,0.016446220067968836,0.023037123191950955,0.029673150243980748,0.011540028507065763,0.003913386291065017,0.8443657096225583,0.027397385723408326,0.02305300432623156,0.6615322519458431,0.9754618803480313,0.7901184460106478,0.022518233554226216,0.011394423777611832,0.9106507998364546,0.8571846892551074,0.024090624579087387,0.005028487296944212,0.03422239294603746,0.029839738648700372,0.03319413416800959
surprised,0.39850789310416457,0.2517927940680452,0.21831526814198254,0.3650697533635256,0.3586749201809184,0.13149617091181467,0.3449105891072295,0.40649995927746435,0.3095261582119432,0.0364878071102524,0.4499192614618001,1.0,0.8345792900787824,0.7255656623906362,0.7355556528172196,0.0022269078772216115,0.05725287439389273,0.06708461290517329,2.1684342184415124,2.813911438820298,1.003163471405337,0.002962348615212258,-0.006737504747097173,-0.01456743053977046,0.036702189453401014,0.0287146654037677,0.019595435040296576,0.022695522918297004,0.02451006262117702,0.008862481792212721,0.014994810831997375,0.024304590516787274,0.014473259090930909,0.0008975546312184855,0.023833553939005707,0.933603417392729,0.03389095017600934,0.02692003732600063,0.8318307250856631,0.8987509069899933,0.8079655817384931,0.0,0.03507715581677562,0.7106681708157327,0.6869123117855599,0.0056557031068895855,0.05229951311711757,0.025727119922476088,0.0064589866924546924,0.011115586378170728
surprised,0.23171246506655183,0.2964916202712696,0.24821823389953668,0.42187660082856665,0.3822518640913907,0.08101664755444975,0.5033939447849176,0.4797014851583393,0.2762567150248745,0.029491196704883902,0.44403819772197795,1.0,0.8710138532156178,0.7243263743517321,0.4809470157269532,0.02242640573300717,0.1085451056274919,0.05089594648245764,1.1214658192670397,2.706258309278654,0.9921827525226874,-5.799806338657809e-05,0.048816339993570546,0.022343387034571945,0.02891439655007528,0.042108901427069786,0.01671363144755573,0.0257002924222675,0.020426111221835092,0.02683258653809423,0.02134478636051469,0.013279255954814162,0.008235751168377752,0.04067605436205042,0.025701188801400456,0.9330514918610293,0.025187817736690342,0.03268498548264317,0.6604032717739219,0.8083181444469639,0.8505486114625339,0.03680470474523445,0.054749989293507426,0.8407518622042418,0.7338899259847749,0.004456639872885245,0.008237408462948213,0.009936447223588612,0.0,0.011216484843222211
neutral,0.19565846216158617,0.33462131893843555,0.3066142911278606,0.29961205066189633,0.2339244236285863,0.08773068740955028,0.48361317483938665,0.4477860282591876,0.05575814204511023,0.026854461615682047,0.4108317282748425,0.9824837516496031,0.15469352729144,0.15331684730790923,0.05835381193978266,0.040472253846144925,0.1207589518331043,0.05230275812762905,1.9946866951391782,2.5296472177250178,1.229791188714453,0.05733925610705131,0.006785976526931758,-0.020689968024311216,0.02571086681909058,0.05389281423617273,0.008029550788472492,0.06193791061392301,0.0036613258062322337,0.025013693443337835,0.0044670464479355885,0.023981169106165275,0.032767596723098764,0.0204235748379593,0.032650045576547757,0.01449213125177049,0.0,0.028147218723010292,0.020398298218697195,0.013765018495559897,0.01466270007825525,0.025285562557322016,0.009411072336686694,0.024878182524302878,0.03545228124644041,0.046780911879969723,0.038258844990909424,0.022102690628565846,0.023349646298762003,0.014796769147113139
neutral,0.2990371813366639,0.22994950561489758,0.35125625776388714,0.29032630009049226,0.3326393751199488,0.08240442056813924,0.3913549368212734,0.5529224630552348,0.0312197745594343,0.004320997496283029,0.3272041624281027,0.9928354340499135,0.2028186162975557,0.16712496751101047,0.03894492272901816,0.04019047478877896,0.15263682180770952,0.04879600805924403,2.280127485016968,2.779720982621866,1.5561525946597627,-0.03725147812927673,0.07848286186144093,-0.02460080466594177,0.004975692244393955,0.011306595692570576,0.013415846656508048,0.030757813933291696,0.01672506961333485,0.024059195903417173,0.02158395839127192,0.02002258263657887,0.021396155467022736,0.03338870929407389,0.007382386563792236,0.018070069517898232,0.00420138930460634,0.022945240065711376,0.017458124810374277,0.033900160723382644,0.01993729813285785,0.014230091265760917,0.016792769375054608,0.042404514776893276,0.0,0.011842290691997319,0.020468104572000878,0.01172645619445913,0.02637886174593146,0.019265689304558107
neutral,0.21287716576837862,0.2891568063180693,0.1883027405335083,0.2798411705511047,0.31467615858067965,0.12974218839271073,0.6320797497093424,0.41681031667368557,0.02404626109339674,0.025222835508601882,0.5308978170380055,1.0,0.14894762384274354,0.18578472437613097,0.06488142745504492,0.04759133457309084,0.12367447695382842,0.04214689977984038,2.2894636958198817,2.8008299288410647,0.9885083060803015,0.020478792210427605,0.010604532175045605,-0.008243631431785348,0.03729306668843718,0.0328954736815407,0.010354500506088046,0.03202382776867282,0.03057047752129785,0.031064984486058128,0.04048764970772885,0.019863996872092084,0.024309777105697802,0.0,0.0345056950554669,0.03325462342867245,0.03762844596220145,0.007823154706796117,0.032506590015336505,0.033243740853693415,0.011538084034385603,0.03372753755053272,0.026019529243428593,0.0,0.02759825066610873,0.010026310775431696,0.0,0.02476519258236635,0.019150700859733003,0.03824957642340179
neutral,0.3330897824440254,0.23390681805790728,0.29032390476585956,0.29577792290783406,0.3196105015151631,0.10639532691910411,0.402412065386098,0.42381015065631505,0.09945508125616703,0.0030564888178871603,0.44965552948057336,1.0,0.1973651145750716,0.24913024753893986,0.0664240238238164,0.03152371141213091,0.08133081766328445,0.05704668032566636,2.3215466240611304,2.451321410196005,1.0233199038989993,0.014537529683239028,0.07006673940633175,0.040704749284011986,0.004345105341916209,0.022410289509952646,0.0007558892988395738,0.013869945037052295,0.0,0.0308292408850762,0.035002607219225434,0.021026324783411716,0.04380896741417739,0.03751602777881155,0.02623721429691373,0.018528213308141174,0.015457824454517776,0.027312383966679857,0.01816405106837426,0.02712699262154685,0.028091896979827,0.017015469778468108,0.03424521560309886,0.017028833659358623,0.020277401132389225,0.0072921801957832304,0.016481982445091962,0.048056579927680365,0.008294974604687148,0.025690260684863332
neutral,0.25108153853509907,0.2965901432497497,0.3314653860537374,0.3070379515256426,0.30984896537713486,0.07830150190482313,0.5047789654664919,0.435299488931254,-0.00995285821901594,0.028272444287119298,0.47930879970527596,1.0,0.24512469007218668,0.21320603642883273,0.05899451206094945,0.05274643225865201,0.06452019413272464,0.02074053495496511,1.9449721372360618,2.9321596769507634,1.0383577596780624,-0.03635929217956534,-0.19925113513643478,0.044717633862947345,0.026052937639568553,0.0274528649353013,0.023175446786744904,0.0033907793828102627,0.024455174699458366,0.014519804971275696,0.042137195498673105,0.03477942001815777,0.014978190013116628,0.042954574220386954,0.024468248320794188,0.0,0.018982031323517234,0.04125861306350953,0.009342099463401572,0.019112881233235488,0.0023219978690705613,0.004385271435043095,0.009154883329248648,0.0040438228177108355,0.011962436898868105,0.04259768269851341,0.019531056642011786,0.03021178211185735,0.03419039721980514,0.005590325956666449
neutral,0.31637853292448104,0.3672207658939577,0.20432008985464195,0.28929197511469573,0.29405185881867174,0.08684083872323947,0.4028820144834198,0.41186063685700214,0.04954247822114559,0.02164884801633714,0.46673875898500866,0.9487440665594998,0.21354524841902922,0.17224599769755183,0.028976150341796656,0.010857378967642441,0.11849970618287962,0.06505816730503326,2.5745759153273253,2.5595506147538423,1.2985567850734245,-0.06652099299407563,0.06892368547147776,-0.0507426404410836,0.03779413177595898,0.009869790324198333,0.017268167007918042,0.05602187173692842,0.03113305624993347,0.026639104013052826,0.031617980976234444,0.00263619710668838,0.011591256428438376,0.006840127566785396,0.025441908156219162,0.0152034411561664,0.021240050358695462,0.015956788785115278,0.0,0.03150469368300229,0.0,0.010540592389472934,0.002898860360154531,0.008563364787310351,0.022624161316656666,0.036055298487836666,0.0,0.012756295762087928,0.0,0.012129643665976683
neutral,0.30862869463607523,0.22942271952825533,0.21675807958593463,0.3020246308527524,0.31881438913492705,0.09748863162167602,0.36528237504566224,0.4421739724114283,0.028244643995008065,0.026040324749548992,0.4752750481911819,1.0,0.1794075450605996,0.22367982053686708,0.03213284498412202,0.07348598997274373,0.05893671690407514,0.014472914168865057,2.543766833085778,2.1819242559960097,1.1814799543809598,0.005751365490635798,0.06903698104373092,-0.16948495891776832,0.006599495389984391,0.05072684429542591,0.04368362971074833,0.040105201105916706,0.021148650584566542,0.03274908998675467,0.019310323172437017,0.03458861750311495,0.01466207827213778,0.04060115740457991,0.014008659927762243,0.015485218243770962,0.013935123329005894,0.022501880741316867,0.014953454041963877,0.026334322399690486,0.013747169215782432,0.03028025077539242,0.039738771235411335,0.0210081128693356,0.04883826965200802,0.034657881457332104,0.047797074653073715,0.019204413948326084,0.0,0.010820216084610649
neutral,0.33328163051703735,0.1832790035882506,0.3283017227596961,0.3655664990840955,0.2766500018293693,0.10968926227835085,0.4191059974246587,0.5140983858750453,0.014167676404846001,0.01868208920409473,0.478482618461234,0.9475564735086067,0.1311411693673199,0.22724960251151977,0.027320421568588795,0.022362024296426548,0.12330577187436036,0.052097380569115254,2.924667071204248,2.7270145626796594,1.1227675777825494,-0.04833093521338131,-0.08577229038858393,-0.17567237170391942,0.027834617759773087,0.022729280171895638,0.020576802363868524,0.023169233518525446,0.014356869319642574,0.022767721627188778,0.013428615203973416,0.0,0.03482260793991514,0.012649178243350111,0.021838031485326335,0.010114508845333653,0.01050692989163476,0.006493141215504242,0.032327860452355514,0.035466380766124184,0.020337149339352885,0.013023449508722577,0.0,0.030340605394233746,0.011204758100929158,0.005475611258337728,0.02038042447955475,0.015656366015262095,0.00026529540798364906,0.0020506321921397903
neutral,0.28761962793678975,0.3344721822477508,0.23672845563286962,0.30698153482515034,0.31914823769621886,0.08434456285242038,0.5373582523117996,0.32086347890244815,0.02501177009061081,0.002963122288630878,0.3484887518673056,0.9422707972279737,0.20494502157078698,0.18534128988263832,0.03958095991946778,-0.026476683885540236,0.05143285418366605,0.055428604133957705,2.3864727973847586,2.291743716062632,1.382826672199729,0.026923453821423377,-0.059012220199602027,0.04082068597571025,0.0076510738119709935,0.01492297195556285,0.016020107462851322,0.0398823792479575,0.02173756864841238,0.0,0.032371505968367166,0.04399705849616253,0.016753370612682374,0.008337929774399198,0.03123534639089736,0.04553544027732852,0.031033512801387945,0.0,0.029810863599841385,0.02525469604110122,0.007589805795290028,0.03675463199734086,0.025698564934129017,0.037094461703357125,0.00620081004851963,0.025184110676745322,0.008363768227401515,0.023219670720356286,0.03920393085331359,0.0014565694888194758
neutral,0.3409056877599327,0.23802119170193273,0.2826619108247014,0.3206438645974577,0.3063060057012072,0.05528131678344442,0.6687513648569684,0.466455147347445,0.00978748743390448,0.023141998925402422,0.4300401530407649,0.9996961787290981,0.2078143470317666,0.1835846636381043,0.019863605448869823,0.03384089095411742,0.034303357826811195,0.07126678055574767,1.861853661207619,2.689697526332456,1.0392649386207293,-0.10952009293700149,0.08599272088838084,-0.001129821994356059,0.013603536392398074,0.00958739238427526,0.029309059850489122,0.011922489250645629,0.029990917146484934,0.012262525336534828,0.016991562717430384,0.02046234421947015,0.021999680876895005,0.007985343650809473,0.02914949944091765,0.01647259032274445,0.02707070958497161,0.019789032493734118,0.027623900705523667,0.014652557276258058,0.00973522483163317,0.02554915704770595,0.013581460134609693,0.038964223846699425,0.02087953712875227,0.0021427933886671927,0.012388942605574427,0.007009040980213316,0.03394794414496135,0.03005602770716214
neutral,0.32474090663560534,0.30703124542683047,0.31639873661957507,0.2942446205946136,0.2810532058589257,0.11662657712560513,0.5702288770253505,0.5357158090173414,0.0974497611164046,0.021620318488739847,0.3321006235359373,0.9059406420197762,0.2213870953654118,0.13414169434389206,0.07633324234927627,-0.0036290400862094563,0.17693559873424233,0.0487644686455818,2.3348355172333153,3.3503550153455066,1.0992528046057597,-0.004883463680264282,0.02610663330602722,-0.007014355431057209,0.015489870699640562,0.01096709041203723,0.006976817500412739,0.015712283823941638,0.012787068789338132,0.0037466594662810514,0.017263745593686385,0.025847225402612663,0.008353229787928676,0.017888152538554088,0.03828455816934771,0.0015460951646285581,0.045111674301175915,0.011237693551376986,0.02261175331550294,0.03662912115405482,0.04059642278706352,0.02610766914697578,0.010971428268925365,0.009823453453984055,0.012526398558793901,0.04456033506503791,0.015019108420924453,0.024207156364527173,0.00643115604469416,0.004967529340180795
neutral,0.20308836946678258,0.2761786618054205,0.3605620486649408,0.27440886000859727,0.3269230562326022,0.013390915311751295,0.387818247354954,0.30194472427035046,0.08708611166828956,0.028787777249624776,0.32759667109083196,0.9644638575601312,0.21605128287872966,0.2307157506869724,0.04289866343296869,-0.04626568538997909,0.0640584013414833,0.06340753041117425,2.7821406065039738,2.4294923119067704,1.0483447914288977,0.00211137792407805,-0.029226990874058938,-0.020136452668546984,0.05119169933878711,0.025274524510718165,0.004039015923360735,0.018454200938927592,0.03299905940687489,0.019085135603794746,0.030326687613734558,0.0,0.0013557361472002587,0.0104468714261322,0.01633148594111166,0.024341334671331812,0.02827788318278537,0.0520594795631653,0.010398761689271507,0.015918143011625804,0.010761481840931526,0.034032048473382426,0.03474135510724041,0.014180478250443149,0.04685469581864504,0.010784313044461067,0.03338893249477716,0.03890879329300591,0.00229946268176966,0.027509219785611758
neutral,0.3095084199278171,0.31925941073447345,0.33824720093692695,0.3267064605020303,0.3016768497735483,0.09048808722108875,0.4442348269247989,0.3635098826171718,0.043649361515621446,0.017093043517102502,0.34482470543147425,0.862940339095407,0.14169191647187254,0.09549665348503218,0.0446121141418751,0.030814959448990972,-0.0073026495190555984,0.05414250864716411,2.0601958976397827,2.005774699951655,1.0806582418050255,-0.2180036833004308,0.07417911200702014,-0.08812846565640538,0.033660454147825314,0.0073355422105079796,0.021025063984772357,0.024505746765458792,0.009311305016478035,0.033107523072686273,0.025249932282212888,0.016725157801379068,0.05072212613492748,0.03316351968340695,0.0,0.014940953741938883,0.05206635390110602,0.007231640807567613,0.020862339306810522,0.03600291389614181,0.028480180640166684,0.030354101494370213,0.02958868779071714,0.020330105446531344,0.009699912894419318,0.025651934502364096,0.014763903847800837,0.013742434388821171,0.03927213453277564,0.015047052109501044
neutral,0.18548679035673418,0.39023249785279823,0.2796895831267692,0.23187660616487704,0.3296317689642406,0.09874520469907248,0.3778222774622677,0.5221667146500367,-0.02646197191105458,0.012859048056737904,0.37904183251315987,0.9926093973555393,0.2472075463419452,0.18265693560753044,0.058049023409030086,0.10245164884379455,0.10018947231575774,0.058193483480407544,1.6978607633107008,3.1895856035198418,1.0288123525410404,0.1364904321925304,0.023108970703392323,-0.01273181851792132,0.023491426837340717,0.023123065232557367,0.02110939818619674,0.014353922187255532,0.02313724118508595,0.04284551717773388,0.04965214168686878,0.017723142638984418,0.014156977242853544,0.009486062443443768,0.054919762882840076,0.021674853677858666,0.034495553404416776,0.02905658833662909,0.0487092220828752,0.01677989638492834,0.005608111982658537,0.04417287277193169,0.03174298378033904,0.025931680330176267,0.03995750414338118,0.026673296312127455,0.040408708978316235,0.023205694641617078,0.03172533472112449,0.026843087230778332
neutral,0.29380532895644934,0.2562982748672776,0.3026667773334002,0.3120570470001796,0.3061546240071906,0.10556296674343053,0.4061227222604889,0.4281468314921113,-0.00011826478038438892,0.018801306536979322,0.3309932138915198,0.9549926215391565,0.15856532632759612,0.12847981604653413,0.08941775214419832,0.013057118799629609,0.157882314467348,0.04077768027504801,2.6518878379001816,2.0152340565596103,1.1923898099574217,-0.026022698802418167,-0.01848513990037434,-0.03142897722481499,0.00580023754458198,0.05380966145216212,0.016759600828399772,0.03076988318842499,0.025857506542144935,0.019668296851790903,0.026730358239579297,0.03766924820264829,0.02868667710428626,0.02211191335262607,0.026751198193718545,0.044895502911926205,0.014581465149972698,0.0,0.005745487381611476,0.0067123943989609285,0.00854336472714686,0.00899020924029197,0.01969320552306263,0.023216433075619373,0.023076732430965273,0.010506387124172551,0.03292070088133247,0.026947925683120946,0.040557012286947206,0.031007893525807313
neutral,0.3214948881817886,0.3174623462042615,0.2735353686694535,0.30309811141291815,0.29605876103837403,0.07867634279396177,0.28378615470843593,0.3962300696605563,0.055974969693991586,0.03085584879223724,0.4557192991913814,0.936019345250588,0.1595947009853912,0.18460377426121347,0.0329373868873771,-0.04345808882049716,0.03819421500101012,0.07405797376782597,2.7036175942675094,2.7346127176591013,1.1492999169539782,-0.027962540687101734,0.11749394732692461,0.02188688690502841,0.001891255155549474,0.017905283668176702,0.027953910219758252,0.030788456542421815,0.02895454301059501,0.03572438487998646,0.04525837943474579,0.014734709427378504,0.05646905662534027,0.0,0.009881951207782442,0.022600003294391775,0.0271373369940394,0.01763873650155432,0.013555042783293607,0.04863361038206452,0.012934206510767475,0.006748138530004319,0.0419807334874686,0.031038984985074805,0.03423132388272015,0.022546326088481918,0.002112173019237218,0.02110005629282363,0.0003220612687546559,0.023149991852731575
neutral,0.31890066150806756,0.23300003190250354,0.33026483578832216,0.3202373380823975,0.27599227208140326,0.1132590660894173,0.5344533937796961,0.45609505912407783,0.025324621133282238,0.021777558050659056,0.4386715522818802,0.9084990274692114,0.14977068183515935,0.205648670255679,0.06440806415606275,0.0844927204322969,0.12662906489412512,0.028841070232919118,2.7629296499556326,2.848257648362229,0.7910301136130053,0.05227223470243278,0.0967877718824594,-0.007391047984072569,0.006606229840508791,0.01360974052823581,0.030895276498098933,0.0,0.01845153859087634,0.03015363512092114,0.0,0.029707859450748733,0.031270264874594375,0.008993517024872326,0.0050072655117217365,0.00879018377428116,0.0,0.015759531376430897,0.022854751324788588,0.004148621635189562,0.03263664457325956,0.02133337334851973,0.02338023072599486,0.014774043382503889,0.02965957132429111,0.0367772889161265,0.014702257647876851,0.029893413021634438,0.03003635695176491,0.025432317927939846
neutral,0.2395981124291499,0.3177011255265342,0.26583071423302457,0.2791275258315944,0.3498944288023362,0.14523764535151884,0.42452629976472755,0.34402587457193046,0.10590552351046857,0.02470730537746453,0.4294505662929047,0.9552500504797786,0.15599046813897272,0.1776014363218391,0.0618601007426616,0.006573189183975073,0.11731934113006208,0.05023389760024452,1.756511731174515,3.0619768176593225,1.2693020586713994,0.13416433552852097,-0.06538407054305807,-0.03372386520295606,0.02429841978669566,0.027215275870522134,0.0,0.01358866517330299,0.0001450929744510679,0.021620920857287132,0.024236858657638513,0.02183740472388204,0.0353216589933675,0.0005344212153694551,0.009609737359187184,0.025386523993231318,0.023431176544230256,0.002899400472501368,0.03555488828373096,0.04006188759230605,0.025532631094602715,0.0003820718187239405,0.02207642819005057,0.02442445335690883,0.016466049887215926,0.03751418016505433,0.018492797411710546,0.04735905060273435,0.030180523788935973,0.023589041689506506
neutral,0.27605657913244086,0.24568414610261666,0.22165041846223127,0.22677842670440473,0.30522700140892456,0.09030825904702751,0.42410503815366896,0.5297364589108498,0.046637824681042515,0.03895103648245901,0.3598830117922565,0.9014524418789686,0.14227090876948237,0.21168253173092896,0.07015100597702614,0.002168153112238381,0.057440691914924256,0.07677983388606455,1.6286193888974532,2.831358117144677,1.0549394297005965,0.0736341907200336,0.13777967458185872,0.07192416139550277,0.025162239642432443,0.033999982390168125,0.026191330465936517,0.016161671183742635,0.03814926439578356,0.023758318004085427,0.06787262357776874,0.0,0.0,0.032925387383138424,0.019587234841148455,0.03030392213907255,0.005721048431610774,0.020703725739781707,0.02594512725451014,0.01293175903170457,0.023013786175962406,0.0023001596485835267,0.02513269715592813,0.03879082431681703,0.00391148646126617,0.003126606527768038,0.035468973828154116,0.002896708477850344,0.03092781272017619,0.020719530317303638
neutral,0.2945452126711773,0.1680613410357233,0.31703719325285457,0.2678742022254297,0.29335854152310276,0.10018335171073799,0.5970389923949351,0.43037374050893595,0.007316844918410115,0.0346964370832352,0.4508012550498754,0.9881487902469163,0.22465254010587546,0.24169626545898942,0.034394653882633144,-0.021729692582251537,0.13369876974086853,0.045406821955876364,2.0441721490152913,2.026569804180693,1.2674369773049292,-0.033425755426204885,0.1319872345205391,0.07425182467336204,0.02522770525954051,0.0179785248735777,0.001951550780738144,0.035718950374483874,0.023324158607131783,0.034531968492031134,0.0,0.020738700988522638,0.01068031548733663,0.020469914731320475,0.03226173735081399,0.02480931576055615,0.020235589043131465,0.02016614565538657,0.0,0.00821461530041023,0.03457673807904185,0.01342802118586095,0.03482544758200901,0.030742822161246734,0.03142966643477878,0.024327887067354715,0.014331892967691457,0.01803502321802263,0.02832501670762708,0.0
neutral,0.2759615479436667,0.27792870583501555,0.21169063242897435,0.3045517510103688,0.31783093896003,0.04888871221509762,0.34918910378504614,0.5194295651129243,0.07129391432293983,0.02298741235290777,0.35224963333093623,0.9857806305130034,0.14391297927432659,0.18587991871100665,0.02713637360427456,0.01513994171535343,0.05878436510511938,0.06322669006417944,2.2407840950051625,2.234607718455345,1.3606150558309853,0.0995021114102246,-0.0450107498880427,-0.006902732736166026,0.007567900362436555,0.0195413019099149,0.012007322742746199,0.029650832984578275,0.02836475192268751,0.03692543501318843,0.02107879783150483,0.0,0.014398709893454306,0.040348376169457564,0.015775069650924414,0.0,0.025841314106934563,0.026812771840482964,0.010546413279164094,0.016792261633801486,0.00898515281739476,0.026793406088509518,0.020735792849573293,0.004844922874030974,0.019875930246111242,0.010470683159226751,0.038993789019340516,0.031618070531709314,0.018410368528947743,0.021053834009730085
neutral,0.356824078735838,0.2544741325758366,0.3655995452478037,0.34065350671517547,0.3074567640714278,0.08890219995266042,0.46829864420175404,0.4310511805694703,0.026216844321886437,0.02532275195327016,0.3283532990472053,0.9330722705006926,0.170237949185783,0.1490422162968717,0.06152326040452186,0.013149858787076325,0.1519537324037756,0.045718572449717824,1.9678565679546471,2.1084973751450584,1.16718137390939,0.08110209823503833,-0.015624935045241109,0.060671401957079055,0.020580817018673907,0.029642967558035478,0.02087124687433339,0.04722093004220927,0.02593082443356977,0.007171119200770978,0.006070807541446947,0.026952367094994285,0.0067617345106287165,0.02773297699902854,0.031643307585083436,0.031956648290305326,0.008700565747066277,0.0319791252743179,0.02419366009854809,0.012097676210710472,0.017927785104179063,0.02612663687368505,0.011252935728282915,0.023924172881498985,0.03879282533101161,0.03253272969462874,0.021065820515687134,0.02304385391285531,0.013005181805893908,0.013371346705962368
neutral,0.2763161387444814,0.23437914185301947,0.28343868072744816,0.34025293703428605,0.32693944962708404,0.09926314090184228,0.6086758561353447,0.6591505667164645,0.03559572156389224,0.01754115231829698,0.44853319094691324,0.9043511816431324,0.20547402700376147,0.19304403080384433,0.056503673566021095,0.002736864668030182,0.06849186572214926,0.0152543543464784,2.5825537913487313,2.805396032250209,1.2838980571516747,-0.12297570364027313,0.02259987481104694,0.05459987452774026,0.024528239961433235,0.0,0.010235684724738953,0.016670947602738056,0.005942497417395639,0.0,0.007294282959117635,0.02063885833176628,0.020642186759758714,0.03179779684119036,0.04682133611160877,0.02891489976127394,0.017717854109857385,0.04340424465680194,0.0,0.0,0.008472595666558965,0.030558436822677938,0.02219128327628701,0.005331791828024275,0.010547771039866502,0.00386071449361761,0.003860390671335829,0.040163751071766694,0.0181353454062459,0.043004567148145885
neutral,0.32574344179594733,0.29323652225032937,0.3312243364501686,0.31662592837529385,0.26726184330254865,0.11831786911068477,0.4420098251174686,0.38980423261513925,0.07081933330102433,0.029215585478072223,0.3661504384983932,0.9324717540848323,0.13838639096046007,0.1358581861648969,0.04575960480178204,0.04376163446442641,0.07706937222372895,0.07498638911790276,2.033350952654655,2.3741189797658717,1.106807125261164,-0.07120115027963687,0.044201251190528604,0.01816661282532487,0.03276070345936992,0.007534162586052237,0.018323517824767353,0.012884164613776679,0.012699615501558195,0.020457006478218322,0.018526797219833007,0.033671726882502286,0.019859935397401773,0.027215074684770392,0.022245816905301686,0.038248867002722994,0.016068995406210547,0.016105571883622362,0.029685501641094337,0.015891963055831487,0.026479091901666113,0.05039288727197845,0.007273615384901115,0.03991171606304873,0.013601313831963722,0.037389822593139777,0.028918596117934816,0.027804259571101657,0.018037479086905433,0.016743457498798783
neutral,0.28993294916182866,0.20664593472002551,0.2811775462309284,0.3378795895679325,0.3283214560405021,0.1005750444101668,0.6485874029224362,0.405255118868649,0.047399838715440866,0.005494850030298551,0.3717455281873507,1.0,0.16903556453341423,0.14416506420531922,0.06525998045765617,0.03167630726626339,0.13322584264101267,0.044801606130749766,1.7726847440042348,2.3806822030789117,1.2620914774947578,-0.05776060640332561,0.0005648437346828802,-0.014712915701121761,0.019059749779002745,0.02504341725266815,0.013021362258046579,0.025526254876103036,0.019960818806516557,0.010823639089531632,0.0218193520161723,0.014973002102718246,0.028023138082420882,0.031351039846019606,0.02651999129017653,0.0,0.00745798020108498,0.01172450073627641,0.00964791742370009,0.01294298932506526,0.03202823016287751,0.029082507701005428,0.014489932713423815,0.027693317579891408,0.02427494668205125,0.019572835456949864,0.034926921133865425,0.011403148003495699,0.020685873984424483,0.00633881866963977
neutral,0.2843212291800853,0.26427082267941976,0.26596669289885777,0.291025106454244,0.35318227875176234,0.07157049628007177,0.3535827677207387,0.3844797490755588,0.047843154960650315,0.025147713125870545,0.4433011329719828,0.9972319158184894,0.17675283401873423,0.17811036640279587,0.07858556216166533,-0.06352625130839568,0.1025103608977659,0.057525121528643995,2.7089473007724973,1.8231362701246447,1.0826946745289983,-0.08023435638292142,-0.12246885223987544,-0.07886857209049868,0.0023510673855475644,0.0,0.01734116599585649,0.0308302188489613,0.035677604648304315,0.013085653501014878,0.02866484112691066,0.017429656921684307,0.027235459128592734,0.03500817821956992,0.017475004288459724,0.03400066697152509,0.004230645257893496,0.02853463672059746,0.033437752546250296,0.032092719686100564,0.00459472293978154,0.017324457007297102,0.02392827669289918,0.025759681725218107,0.021506387341782625,0.03857942166710303,0.003156601861288827,0.0168767391582188,0.0,0.02807623453265063
neutral,0.2972309873399745,0.2932545439350395,0.2635362326474248,0.3039146308189353,0.3082874688478164,0.050881016550561126,0.4652608032642924,0.45782824154904245,0.10262039830178458,0.018683282401975154,0.3464118252319333,0.9634266041039982,0.18223044215643913,0.18608198130629938,0.027617695811059346,0.015319415035719614,0.07683232511063942,0.0462115737690342,2.3379497975371075,2.1953708369346887,1.119293223128084,0.04436955579522273,0.30137430291446327,0.08210877267086658,0.027035664570239353,0.01649777030640835,0.05391941783359337,0.023235264511869712,0.0038553385804141194,0.009089064340006394,0.00778084774836465,0.009274658277462603,0.02698071553685244,0.0056153770680900696,0.015694325167642034,0.034855709807388884,0.013242961990820638,0.02872932531652523,0.0,0.015182004296388104,0.008482709963269665,0.023897022435699883,0.00654788433978693,0.04690553944283911,0.0,0.03476515487042364,0.03141760211285523,0.024028195034890044,0.020707632295655882,0.044114462718535474
neutral,0.2512751886768466,0.21919705530791614,0.3040818632217579,0.30748867208956127,0.25169336140844867,0.11140004962974158,0.47194333861184,0.40340353671552664,0.030004320173635114,0.024237797674102064,0.5126217158626452,0.9699197814827701,0.20341452753758282,0.16503410819080425,0.04275023318241693,0.038240503186581516,0.0456662046140374,0.05362602972031141,2.260362485789173,2.4354533772645057,1.218764453968641,0.19767711115289766,-0.018654001944550393,0.012621549902731557,0.020751658021189043,0.011911899164538204,0.004684612038808156,0.018825926459127132,0.03695857804411683,0.03331694950205264,0.01551068015846397,0.015240642297806058,0.014283738937319261,0.014285409700541117,0.023740742500328475,0.03374725813976325,0.04941652005454813,0.009211982233248628,0.02846534450988341,0.027050347239078697,0.015713296546798428,0.006661879762312816,0.023579850258980854,0.0475584372293758,0.023497612358742176,0.009765989107473968,0.01795553798755207,0.00517773764758998,0.020240633716612444,0.028884304359668166
neutral,0.2539192668647651,0.24096516859120792,0.240516316625038,0.3120075577709054,0.2877628226302066,0.12326114081051025,0.5238150042008666,0.42902601962223985,0.03437402074970689,0.021277085053698935,0.38982247727384645,0.8623743154313686,0.23742311256177254,0.21143007242231812,0.041889011773261396,-0.03749149635617888,0.09278272551724615,0.03971040564938122,2.080313709000024,1.6331388921844203,1.0731066178927822,-0.05540800676671954,-0.29300490311360067,0.02215048582097938,0.014652815268266953,0.01750042141312015,0.01692930014602769,0.020679260827345548,0.03977530592022775,0.013304815565788601,0.008154946573755964,0.0,0.013355554956828615,0.0017837379884395807,0.03248125182990828,0.01875062420174787,0.03221304480508481,0.03905406173385124,0.008754247725002589,0.015484323118091465,0.03731192841998286,0.022459828531902308,0.02677962918097262,0.033428708429106765,0.031654690497632476,0.0253346741927835,0.038152699307313916,0.019112693988354485,0.026752387177352063,0.017702139443426208
neutral,0.3140560889458478,0.22695279630840293,0.22179938162888174,0.3379478980344121,0.32898838653573526,0.09143748172886759,0.2139766076357391,0.49132611079118704,0.06987514617690574,0.025168113348636362,0.4329597443628049,0.9409305413927013,0.1676859256869723,0.1568151439116104,0.037795558175481074,0.029644539798255154,0.11351707803580054,0.06382192960902222,1.6429098420047108,1.8236423191269808,1.0901342593156793,0.08164413352592802,-0.06306881741286431,-0.13462850704636603,0.006740680609210582,0.022417836934342204,0.0029716039719813077,0.035343017853670826,0.009313215340285334,0.040704765136893396,0.026815924056654214,0.006281983349859141,0.047231685199599686,0.02345088009002767,0.02215955228019384,0.019152243319149866,0.026065193185180302,0.026830467949144222,0.008755338625753697,0.0172238311431063,0.021504112450756206,0.02757562604050152,0.02779596060183167,0.022139043324261524,0.012845801576907574,0.012179305163678917,0.004510650760897027,0.02770381513694566,0.011992297776518345,0.017507191532058968
neutral,0.2329419801957619,0.2939808530361289,0.2637329098137489,0.2974079865762947,0.33473905473197985,0.11263295484832857,0.4057625655781135,0.4384591707667903,0.09798310713540517,0.016926175480383932,0.4027916870223668,0.983207278432873,0.18645574463710274,0.17881545644058972,0.03699014016048281,0.01969703174800349,0.1263207737745551,0.07311575361623127,1.6237599217266117,3.1154510836299556,1.1069327342987934,0.019019512558198698,0.0003540751404922189,-0.00044890533830168494,0.03202274668732296,0.010412041396285189,0.0,0.0029316997889009683,0.015697562253834153,0.026813210983425588,0.02040550194069991,0.01674694980143769,0.034534303140910196,0.02002581567379504,0.023637200713820767,0.06044335518388409,0.019895499413341445,0.010954013532738985,0.026252476976635537,0.029543156348508178,0.023912784957651673,0.022039862009502073,0.03926900251455252,0.03764421375958318,0.01847768502254438,0.011634570695431798,0.025579636960901073,0.011559966346236811,0.03150710168542602,0.02551273159094978
neutral,0.25302298855631206,0.18047458261100102,0.16883716605433516,0.30341480601944265,0.26422848881124983,0.14102964329073006,0.5397384478672891,0.4289591813986631,0.04015062678972852,0.034853729567873463,0.5200225104625138,0.9033701046019731,0.14816450581488966,0.1809672655882073,0.0575458548440253,0.00458985030992254,0.11808856656647956,0.08413022617862123,1.6430398609216232,2.2817573552763823,0.9047934875489946,0.21360248307795757,0.1325967205998784,-0.08629923983787002,0.009124397444928847,0.016169205602278105,0.010546254858108712,0.026759708362524053,0.021962431680611048,0.023887248048212975,0.01601292886477546,0.017210096166282187,0.015441022881198727,0.01676744951058558,0.025447121045691967,0.0,0.023743237244909222,0.008706502673451225,0.015594850678715317,0.0,0.015337267837774171,0.023612492430538822,0.025942096640587373,0.004577690271709428,0.02531490203323022,0.034817089416526406,0.013582029485813555,0.02001187049573343,0.0,0.008338557276673323
neutral,0.41880807573135215,0.29632226129047806,0.21378544246078351,0.33861548133732106,0.26241170607057773,0.10821067563494674,0.37798381764114664,0.3447988301747785,0.0788645656863118,0.017402230365539405,0.5207970438192178,0.8991033205993776,0.1332107789507775,0.17561003547262724,0.10058390399532716,0.0450174682210117,0.1221557205494627,0.060271436177728455,1.9424258814599356,3.480329728321209,1.2442877180012517,0.021641617375851064,0.08599206637853365,-0.047942223262076825,0.02473611168660889,0.032803218343675555,0.003447838092588397,0.008568490050943445,0.01680831942792941,0.032887266839635,0.0031253108344039063,0.01912439255252125,0.017284956235240703,0.0,0.013383888692910465,0.027049277536249448,0.0007174946060106956,0.03834734971821649,0.026084590010622202,0.02449808646730829,0.02010644501335095,0.005799814350043574,0.011553940945116107,0.02470411126909256,0.011528482341784966,0.022453737954322886,0.00831454284981695,0.025868588869047512,0.026839047773946755,0.0
neutral,0.24911760297335664,0.4254397132333245,0.3203201735572955,0.34176312130971004,0.31825249615571083,0.10513608460757065,0.5193928502969115,0.400433218928655,0.06411543850192325,0.031770978124248346,0.4489595205406844,1.0,0.18547800478885987,0.240762419554916,0.04635594430819739,0.0835307729002646,0.12294429689576614,0.04328094052303183,1.7167826901579195,2.144983385015863,0.983477453408792,0.005384682920078813,-0.136950113510131,-0.14888327816453628,0.018846650317044637,0.003438541635728421,0.036805859833020975,0.02143939736725627,0.020911945825150033,0.004849971220868693,0.010002509853322268,0.0,0.041031466826206994,0.0015696836311217717,0.0025552513401439526,0.03837125409693659,0.02503834056465661,0.021569578236981045,0.024423490180096694,0.03240070485239517,0.021298379117667337,0.0,0.029531468340882196,0.025490470396362725,0.035230193516899225,0.003761714774818691,0.010518555331386263,0.0250971555012844,0.007721349634954879,0.0
neutral,0.30850302661723156,0.30097511074453,0.2805457585949936,0.30407889470091254,0.34047414335988696,0.07589373559015926,0.5099109729525519,0.3584819737045074,0.026156593620043307,0.03195917314726449,0.3153118023326742,0.9379204376127976,0.2508404131658193,0.22076651980932901,0.037099490648594434,0.0030252424991924418,0.09319535487265808,0.072959024043185,1.774464678527476,2.049031224444716,1.2912569624658146,0.015786446298949527,0.08055068697902108,-0.010314545675325564,0.0,0.00815599701553602,0.018893843239517025,0.01956033724428251,0.0022599413403269833,0.024598625188741743,0.027198945363124397,0.011387638761509803,0.04158984504776386,0.024414878888520505,0.006936833348778532,0.041070147101676904,0.013196782991528776,0.022325355036193904,0.013671844098407408,0.028113990293990615,0.013740132258548494,0.014528867910931872,0.017920290653767178,0.013474646684869758,0.03393358964986701,0.0036486874103890156,0.019517080208252692,0.021163045900003313,0.018379754334945948,0.03258788210420037
neutral,0.2535436209842626,0.2099201124162433,0.26273125888596527,0.2826536617206005,0.34914815392422077,0.10603416006877836,0.48408341656130743,0.3641684735239417,0.07220231338528732,0.03638225980376139,0.46089364179963516,0.8843993712490662,0.16607574441625758,0.19325470333284545,0.03989964442324651,0.09598972559782408,0.08070894276952474,0.04924135136237917,1.90492590405949,2.537460601976528,1.4143524029480783,-0.12031583953359333,0.051112551919946576,-0.09959617984068925,0.02149312088610219,0.017152827687829386,0.006039164198803496,0.03571487278877589,0.018131978804953673,0.01757294829925054,0.0,0.0183461841886884,0.014785635294246374,0.0,0.0328649485927451,0.013041848550049792,0.04464239541022974,0.03838774001595778,0.01064125306024432,0.03780107747952221,0.04093704852823006,0.01273253777821543,0.00657541857713995,0.0,0.024945740788166526,0.0073467636575874715,0.025336408057800634,0.012617937199440559,0.00986348931628123,0.012700613909917037
neutral,0.27926390680555,0.2854214204816377,0.22429889543757825,0.3330241557182983,0.2952129409862531,0.13756098374893333,0.4686838783264207,0.4553555630111743,0.035270656984209905,0.026148393920709178,0.40234967258131776,0.9929232854561492,0.22813987192675378,0.1681944139545959,0.06073561262091362,0.037553485292463315,0.11832447633035371,0.04241901435534624,1.9657859214900366,2.229584480712124,1.0489160607724917,-0.10398535355745821,-0.050575795233983444,-0.05892901351233065,0.00907838194261806,0.018641535285229664,0.010148361398287245,0.025663368019998592,0.02074040316341608,0.022198593512534743,0.01644464139134648,0.02089567781723859,0.016784807783388853,0.030134060036983563,0.014248939369332803,0.02488181809356863,0.0030171777312525405,0.029256972815200774,0.012729608429996441,0.008140471828483207,0.00519560476377583,0.004167021194248284,0.013740872682372566,0.03948216003162139,0.011636802861003761,0.0,0.024751061725219535,0.005514664946685769,0.030592498525669618,0.01452600213524815
neutral,0.21518839338233797,0.22283855340028286,0.18725644310618672,0.37809662887564166,0.2741187814468725,0.12924532461818203,0.40874872116338007,0.366311195088761,0.05064682328229984,0.01673335811356565,0.4561312277934566,0.9907191957290624,0.16229576943197166,0.14680136746984096,0.029049629122349718,-0.0484737388989295,0.08902161433651941,0.049793493901412744,1.728580926538163,1.9729717068626917,1.157040566375216,-0.02192064140751607,0.10775797684697332,0.04941836086147136,0.01178458956915691,0.017231923580908626,0.015226076963271126,0.023233493129312607,0.012651372776001034,0.013646325361443109,0.0,0.01934567666722766,0.021152993691169235,0.01768990715549219,0.04485384252661062,0.02211612313065924,0.01796579768365919,0.026488884595178758,0.04746722598968046,0.023285399571253473,0.0,0.025616761175668943,0.008569939457060909,0.0,0.04206829621204636,0.039258804504269024,0.008232692228168418,0.008317795454311612,0.022082173754870066,0.008492675056688943
neutral,0.2069735298419948,0.3229987130276263,0.34259703005919084,0.2969938803247968,0.2989127248837776,0.11572892546586835,0.45014733872501517,0.584041198284589,0.010509114308686195,0.02860941959681841,0.39200583444287,0.8939393753161161,0.24741266228637185,0.261556011175474,0.046362276095013574,0.03334176044126767,0.0811525494997223,0.044569840255121576,1.7319377644032554,1.9667010228799662,1.4993235948337875,-0.010805891492455501,-0.06418638203706332,-0.03203218512900881,0.019496017510128347,0.020657604049588524,0.009463263148376068,0.022469612629549746,0.000450675765961233,0.009941398687785409,0.004402928744209602,0.036807493543392786,0.0,0.004670198536124749,0.0,0.008429839684027537,0.01402622724812878,0.03271114490176842,0.017114028086893184,0.01466237018518448,0.023898805607384752,0.014242259402554587,0.0513288022149815,0.0123169554975944,0.025378253173407164,0.0307439251836234,0.011943717944826177,0.022149840324337613,0.013489009127089377,0.023562270503306972
neutral,0.37691212945475683,0.31049276038513973,0.19739085766785025,0.28738891229986835,0.25291811912680673,0.11905203415112327,0.44831184055825085,0.4503160275751103,0.024728983217145686,0.016844360137361465,0.4551028870429066,1.0,0.20539263359834306,0.143434994064517,0.04674296953546797,0.02759940371834284,0.07060897642594954,0.02096722477908651,1.6818450724680716,3.0161649751851694,0.9407711058335607,0.00807393528443102,-0.012625469132293088,-0.09244508451755072,0.020618289079168805,0.017967645064862203,0.01800083818949255,0.015841800931370713,0.03025878117486338,0.02046296794767584,0.011866489420572545,0.02066746971505755,0.003391925870466158,0.02618727976430059,0.011147430945629625,0.01189617501399401,0.026669617982052585,0.014704893110112163,0.015436789990695698,0.03517919305909086,0.007348559463560977,0.02647900502226573,0.032343812355172724,0.03516966358663139,0.0482947602449494,0.011652176899783893,0.008716834167163288,0.03062380086831927,0.03222313448027565,0.00972044957915337
neutral,0.32802193785557343,0.36199034405119634,0.4101947997794005,0.30737098893887027,0.3375910063755166,0.08028764709347727,0.45192827319671125,0.4153999331952669,-0.006560220014481255,0.003969662271777186,0.4301022800980498,0.9724844462991459,0.14875114259820865,0.23672156086395674,0.030575322050539425,0.027718068785254128,0.08339042170618782,0.05187159042380837,2.392023311649178,2.735896611157272,1.2902429765339476,0.03878435929836923,0.24517861746292055,0.008373152504517187,0.0275420231564173,0.0034543222573439752,0.03474888520624575,0.006216249581078069,0.018621556805950207,0.01543275002263903,0.024551602804095574,0.013698701797117987,0.017939362033402875,0.04104528449802182,0.003161706148609722,0.01996793638788077,0.005516346864521363,0.02876654531436572,0.010552525437799859,0.020500973723272975,0.002779355858829942,0.036790017805532906,0.020946268919990293,0.02179095168717193,0.030777801073173884,0.0037316891585735777,0.012004709986295018,0.02221070410053759,0.0,0.0
neutral,0.30716647136348835,0.318993777008484,0.3740893537186372,0.29932126668130854,0.3046307639510524,0.0993779859466017,0.4748207905121699,0.48087347414517256,0.07766353278443164,0.029182082516043633,0.4363554290992163,1.0,0.18080271178916565,0.17165296902107263,0.04215921158846305,0.016824954591732794,0.05665459675868352,0.039266067679820334,1.7295527707694067,2.5798449987672005,1.2251030822395792,-0.065700986036467,-0.10268978787137557,-0.02750906775364021,0.0,0.011496932137850234,0.0437274549969634,0.02818714010152356,0.025906374539587534,0.011364707655970864,0.023734673202510027,0.019811371060955256,0.009642297346461609,0.013580736694045891,0.013873705556398868,0.0006472476069212287,0.0027936255446409618,0.01740690582004248,0.008976024812019909,0.016088064225984577,0.0,0.030417238092008345,0.04704623273976474,0.03335614279351368,0.0346969510370843,0.028139592474008775,0.02345261593489942,0.02112479770858396,0.00811115403166465,0.02897072489335837
neutral,0.24391484438525196,0.24722672083132033,0.32030547815241994,0.31291582300655657,0.2930416698979008,0.09130834613010261,0.46354488807122485,0.3077564574733052,0.02726691746457306,0.0073489088698417155,0.40082971473621287,1.0,0.19431476158433894,0.17465506095680045,0.037634555233821164,-0.0026159919453522286,0.17998468494219472,0.05119109018891328,2.164919055593876,1.6530485662197112,0.9427073004715615,0.050456675931755804,-0.04167086276535827,0.042080326632877106,0.019425700535688435,0.01352389309561771,0.021729755042855604,0.02155842532319782,0.02780587921126479,0.0,0.005632028417940358,0.01870503973671984,0.011583758291883081,0.01596639138446237,0.0214173564774637,0.010315870517030739,0.022499511593713245,0.027071798907482028,0.020846027885273743,0.029369461131110355,0.0,0.012381545614768525,0.03160030181574688,0.008763410051383225,0.006999232224616724,0.018358513531230733,0.019774852599904393,0.013048939915558513,0.04396645984835254,0.023724379799437596
neutral,0.23181790539127065,0.3919362037254558,0.30225302582039654,0.3167991591411747,0.30746061505616434,0.12803923589766997,0.2643604761809004,0.35674657236640817,0.081024140210464,0.03500579911837998,0.31353025816753166,0.8590684416978891,0.18502565361050927,0.2045623725625793,0.052579191600616526,0.018211127721664975,0.02592579805570773,0.04343732256602781,2.0265821649285223,2.2430393239287683,0.8069521294515616,-0.07223063048920408,-0.1295556694139498,0.03244612336019746,0.027601574933222225,0.031254912260644155,0.009669620710971757,0.01758236909430617,0.013540149960421886,0.013666500536276539,0.02641115651288803,0.026725146375442724,0.03397202609318806,0.033701077260295934,0.017766520788120417,0.056947357669466306,0.040149375451773994,0.011444180825386405,0.021645784225698732,0.0,0.0203543492267502,0.041758031913356204,0.05615695811478735,0.01842337907926021,0.02435347100542908,0.02786905637569193,0.04573614642980428,0.007221333606031914,0.05452166963335166,0.01587806547201922
neutral,0.30180129596450667,0.19407550484303565,0.2873652819791672,0.3199190681805933,0.34448501977528684,0.1170151521904906,0.5601487721223715,0.4030607553651123,0.061825707687324316,0.0,0.3920208428803202,0.9693375641204797,0.19431697627803288,0.1427776848570303,0.04317209655923827,0.012477184974275475,0.08283699614702615,0.06268760231619214,2.0295310837555327,2.487495927625962,1.0699099937345364,-0.09361231511364285,-0.028373508353023283,-0.06476840045570986,0.0338427177439211,0.034810044422092415,0.015991557322293633,0.05705766003162921,0.010035788629470485,0.03309355988044335,0.007636991230364199,0.03004931522741759,0.029035051915063583,0.006847404474426451,0.01830216146142768,0.04428061280273893,0.009414079586774463,0.025224257832533625,0.024361290521704698,0.019450321590609793,0.0,0.03077212544607301,0.020151011664289457,0.03434999374513527,0.023012855367636618,0.020838100010760044,0.024843033424285815,0.007162099412234476,0.040255380954492825,0.015119613543801435
neutral,0.267704598346606,0.3015186448647718,0.3125511720885841,0.2964498111976883,0.32766990255044276,0.06823614075848049,0.47029025865175633,0.5120209005221178,0.06865385314852451,0.0,0.39113852111239744,0.8892981543737308,0.21857315113010964,0.17827978294010138,0.0705573174194465,-0.0165113152525783,0.11562571136260827,0.05013896053595719,2.998322509518085,2.894667702079628,1.3649547056746267,-0.029004922741806657,0.11630666855267445,0.019787375640538393,0.04636150064564219,0.02368897868645558,0.018706418606371074,0.017224189563435105,0.024261616549725015,0.0,0.020030240700208965,0.02294828998275425,0.017973943793957812,9.820217994753813e-05,0.018052124382691853,6.191027960150697e-05,0.043058850613457364,0.016654447406914942,0.0,0.017315357629589974,0.031640179024334456,0.022289014962192315,0.008119871027147861,0.01118277359705495,0.016270985818375248,0.014284375435967575,0.003625640161112869,0.019121229280546076,0.002661454951075795,0.03233758299647069
neutral,0.258003992973045,0.27836107469566895,0.2933560826584698,0.3138915814752416,0.3131916558440264,0.13884663882093345,0.454678215087993,0.34905768263368775,0.0017245569548080333,0.03635786874982064,0.43567591079150114,0.9603226165732148,0.1934703433852863,0.1948080677464615,0.05758080580455823,0.008822347443286343,0.14220786358549814,0.04081485821968597,1.8064316865445642,1.811706148447793,1.1162586535465597,0.08568846791196887,-0.0902868693060024,-0.05733151304707487,0.03647753329823464,0.014054448147650191,0.0020788776252108343,0.02370276515660881,0.011536118648438528,0.04012747225095273,0.03396977095037228,0.0034783676666310798,0.017739368442154388,0.010181472533630803,0.004913440380945461,0.01927285160647249,0.030637025929560475,0.018937805258132552,0.013290033728587742,0.0,0.011344400843564004,0.02717346189881705,0.002554767888698607,0.036673307532992576,0.012412746795992354,0.022518357659734756,0.014811190978785046,0.0047078823745180486,0.02572384871172806,0.01222583485772647
neutral,0.2803197349120669,0.337541608152864,0.3122500051637914,0.3331929725452577,0.28307565554091574,0.0656886097024737,0.5091086978445749,0.4600904026340931,0.0360090085123871,0.027427134077419892,0.42156914165404535,0.9819469237067325,0.14932816707587154,0.21932849385988662,0.04991896317003152,0.052546105145625924,0.1387301328186304,0.06201021486971058,2.063883981378787,2.7178623817283243,1.3643845418677074,-0.06664249312305706,-0.2138534345415692,0.1042149418642554,0.027887527249985132,0.022633765494841848,0.029254034976066837,0.01316584155953391,0.03968186414786869,0.0,0.02044723537054881,0.01472254705831291,0.011668407986746579,0.02396754800214445,0.005368817124801714,0.04797511858072503,0.0024226293018257544,0.0076335156977227515,0.006406112710811722,0.022580475513542354,0.03318907337884277,0.026838089770735346,0.03914047579826183,0.009245515409471897,0.0285633790128504,0.016054023734485355,0.02296496357308544,0.0344128542078654,0.0,0.04588311132553029
neutral,0.28531987206743503,0.2439600455327225,0.17350956657360894,0.30290397185408163,0.2783475130940555,0.11627849880462963,0.36719997955866523,0.6252685402429192,0.06540887236197,0.021967944434277353,0.4436186391570838,0.8589243832093072,0.16509125680533895,0.2434906231214675,0.04439767791370729,0.018115225480240943,0.08134002071284582,0.07562889109601362,2.020493852532759,1.9774321737828215,1.634501982549473,-0.011619519849461324,-0.14459647564823205,-0.05542780119315498,0.0021246952800030965,0.01873405701698757,0.009056674057556053,0.01087918595219897,0.006222178193983595,0.012980101908052048,0.0327924322777442,0.0,0.03639049857320775,0.0341491748671387,0.02661777015910601,0.02164021620841366,0.023596309493705964,0.03850436159359848,0.0,0.02945476596785777,0.010299764607410002,0.030734717788028547,0.012023195514482646,0.0291893095013884,0.0,0.0,0.0185301830747535,0.03866189034135238,0.02697169747521329,0.026878488015380595
neutral,0.2498570053814883,0.26367122411039634,0.27012782566232246,0.28363416871297875,0.2980184836480605,0.09363604751922353,0.39515596393307356,0.43910336750077855,0.05465798263685977,0.009001357104566657,0.4292219487289203,0.9253159940503161,0.1859461132357245,0.17004108279995012,0.06838366955836857,0.04868347131557163,0.05802444910864981,0.05918748547327547,2.5700382562023907,2.0920625361666243,1.0001123978781108,0.0688155050807218,-0.03572787740467128,0.048859908850875586,0.02955577287332599,0.0030066798203338997,0.009892331747602496,0.006809351949491067,0.02971729583228054,0.01099841313583072,0.01630015573725233,0.010271784896640981,0.03493067550921526,0.008827969539057184,0.0017011992765590019,0.0011916993111274025,0.02901757524960283,0.02995624664446338,0.036231209246870844,0.003607346884040661,0.016994242126814406,0.05155489229931333,0.01606988400514317,0.0126756877718159,0.019726873633798124,0.026889360056135975,0.02667203187303524,0.012012394109165587,0.012394541238438882,0.016146019243815375
neutral,0.2588399200602639,0.26178735501041395,0.2634074966033037,0.2975846999897212,0.3130427930858184,0.08837020490854006,0.5382998985270666,0.496330730641086,0.04427304168127347,0.0133376537650357,0.47594485751957183,0.9418978906129322,0.1427174624893797,0.22063193569883743,0.037289252152768765,0.04605502327499823,-0.0005707068085166744,0.043548406053286595,2.4769897952392155,2.4519368506113346,1.2700568929257812,-0.058406931501666176,-0.11112867686925365,0.14463612149067812,0.008274900422675476,0.024520167948562727,0.02004877947087789,0.02316334284589284,0.046510638754036916,0.036959665277827694,0.030295913486693575,0.030460048831765014,0.008180973794388393,0.013874021876914378,7.6437401987383e-05,0.003495390289045202,0.00847506027944814,0.019621380426201845,0.004074886934933637,0.019490787574368763,0.017997616394356437,0.0052550257672957235,0.03983262923889576,0.002781165878652094,0.03452522257895217,0.0,0.01815096822354572,0.0044308771704675825,0.011492088671265105,0.04353200792197548
neutral,0.2615011603662409,0.2878370847112907,0.23244836307040292,0.2740435070381184,0.2763695759456095,0.11996082856154358,0.4324206941916581,0.36875983112429245,0.05485458405807852,0.020794795206686905,0.4401521958628929,0.9259099383436687,0.17767285467479726,0.20265035902370085,0.03233632206555172,0.04658668586182596,0.10065774512820938,0.03073227577082266,1.7397627506024982,2.4124770413584855,1.0587584508856533,-0.02775740896506824,-0.09940939173617319,0.039010869389060475,0.02980988608546805,0.016272225137319667,0.02393960533046744,0.00896792548661145,0.019701052310634255,0.0371019672927166,0.01807433220293283,0.01281146586893381,0.008770535649758444,0.019755983111531563,0.0383210919858356,0.0022732724153427704,0.01935107007804738,0.0,0.014664511265561503,0.023416001731515406,0.0,0.014217475891607339,0.023776752979134737,0.021704795187438636,0.02440645747387397,0.007330243723336649,0.023771400148987872,0.0121998930549734,0.029282381532512843,0.0
neutral,0.2845134460137653,0.2897908590873625,0.2995254918811091,0.3375926160164599,0.2885431676347161,0.06492247514055824,0.32642258610035335,0.501475132666283,0.05669620982736889,0.017436575308930388,0.3589733876892844,0.9590416352518808,0.18629169680203214,0.20439489424150423,0.030598328717387057,-0.032929166991280956,0.06345892485169817,0.02635524496173985,1.6440490712856861,3.0425754718926847,0.7428716368835169,-0.023168750271370244,0.008898938534921451,0.10795456404506107,0.02610616122746681,0.031790976788521656,0.032837040243166804,0.023604016225012833,0.03715882604479841,0.04318419650197537,0.016070996361796392,0.025817132103657468,0.03658532307061045,0.008794529269929859,0.016816197212758007,0.011864319553869077,0.025992713691738133,0.0,0.03867615073303453,0.026939355336558855,0.027669235229500072,0.0,0.0064781917819082425,0.03937609921263095,0.01769372368456746,0.0,0.022881088052409876,0.02882905535052961,0.02690940094137528,0.018044732210120106
neutral,0.28702091746023406,0.2730795100366169,0.26029216926823806,0.28969222819875007,0.30096760248700294,0.09268198004109043,0.5068129181704918,0.4084611379910935,0.09704872992019406,0.014193314815052505,0.46440565467305267,0.9981608433048098,0.18497586496017837,0.19230279940708842,0.03724307722508919,0.0044878565107117335,0.10879134384518387,0.04921012702331451,2.484502357196985,2.278392352859883,1.0874921391851748,0.09084508748507046,-0.06318107872830069,0.04320712258630623,0.0,0.028365862228303576,0.02719184468527115,0.032702064647911824,0.03343467150483515,0.03025630501287273,0.030804507349585328,0.02793089391718563,0.02993321310823585,0.0,0.005702720747160321,0.003578477679820155,0.03651224914238643,0.009821525753901182,0.011902791642550066,0.0200865444656682,0.0038321671874287956,0.024947082131429158,0.0,0.00469263419998793,0.022584610444265026,0.0038587289740274547,0.03688847034728141,0.020601632702237353,0.034716911723301234,0.02465291646109024
neutral,0.30294524226827524,0.38840169093289006,0.3230768191319022,0.28807791071143446,0.30868264718553196,0.11055344943394231,0.5401292679581737,0.5524449219278619,0.04514074105218753,0.007844789215257797,0.270231296664527,0.8930225270140487,0.16224670662683321,0.23513006108471224,0.07659134605501255,0.04880480162464783,0.14921595495247908,0.03762062712642521,1.6075223740832338,2.0700354737485664,0.7855933835627409,-0.000954381595387594,-0.08969059394588913,0.07433169986393531,0.005518581727438618,0.013422689307119588,0.022167147875649846,0.02176094426280607,0.011034723842386913,0.027396323199426496,0.011284284102741264,0.020130581108327435,0.005570230852529438,0.03415267505657697,0.020270850130666155,0.028824725207576115,0.004189485967443087,0.02226751422579609,0.02744033842095517,0.0,0.03518526102084356,0.003757480406553909,0.022741702800938797,0.04324013793503931,0.03241373916036386,0.0006308070464446265,0.01768554366645215,0.03603458683752529,0.009381924794253196,0.015321563352546818
neutral,0.31255773131299197,0.24761444269687793,0.2794104757548254,0.29325386138727394,0.3179930052242096,0.09947399614603254,0.5616336692774451,0.5266807523216172,0.02614031907666205,0.03365297766162111,0.4223584378590377,0.9584941673164197,0.20544627156231737,0.15876554154835987,0.025859830239909357,0.020748244005395555,0.07574792651815186,0.0862900750025331,1.8515950853801855,2.4651933738309038,1.1953214630241762,-0.031030590909957245,0.051303503315020815,-0.12295931426645927,0.03600656407497165,0.007070706713421018,0.0,0.03812765249320588,0.021046745493837407,0.030526652794236116,0.031137064081060727,0.03339011148495383,0.015087774911514617,0.011563842967195195,0.0,0.007066281334508156,0.020807964192988766,0.010881848831909314,0.00516828879164616,0.020655480274199663,0.037458246563702405,0.019271794090846155,0.005273345318844918,0.03654152128087895,0.009936473164814531,0.03923183239767587,0.016579263236355456,0.021340691398547364,0.04029160998278454,0.0024305336055522285
neutral,0.417387628583447,0.2338208112562396,0.21217913027790355,0.27192495302595104,0.30696399138042035,0.11230089408831773,0.39520075041819736,0.45163030111971014,0.10835607017147733,0.02035168481860796,0.4224693016276869,1.0,0.15905922855453475,0.16709773844268233,0.041780563243918836,0.004162684471757945,0.027159475506203012,0.05241489750243074,2.1705059232316595,2.379838397438435,1.2055346350814564,-0.08400842174169769,-0.02938931654368783,-0.011197432267617704,0.023355414920649343,0.0028900243974321824,0.023752319312517492,0.027260657023512564,0.0,0.039020508290794315,0.003934648062236871,0.005202904464844201,0.02262541905418642,0.026951084280182912,0.03010972695974451,0.027292900357710252,0.013243860813359085,0.021411296815318195,0.015883285146496652,0.022265367480020476,0.02088993657487826,0.013436188075510653,0.015486167089881542,0.0,0.03079169025558754,0.023868247590851596,0.0,0.03031108349354583,0.0193106384887658,0.007821312487302019
neutral,0.238546223977262,0.3684329792505357,0.29929855170790004,0.3610803095362041,0.306772158468606,0.11448164300209579,0.38174534753725203,0.43697780036045797,0.04754959486585202,0.026200924453597493,0.39653614934734693,0.9675663745866055,0.18946583631177186,0.1809142698243932,0.042900406372572676,-6.979404084820479e-05,0.14329214756114864,0.04470744680192779,2.206891688949719,2.3909004366676103,1.355521600289427,-0.08203401434922437,-0.06193999518728852,-0.07452202671825632,0.0,0.023938607992757828,0.0036861635037979297,0.02507911949308413,0.01809489483239531,0.0007813055898315026,0.024389317228617084,0.02291436365555917,0.0169941249535822,0.018640647492526242,0.02209964407247577,0.035316862641477875,0.01591375070907443,0.03316941543315488,0.01951314648239261,0.03684455011873481,0.016943158310013966,0.011337785185821328,0.005730205440471295,0.01956039866186189,0.009688750038483096,0.03825834843368853,0.008674236957120277,0.011029696196913512,0.027554080417308304,0.035415295376113924
neutral,0.27656149279988923,0.3846114090974471,0.3678939731214673,0.32142607084317876,0.3331981961302096,0.12146331635857496,0.35653697964987896,0.4469269614779434,0.09490322867044138,0.027203391783286082,0.39554872376026595,1.0,0.19107905723786167,0.21266738914871935,0.05655430030101036,0.03623486794635513,0.1245067666760585,0.0727442963463296,2.5647358696646685,2.2797131025715984,1.2254140398145106,0.05848362985272813,0.09528162088023491,-0.006417287994972736,0.036523115941115736,0.018289727773832847,0.0029843498392489558,0.008187573493624966,0.009085472495349665,0.014043672952136647,0.010299031983244706,0.03337837908188647,0.016401286912675023,0.036394322264468607,0.005306186468551391,0.015406803891350098,0.021355605600330025,0.030538600803842728,0.03486714794767947,0.01300187520515311,0.032914440609311924,0.0,0.031327305392142346,0.0025661545778792004,0.025806371226665896,0.03467942486719311,0.03153399441231353,0.0,0.0141859786437903,0.029320130576068984
neutral,0.34229854077480476,0.35156554027106063,0.2885144722413054,0.30685733810253973,0.31509181140957876,0.13651107008561866,0.46941794923183594,0.43518396498829326,0.0614456034044864,0.019888901220230883,0.4000174632987191,0.8617070314458396,0.19568494788046356,0.2251436514631781,0.06785652336596393,0.04852974407896431,0.09787990755073903,0.05254933338058005,2.487205876584011,2.777426245668572,1.4334895506020904,0.05506359313058919,0.024833807287069347,-0.1761285801788714,0.011254686207445673,0.011173572510235116,0.0156766117766746,0.007740575483183425,0.0028210835953333575,0.026092283938792815,0.02520715512798754,0.0232009365990522,0.024598688158789836,0.0009717479592040827,0.01375931769277001,0.016184910229475047,0.020630578559057523,0.0010230807668189998,0.007938714603787134,0.01432578012288284,0.03375771022297644,0.023404313750377815,0.03328036054769437,0.01840839522087554,0.020012855613875526,0.026487986926942705,0.01769625937884725,0.011878568713207867,0.0006327894968876681,0.012227076729717946
neutral,0.18984565086328833,0.32818376541989275,0.2836035307177421,0.25958859535633566,0.2066763175072593,0.07591473397389403,0.41412169530563697,0.3607470537875633,0.0707571909927533,0.011874321742047465,0.4008681361373192,1.0,0.183523838983571,0.1865344485837704,0.04837376490151427,0.04007043418513953,0.12180340169016673,0.03243779663732502,1.9663752988110703,2.198083323151879,1.1079936623272821,0.0668949805305903,0.11346067284256849,-0.06185255212458651,0.04374607301824386,0.0280268177755469,0.018963086093681043,0.03617891834863808,0.022450126528431407,0.0,0.04163154107544262,0.017966813785200625,0.0,0.0,0.03465991047623875,0.0,0.03753991911470974,0.02105361865518912,0.0292806240149758,0.016661516597101383,0.02680374312698985,0.024115373636095973,0.019499108130590893,0.006149296480988562,0.024660868884224505,0.0,0.032109517182043884,0.02256093549460551,0.026034554605119123,0.0
neutral,0.23097383128276958,0.41249619522363645,0.2663077434470781,0.26952013485102044,0.29439450387223337,0.07622631349816865,0.35821353484330354,0.5283509211207414,0.06539721834052138,0.025161444282045198,0.48937271627086176,0.9743335994493842,0.1479777878971058,0.21125930751880076,0.03028417234156634,0.005658839530872959,0.09817127541285552,0.04742434638031569,1.5178654760168682,2.0847292837580103,1.1558584078823972,-0.09005869633711384,-0.04551895737173974,0.05389425899444726,0.012061072764324159,0.03464135202888817,0.03686731496380018,0.005434982223547642,0.020776811712040138,0.04057532729852019,0.018255167232187616,0.014709266820843659,0.031182872483642828,0.01643537662315326,0.036521312381074034,0.012268295130766937,0.013830356856154124,0.030272034072244103,0.02130706840526573,0.021409278742554334,0.0,0.015405626741765786,0.031232486930037322,0.009811770232257717,0.02910868485331749,0.02348386768577159,0.017403703602310697,0.03765081061816372,0.015582027665294512,0.016488088550938133
neutral,0.20342712989608597,0.3251383539501072,0.28354109952059914,0.31662103739404,0.3717555124977857,0.08720848997114612,0.35508803072769823,0.4650194247081129,0.06056500509165432,0.02871609329392259,0.3623136279212443,0.9084946564473714,0.13401087440633147,0.14897519413366261,0.042720661127281234,0.01650245192242649,0.18260536665587365,0.02037979197493192,2.2090054313344862,2.1759592153781493,1.2010074771477104,-0.016890910747953767,0.007247241719858872,0.06135660549718209,0.012807933648704532,0.03345999963159463,0.0333794751259726,0.018529686529533147,0.038708455313430534,0.02988141271500839,0.0381032665260024,0.019439216231156433,0.032373383726401736,0.010012579869182216,0.008694432552255472,0.04833773332213948,0.005883665451013624,0.01433062677502488,0.0,0.009003779421129942,0.00707493766619215,0.01128622082162728,0.023898489132116958,0.027033459969483115,0.00691147617154457,0.009734334885155299,0.03408563298270404,0.0421688098940944,0.036326919161544916,0.0
neutral,0.33630042895552936,0.2917112639836164,0.2629888391009129,0.30318548543247587,0.31329781708811755,0.12893962630834607,0.5357161260327304,0.33321313278500386,0.030539832434759547,0.020935655209082166,0.5100553115847128,0.8136254239035964,0.1616749378132861,0.14416327979238683,0.026035892733304297,0.049572052863282576,0.07872457628228181,0.009160285442951846,2.048507308674348,3.2185369568939115,0.8275688197844202,0.09515257139120127,0.1668319970862903,-0.13567594299269212,0.02692818588112911,0.040380149553578756,0.019357505164194194,0.045064004156517574,0.011422459353500742,0.03879722049763652,0.035729183879965126,0.01957707517617351,0.000666345979637703,0.006977510975950703,0.0,0.027723949044669235,0.026165906619279998,0.021029826875398356,0.018404719994705276,0.037648692708225,0.023871376183258148,0.012789612956340702,0.021913967363274913,0.046617566431282384,0.028088169567940774,0.014931063213243907,0.01942185823488148,0.026023923543633892,0.014525881529016252,0.01337592104774249
neutral,0.2587044992040328,0.3251886722186301,0.2804458174156984,0.3103376504296837,0.3076087146435702,0.047243575613224835,0.21382371040730655,0.467563160112653,0.024414161964890452,0.0036073741022562833,0.3424593474482777,0.9962321264347297,0.19073477060471075,0.21315283608459742,0.05792917225973187,-0.0075649595619543125,0.13106179367764506,0.06025044414312999,2.0618179229715543,2.4722121711884317,1.305813717629952,-0.0009057576376039826,0.13671811036637543,0.06327812105310932,0.010257158895748906,0.03414247854476698,0.027346221540428896,0.020029352657172785,0.0399060732592947,0.0031736896118788258,0.014017597959210835,0.011130739613845956,0.02465518360329964,0.03537136984631098,0.007220714792649888,0.06297147487408958,0.01138416814305006,0.024688885145641024,0.020034921932620294,0.020600034676145813,0.009698650702539583,0.03387810416883322,0.008899023689595862,0.0,0.0054140333810431575,0.03878910305093146,0.03625611244152926,0.0,0.030578484778167506,0.0
neutral,0.30884236697260076,0.3309381214065466,0.2646475298234177,0.2942601318107438,0.25502262633067196,0.07423788502758683,0.5235113412008744,0.4784630346948292,0.05313004985681695,0.03262113760165138,0.308990047015257,0.9860073949394378,0.1446253014291612,0.23433621611738065,0.059528298023537464,0.048935040820955025,0.07193412944895874,0.08818671894224633,2.7495313145972777,2.6124680802413964,1.3762481552093604,-0.002178228118410089,-0.10869764036670017,0.07126252289372977,0.016075471703247773,0.0035097439806272314,0.03034527672833781,0.008048968856000479,0.037032861874395195,0.03362215579902934,0.02305789445699165,0.022330846475143724,0.03286075028614508,0.023569332300252308,0.01474199754511014,0.0003114060880875999,0.03246569648242438,0.02476370700486881,0.055823581000205055,0.018753154965517074,0.02392646869009252,0.024231546243327826,0.028459832654195057,0.0074305739568693695,0.01899620171388195,0.03075957244541913,0.01567407543054748,0.030272453669220926,0.021257307583658704,0.02522432387821406
neutral,0.26615032362122926,0.23707113058344442,0.16946172532089743,0.2967995511848229,0.3059709197714843,0.1255190335702162,0.3617034396401609,0.456860766900443,0.08384273996151276,0.014253527966201955,0.43753552314962274,1.0,0.12412757170251541,0.1981796296309425,0.07035057286550611,0.009478614784482465,0.1554703988488515,0.06109888123392278,2.6750410786616783,2.6698804713941704,1.5008671212244171,0.0920909130866248,-0.02046200355463183,-0.11614809686025991,0.023900000372214996,0.002218656757503816,0.011796995057136425,0.03323872504704766,0.03298296528496063,0.015962181153746924,0.04345591059577239,0.015398420707463405,0.026005700894227074,0.025645682251802915,0.002703887488458293,0.01856360500274682,0.05094428448886769,0.0080105304375578,0.028127048504694004,0.0049930266858384895,0.007875040723196603,0.0016142594176242094,0.032233922659789416,0.00867196108782175,0.0364774238936463,0.01309283831727915,0.021663990392383453,0.02534795075059555,0.0,0.02264744025338096
neutral,0.2375148639317431,0.3142964940473979,0.35344438271125383,0.28222492482017597,0.2629438903244125,0.09208179668787841,0.3714674669084692,0.48082803519986606,0.017604956701688802,0.029729047110032776,0.41488316853203283,1.0,0.10730074144506613,0.13725547868593646,0.07262177092841253,-0.0015856294313562613,0.041344689924403946,0.046452777885330435,2.1787623678174843,2.390349518917483,1.2461146029546772,0.027991822734950846,0.1026015288574741,-0.07676027115198712,0.02432250241864979,0.023641967464581172,0.037528822846312045,0.01981565575403784,0.019433456717179817,0.030436549363087775,0.027184576200183906,0.008262842846215684,0.01880252128788942,0.025696978278500524,0.012371234176940814,0.012990719072071406,0.001911039518865329,0.0,0.01513697765770413,0.02165471537145059,0.005759615567247181,0.03791233788436427,0.006392897732847102,0.03186289724471918,0.025442710498971094,0.048292360096746006,0.027017911195842133,0.0011984111665123524,0.03370676587474936,0.042068563854541496
neutral,0.2689329346375492,0.1540583576000643,0.26461018969460187,0.28256792356252813,0.3458932758919069,0.09778521767454501,0.418045884578167,0.40454528365525316,0.05977242850374696,0.02056868192498132,0.3447038550771249,0.963201031217781,0.16328235199552793,0.11223220648884481,0.06169040080773753,0.03719552303756596,0.10798956504708894,0.042256814854647114,2.07658044635416,2.7592791993941486,1.0437466542656524,-0.14177698155270171,0.05752160170041607,0.06882518784648266,0.03117539559043664,0.0008269806603340285,0.022186113851312823,0.020334846850498856,0.03303490484101548,0.008053917417787944,0.009472468074719425,0.0018715738002207417,0.012632452069712117,0.023320433629295714,0.0,0.01424213737347458,0.027940274588569333,0.0186625679210291,0.02097767187772113,0.00042071064492436513,0.018699407328264098,0.020372911964969567,0.017871509931785212,0.02198642332092717,0.015981369119017402,0.014071513333403424,0.006482978800063021,0.032668000981329395,0.004053441500970877,0.02205331100360637
neutral,0.2929865926094382,0.2733558950906794,0.23312982490714812,0.292385058811249,0.3172462693299139,0.10974287369537179,0.5111259932310249,0.5445245695409536,0.04524628481365221,0.021918514853321646,0.2670650045810893,1.0,0.16758453269412818,0.20955077581036216,0.042745773318784326,0.006867639078121842,0.09051992340143154,0.028210423273294864,1.293930889779303,2.887783001277655,1.2604092704880683,0.1450557659737284,0.09912915257312678,0.04074917901550187,0.008093886843201132,0.02587483592170301,0.030711141960856694,0.010990736324600231,0.02535402343605441,0.033088442712631644,0.0013014196668823183,0.026934345387195333,0.024737033199795654,0.04444585870437444,0.02724145829865889,0.01465854765736778,0.016162543138422657,0.04630411787300141,0.015386943390566387,0.027619899753097883,0.016901052835291686,0.03405640612507248,0.03469871081748607,0.019705318998641513,0.014712104622193791,0.01440209528603819,0.0,0.021307266121966678,0.021045151324875805,0.009390284699871475
neutral,0.30052155248063334,0.2285232000702698,0.3006322004424107,0.2946425246777152,0.32593463709888365,0.075629475577733,0.5391407489370782,0.567023944614547,0.053482361015507345,0.024036740100218022,0.4548724800784368,0.8987148973852762,0.16541205951626542,0.1955267356645978,0.08547065403640362,-0.015883188898457638,0.16550898219967464,0.04661853830450877,2.088807981056657,2.909811742948859,1.5319467046404314,-0.14678489016038163,0.0185656946381852,0.026609840617097,0.02549699529132979,0.03514171082297589,0.00803600061934864,0.013116912165612381,0.002418180568798188,0.013297354900384764,0.0273480522973263,0.022757890974147123,0.042452335180964564,0.04671124346255302,0.01822544260076631,0.011164102668426669,0.03508046669215197,0.036434907316861956,0.02573622571321688,0.029172293807932667,0.027138985033324993,0.007146163034385299,0.004158569312266963,0.01933827531437091,0.01738809921223558,0.023600269488994834,0.018294077244501453,0.0,0.0,0.029586595412797317
neutral,0.2325214466822109,0.2311277038643066,0.33303149142036415,0.2928254904446354,0.3190429288779792,0.11922712264126993,0.474533721315563,0.5121583693959166,0.050429275598586495,0.03363815388489135,0.4576391482083086,0.9978221596282875,0.1518444698465739,0.1978973136071478,0.01788709522145579,0.062030688196494654,0.0750669274785366,0.04151771505482737,1.6556070041140483,2.436307450428563,1.1106415929435653,-0.0530232374682746,-0.02089119647963825,-0.04463797197902391,0.043695069662378794,0.03117006003056194,0.013309535530363525,0.0,0.0,0.006658707360669066,0.0026941848809310873,0.024531974445929958,0.018115688662509895,0.020225241588633952,0.0076640151897348525,0.021976421131624263,0.0015347157490763381,0.01885210118245468,0.030793213118491543,0.015249373834146207,0.025767369712887754,0.0,0.0,0.024254363562753407,0.03361124756240626,0.016902958344550356,0.04788770948937437,0.001235825860309011,0.0111602104902961,0.021821192074661707
neutral,0.3122536689922405,0.2869285141104945,0.26207970684517234,0.31496443675143876,0.2959095645033529,0.09650644542008681,0.4363152878357439,0.38636802410384946,0.022317695540599113,0.014742976803666378,0.4022449681102937,0.8564363246920477,0.2083423410460301,0.19055323772433386,0.03136093250305146,0.06849785516406091,0.10167169315847632,0.026634895493890427,2.6108092970023753,2.9614627315774373,0.9927842943611211,0.03714998777349115,-0.0525512430472339,-0.08474119995430815,0.01580125846475435,0.014051370088576959,0.0,0.024220937576622817,0.03098689027039951,0.02853955457036341,0.020425799402789522,0.03224806778373892,0.0052405040624503695,0.04363766069486922,0.009962932613788118,0.01140690056074546,0.012522195088695802,0.011574092706866388,0.017494587265860256,0.01699121737827761,0.021685319800266892,0.009356937188563874,0.02216585662826215,0.005824445179459022,0.02952217135981619,0.02936091107514829,0.01992477016428827,0.011553937422414744,0.02404473306446312,0.008460586886277922
neutral,0.2161932691687923,0.1412998822501581,0.24684581695850144,0.2485340514256923,0.27819915417153196,0.0675598965590208,0.37990119865359395,0.36746950142666734,0.0788885444929187,0.019514705226549443,0.47528169621993255,0.9520240742085198,0.20785769768892653,0.1809356468968817,0.0779046605344907,0.034129045363481936,0.06880715516133827,0.06083511803340168,2.1088069786702643,2.3735533499962593,1.177667916228054,0.00276321850691702,-0.013663375429898374,0.21039267469314105,0.029766246543499235,0.0,0.015437774179545703,0.028874719289768334,0.02322695444529969,0.005357047137783264,0.0,0.04211204666834567,0.017567933358108176,0.03968264361373754,0.03033451574769528,0.009683023764760818,0.0,0.013992057485472158,0.019515849235471158,0.025858580280508837,0.005558578113603619,0.02231408557968496,0.022309344798537682,0.03281739116140117,0.016011508823230578,0.02575587215169926,0.023749680338864602,0.03138262675052894,0.009341164448767453,0.0
neutral,0.20158084309883373,0.2501155503317619,0.2740263836285979,0.30286283661953556,0.23144083391109913,0.05616150045486993,0.5375405528462863,0.43530536887648713,0.04992699094779429,0.006667433703345984,0.39969174326337853,0.9312164509503882,0.16144403546661112,0.1461449748899361,0.03480147520169444,0.07916052404066826,0.08602117667854582,0.06381834333361958,2.0361707153941175,2.3321761997514794,1.0429755152708131,-0.01894904084183549,-0.02078695882050893,-0.09260150911057005,0.03749321592550968,0.024849934651004407,0.009735081632144678,0.014876569786439715,0.03398679114662749,0.0,0.024036528862801033,0.026988819181362495,0.010253296467534208,0.022009725991876974,0.026530028244538838,0.00399509557073088,0.030945157640186627,0.023865421560539175,0.018011342239090594,0.0213640690507887,0.029193501237457363,0.050109514002496476,0.02792930323473537,0.030537572354551262,0.022515848798621677,0.04472146684582215,0.0009420847161352996,0.0,0.021989425485483678,0.028581848403140597
neutral,0.3186962258025195,0.30229424814866745,0.18597246354691582,0.26759828275332775,0.27579630983889025,0.11847362839838471,0.4790350829811787,0.4018938371433265,0.05433641707904884,0.00941993427233397,0.5434747090429815,0.978717870032852,0.20358530929328278,0.23130433103156203,0.06778425588131617,0.020945789339646553,0.0926014013906051,0.0725449772656266,2.1086239667432713,2.1672457863473444,1.5218603755659914,-0.20596924812095568,-0.00030920650671837534,-0.01443918069106439,0.007832937501677921,0.0,0.032906092666178596,0.01049379692164518,0.025656256894123434,0.0436237408704549,0.0021269960823366504,0.019468100142013604,0.039284319899414166,0.028864523504175052,0.017662328645202268,0.05106193406754886,0.018760873249640323,0.02515936887087091,0.041441608446831917,0.03275122642802588,0.0371823548028922,0.008305986541388574,0.03596627216843894,0.022204697182661617,0.010304874112235225,0.022885275164715193,0.02247320174603969,0.04428515053280169,0.024956844173166626,0.00984953767300653
neutral,0.24280149208274868,0.2673020497307836,0.2580619615964525,0.32180722807109774,0.27786517147783335,0.03825046888407624,0.31935259952680645,0.44861909449865767,0.0323959018997973,0.007633282680419028,0.5370915930362552,0.9914375060693177,0.17824718519570237,0.19699891727497607,0.04536003230737778,-0.017614457340857387,0.14122881145563268,0.0648982764194063,1.4573665205015964,2.5354782695486975,1.2219771295062714,-0.08091420894937568,-0.004265770571215458,-0.10770925846076558,0.015817494024872748,0.047264449402208634,0.04585368066137277,0.015092396451782028,0.017103350263576768,0.015576484391680467,0.012052679150385154,0.008030113336714193,0.02658914245199502,0.0454987386774323,0.04015106456863908,0.030259300933790624,0.0,0.0,0.03383412298443812,0.04105185482307466,0.027198550112296105,0.016027455904346653,0.037579913122147895,0.029796719034425843,0.0347867886495337,0.0,0.024463418856412317,0.043069424912733675,0.026856829596062743,0.032327181511094566
neutral,0.2451710058776407,0.2400827658504912,0.2551328707118877,0.30070339207408836,0.25169733265995775,0.11827647325949188,0.437270866329405,0.5161609176585955,-0.01357209779581875,0.02857523026484949,0.49358264607671903,0.9719273917000864,0.18090056964503726,0.21595609898010554,0.07224999452796603,0.03568779703530249,0.12390564723917293,0.07899648279791013,2.347376020335203,2.1479021773980116,1.3930621099509968,0.002909832840426384,0.009546761006384148,0.11220220338990558,0.018391623232086343,0.020432679111836157,0.021389445556507125,0.03259528227952635,0.04273508779953107,0.020317478747464878,0.042506407431462306,0.022139648066017512,0.03822818326839867,0.022579629929943563,0.013598492466054147,0.04498728788096779,0.012357497615854862,0.011487481983805432,0.0036714761579238094,0.036474477749630696,0.03954481489263323,0.024850687937594547,0.0072096492315055286,0.019911875785445985,0.01606594843689464,0.006603908237907994,0.013644409678580844,0.026574563466861476,0.012132805246614189,0.02379254048096417
neutral,0.32525294196664867,0.28981162111470543,0.30092990211278214,0.266040468195697,0.2771832304743987,0.08155366464895447,0.45196442551816013,0.5527770574890881,0.06299764519614107,0.010996596278842924,0.4061133782682982,0.9459683082569921,0.16947404697303756,0.18953750422540877,0.06336495862344264,-0.0015977925544731035,0.08616435985335967,0.06718711405062425,2.2524129013407,2.9328647096398575,1.424196348037782,-0.14210577597930676,0.1511262952017148,-0.03131292628217161,0.002312965437546697,0.023747871238935216,0.013396563841825901,0.004416652115757201,0.009740486006715256,0.016090011460103196,0.01617123109278725,0.012110447052996628,0.01982266186345987,0.05180640057256103,0.0,0.034783299925173754,0.019761133926520354,0.014307574986955817,0.0,0.029915923063464415,0.0012674225347622595,0.030762620757476516,0.04263730129691881,0.0033235510732885255,0.03518868760444622,0.020330711741712745,0.0,0.004337380885681946,0.022316946354301037,0.025215382193228504
neutral,0.33192592700980394,0.25853252970217977,0.30280037648494196,0.33217306159392884,0.3255736793765601,0.12228593038322808,0.45879676271161585,0.4426748753791997,0.058163407212647504,0.012362312809981338,0.4778466495153461,0.8734797721615954,0.16487069064242788,0.18891271549922958,0.05821939123138911,0.03972585545006595,0.15955944629183508,0.051360661991585364,1.8666545988053718,2.3952486338527734,1.1012308496573548,-0.1264553004479202,0.002853458428827427,0.06588447682784981,0.02675913502380274,0.006129013031100737,0.01771941362538408,0.04109460624082524,0.022338077702150738,0.006311873655153696,0.015582799978444702,0.0,0.019234818916674327,0.04141985769222342,0.004574161423950637,0.001071390675517335,0.011507619782243534,0.031977112424283666,0.04216028859455923,0.025826757957967576,0.0032831736255619567,0.019711076655852762,0.04326253126717515,0.015958290875493122,0.021826142567280674,0.0231272748519878,0.0,0.03297330726406293,0.031098902743453977,0.0
neutral,0.24094217235103604,0.3008702571612912,0.27054770024262975,0.3021351525894942,0.3148780628874596,0.10680835303502617,0.44852967964354473,0.4753487332708188,0.05650916231565154,0.017903330287052065,0.36981352164256054,1.0,0.16671885324412167,0.23100984983081116,0.03801023993330535,0.04430523544923905,0.17135032919914572,0.04409363647964356,1.8830975493833562,2.2879658181937734,1.1564363552238746,-0.10645212946951187,-0.08727301126220227,0.059867939700709985,0.024184327399528825,0.019480036534805026,0.014540200725181775,0.04540904415152963,0.017394295269117586,0.011938682097186211,0.030796645178547216,0.03100366539341705,0.03836236189980205,0.04506222886764133,0.024501536263101347,0.01625269480793783,0.0,0.007807931561475292,0.02271130298832766,0.0046477559946009744,0.0,0.020855762634370008,0.030097869847982975,0.01679578540344058,0.031658238835450346,0.028015578531012927,0.03494003307028257,0.048254699959142694,0.05398234632869825,0.029511724514556893
neutral,0.2335523023247864,0.35527837702541676,0.2711639488842718,0.3068137785443751,0.27576937314719185,0.06690686993521328,0.4283902094140008,0.550983406311005,0.02894118319144822,0.03612521160020552,0.35989886331143783,0.8965886421809437,0.1876091114574322,0.21037215963382258,0.05329153853910891,0.02452860186775937,0.16411840843765357,0.051661004581112224,1.9471177947421054,2.022303997423259,1.394348966855182,-0.036788015192701556,0.0055652297869410935,0.12586036681018148,0.014466185699775685,0.01573466115227285,0.03367443226590359,0.04670392133210506,0.023267314879800542,0.01821902245015952,0.019926517822749647,0.014078002298423785,0.015373984246311694,0.01544364000094725,0.03183946501405628,0.018853782296623888,0.03767106136392144,0.018488396920072224,0.015228621037746186,0.036612375053384986,0.020280150255142345,0.018356354527748923,0.020436288356607293,0.039066443671318396,0.02397901051323605,0.036243291856005715,0.016949882771933697,0.03416225079397285,0.02308990287349834,0.03147348360574641
neutral,0.3297742935326272,0.3380572392263338,0.3451785927932149,0.30314183175307474,0.3462062862338832,0.08356983575961119,0.3341556993489457,0.4284851557264486,0.08587526853039368,0.009137928288749151,0.29710993909855726,0.8639745506061057,0.20207832852574936,0.14657185824157196,0.05960803070529724,0.010157402490794672,0.06917607265408501,0.03252235930508063,2.1670445232200075,2.1653054251215593,1.159085003016304,0.07733169893439712,-0.08474575761359174,0.005756608510725038,0.02521828302805179,0.02796459604413514,0.03214616535348244,0.0221414684887326,0.006348829319975203,0.026054455353963564,0.028530647349491848,0.01763973000269298,0.016257259330611045,0.052177306009732305,0.0031903348120547598,0.02641776683525754,0.03359840880298094,0.01556355186410266,0.017809282225289248,0.014780933800520736,0.020002890067233048,0.03169340331493376,0.01742329659927705,0.060437697807819504,0.014114411296943446,0.03790769715365356,0.027071023210845375,0.021410150574863875,0.03911989422664877,0.0
neutral,0.25488388081412766,0.22988113675763483,0.194065830482786,0.3116635270657609,0.29802390349761765,0.09248521715082858,0.5088360383261817,0.4850249487011659,0.04199490636264174,0.05050923682227398,0.47125921011117394,1.0,0.1675513522737996,0.1974909736309056,0.028330287912013367,0.010085650557036235,0.07664162901467801,0.10242134181649465,1.8749448782456246,2.3616522341548207,0.8925246635373195,0.03401427667732677,-0.06447419444953395,-0.03487903480841396,0.02693840378086526,0.008297069668827789,0.03194109447734236,0.0,0.018418897228716972,0.0,0.013623331562227475,0.016266232941110736,0.0122125909637942,0.0134971885447218,0.032625187501645586,0.048267906141055646,0.0244109936202742,0.008819433316778879,0.020833006711065315,0.015394500841022002,0.03156210723977257,0.02374219594891686,0.0,0.034273161340417066,0.03256892701416172,0.03943537314638233,0.013286268289199363,0.023912659099896462,0.004597903223356551,0.019333817495525533
neutral,0.28873600489485535,0.25660850425158627,0.35266851311570413,0.29296671692697146,0.3039854617403407,0.06332741876919676,0.4902373080829299,0.41304073759826176,0.07871632908425626,0.006888537644671381,0.43014878656949046,0.8408971904093983,0.19847604295141993,0.18475592077684863,0.05698868641008105,0.0019951244110733846,0.06202803605110537,0.04239619549293028,2.162403897476444,2.6676554262869647,1.215907227327492,0.03175882700792363,-0.057245019422567316,0.02738719851457595,0.007822109619465048,0.04388983243308168,0.02432658294795352,0.011909261388530172,0.025514862667164292,0.02332783462706723,0.01772066793020694,0.016193747556091143,0.0328033259736179,0.04246201920901619,0.0,0.03599696248777967,0.02025908380428602,0.02307697706975912,0.037571350291085465,0.0,0.030592262320306866,0.03667246180254747,0.011047982371548058,0.0018786105703034045,0.04131907461034427,0.0,0.02544244733993769,0.033300408503088144,0.025155787068244832,0.02734022366991489
neutral,0.24989488841308113,0.2818483797369425,0.19992811901214536,0.31731120339785557,0.2255778487761092,0.10907038663433202,0.48540757619270636,0.38842467082529575,0.012981015830271926,0.01591830277963503,0.4447774088123997,0.967284955769509,0.14665400673329979,0.19317043281933866,0.05458424379369085,0.026587102404906165,0.060536347323218616,0.05272479777918477,2.398267128864881,2.6527030489885863,1.2357123043429687,-0.0212015683659736,0.04164486226941777,-0.056677487668291844,0.041354873380150765,0.022181284677504173,0.009055182077706848,0.009096356008982339,0.022288353300251147,0.00131193618292344,0.01595722265451367,0.02603425747118851,0.035224885035984844,0.0,0.02128800904659408,0.019112930525557202,0.020487574114072853,0.0218403515726202,0.01958832903758072,0.038098716356916806,0.03617195731357416,0.04786275945141549,0.019862561407394088,0.014661037026658576,0.007419093893534913,0.013247303079529073,0.02928942472581447,0.03129082614998751,0.02878169168025172,0.011361920131237697
neutral,0.3536592826644914,0.3010379545077134,0.24190485516660198,0.264465433197725,0.279332417539727,0.11044079035087034,0.3795038304618381,0.5704668030327859,0.04376418594197668,0.027004464584102765,0.4433797764146684,1.0,0.1668608895355733,0.19318246801836275,0.025475596363330046,0.023094446551695028,0.14560046252317052,0.05384075461023734,2.8516176003725633,2.6461904930525333,1.0605641177833565,-0.052725992596427906,0.17608176396994787,-0.06655943875536655,0.025924941724080223,0.0009758675653888521,0.009613247771025185,0.0041788803312838435,0.020209441559049114,0.01921319868145416,0.03566642545350555,0.0187121096531596,0.0069672427723388684,0.040271130303943914,0.0,0.02050005226586715,0.022828897389455014,0.01986626200380163,0.02650119444507234,0.021438972832449076,0.02649557960949294,0.012171149154950925,0.0010323187429215654,0.01939740729279828,0.006655179211886023,0.010529177057628116,0.03509925613326206,0.04025397134169189,0.03485517939399512,0.03244596041918217
neutral,0.38126950330247605,0.23225873926754026,0.3149756351980827,0.26207122132052163,0.32035046280398327,0.057022353755073106,0.35595043017061534,0.350596654203692,0.057563960031734085,0.023545251572362754,0.5715335296314179,0.9454354742771224,0.20317619116426344,0.19482610180500032,0.06205571604939882,0.024309904473214045,0.14398467488967379,0.03157821347718866,1.3045711864804925,2.6075696785848232,0.8278657703122844,0.004796091935560406,0.09138995764866875,0.028449516099063207,0.037052598287382055,0.012874452335742591,0.006502921564167862,0.05510676102214364,0.01976014980996759,0.017268623816283517,0.029723680126030386,0.030601033595024738,0.03480864691009937,0.0026713444994452724,0.026969388162577528,0.01618858142270225,0.008026629791790718,0.020625467024027556,0.0,0.03199810283138004,0.016221212928998648,0.013792487571960662,0.018210177363318925,0.017822282146732038,0.03482886380694279,0.005755728103635373,0.015031319514603191,0.01718476329016026,0.0061529326917061575,0.02207107480625852
neutral,0.36045830414253843,0.2825178793817204,0.2746291539779907,0.2962657331788368,0.2845214737182579,0.129252435532147,0.4572888562720297,0.28115534402029063,0.0859686186385982,0.029538349160358454,0.44211206934518094,0.8122296544961498,0.17991155031938386,0.21680283946611412,0.05664123935325964,0.02615454052726405,0.13582050736221524,0.0524378951542268,2.491177925049641,2.5110631850598293,1.1751218700485409,-0.057909863556475094,-0.12638538039156771,0.04209819252535505,0.031601377951566166,0.014818369893140365,0.005735852022508111,0.020049417738575635,0.027674868819252196,0.03202971292745802,0.032101693781676204,0.01910757373200813,0.017772189279249135,0.012302492721569648,0.023248388701744914,0.0,0.020295870074054607,0.0570458489041918,0.00044977563894618364,0.022038862899115896,0.024911865276009817,0.026584045556842975,0.007433640604723034,0.02670262724390051,0.01305141474193165,0.001441415009280328,0.03237544500828811,0.02863999252195973,0.007434688072536418,0.012930632797159836
neutral,0.32159575723048395,0.2627043026215431,0.2785374707969459,0.3034409391366948,0.30733175575822325,0.06631177001407726,0.4878544564398137,0.358898187268749,0.07044125640343693,0.009351198296981856,0.308992387593429,0.9485980720101109,0.17848484327348413,0.19311239927959703,0.034377124681276613,0.026084531576838703,0.11187966721161681,0.0703999828455083,2.160135634596997,2.2237294616801697,0.9121405541179124,-0.04640099344331384,-0.1479226175075041,0.0609943790117294,0.00010660816339735923,0.024198715702178457,0.030311585316747325,0.00842713422089989,0.02331842677488582,0.017735157153085414,0.0293374779623075,0.031258999852969475,0.0,0.03341775107612163,0.02327856052058456,0.013092372251672663,0.013454983114080254,0.020412716254281305,0.013451265739976737,0.00781895274866483,0.010798630509747395,0.006477894645844128,0.03750538980527847,0.02072676259851585,0.04928696019535009,0.02482399281465851,0.027655807303403272,0.006199131529550813,0.01716328382850405,0.020944986994261127
neutral,0.30286750950946245,0.21047884567128444,0.2947545268750489,0.31659045547336867,0.28229169479574623,0.08270215498229481,0.4842138583549833,0.25058573000409706,0.05006253411521277,0.036344279046123015,0.21825484802964523,0.9911437433336079,0.19633267343304867,0.14685697512374998,0.05910855500840537,0.05004259688292792,0.05293531203220297,0.037623574072748946,2.108484810958329,2.819070480303286,1.0604342140237284,-0.050979891129237204,-0.04183209238915338,0.03361182659033473,0.019452820470489764,0.011356380888986111,0.020319249171064313,0.03360681678820972,0.021376658885802338,0.01535303047032453,0.019574162942009064,0.009591867735496917,0.007072903079653921,0.03564443438134465,0.041290224916922774,0.0,0.027567683428916894,0.031166135129378894,0.004248093284663083,0.01386718312225524,0.012498398640944626,0.04471230788539911,0.041481852812974264,0.008024701431397892,0.0010297745564274985,0.030048700502957208,0.027071317761698833,0.03617191551550422,0.0062320305659946795,0.02940603326626977
neutral,0.37883213615438155,0.303264472166003,0.26367229570307094,0.3041380022208297,0.29698444629325754,0.0711390915666165,0.5991791419601082,0.5739007785018043,0.044710896078788004,0.026998807319481566,0.543600053914937,1.0,0.17077825776758357,0.18736128340904626,0.019943147173289755,0.04324315529634654,0.14971380936290413,0.07186985790832576,2.327838087163497,2.583010846468124,0.9764025458780452,-0.05854073770440131,0.05608471473060253,-0.0029695466938322924,0.02415622405149703,0.01178839410182747,0.026827332557333713,0.010069739492868702,0.02674460837647892,0.037200604372273544,0.02490297154623748,0.02426996362423337,0.03186934965878002,0.043014350499710925,0.018605306644831458,0.026773286113310632,0.03964602352724182,0.02870075513319171,0.0,0.010696958901136628,0.029763547305855675,0.014797755476790289,0.03872461079265599,0.044153012177326936,0.012326812840909862,0.0065774652845825305,0.015304629458501322,0.014554075725714532,0.03996914774241889,0.006540652562348731
neutral,0.30269567409452797,0.27156501823891127,0.3761467848568041,0.2926423302488591,0.32844852952417564,0.09603161997349884,0.30726801106215573,0.4291026899112029,0.04531148511073322,0.018566048504237796,0.3537782942588946,0.9812885175940154,0.20211268447029143,0.18082543271455018,0.044501228429765075,-0.011520647878626635,0.11017449338147647,0.07411358941596179,2.548050567981203,2.223821206546294,1.5263792851329863,0.05939441642198803,0.12490541463124696,0.06553763439596035,0.015291771788422599,0.006792783919893991,0.0022959979619661813,0.006008518948603421,0.0243387476139238,0.01665296637802051,0.011783897651893619,0.008983864215847617,0.005880473062197062,0.008431705539857325,0.03320011773409083,0.043443374701151706,0.04424708350765209,0.028932130066526788,0.013600411568521542,0.01131842466966566,0.029829817753406346,0.01679734337064973,0.025354915097150477,0.04509569381411494,0.022818771521222542,0.04961206886360388,0.005350627383489463,0.025816491291464974,0.02407857476728058,0.007206943472826922
neutral,0.30138707257545394,0.18119444525526246,0.30480346731171765,0.3222587874448125,0.2929444200717103,0.10537798188583614,0.41253445984746084,0.4396385903884992,0.08052460955937872,0.03389023740201637,0.31105037546460235,0.9244338807784341,0.13234636524469295,0.2451497277645462,0.06523864159105959,-0.04003010199757541,0.09741860950162157,0.045039466237372025,1.8543198431358097,2.84119468718124,1.3464631790151675,0.06413244364537539,0.13777289950660773,0.17621358537848741,0.023502870925862063,0.011658518260242763,0.011767775619533884,0.020571047759124706,0.014057227353804932,0.01992432109647798,0.027255054250387156,6.41299779631753e-05,0.010143604305589738,0.019561991509356513,0.04034948366390784,0.03098933615009428,0.019953407667409596,0.025230013192494054,0.018680449719702077,0.03400390906004129,0.02563879096812977,0.0366244031769825,0.0023805971287378658,0.00951952297881534,0.023569427376260776,0.02641564545269502,0.05120439985006554,0.0,0.019570021719270393,0.018987014140858436
neutral,0.19659125528031712,0.3597554912583975,0.35830487726936333,0.3078922370159661,0.251467042563655,0.09620952560865909,0.48632641906302937,0.5272327035388206,-0.003113433737466788,0.012308954523323336,0.47686114880089614,1.0,0.19291582297989418,0.22445536640860816,0.0579674222426106,0.04889254274341864,0.10580489100529841,0.0583990995063188,1.702921957150486,2.722606817904646,0.9295670759891173,0.019027088993632243,0.1559934559159658,0.07010204914707743,0.029373208857747635,0.0142932205192387,0.024809847951530736,0.007613642632109164,0.013453093563709636,0.024783621951945705,0.02980631123226319,0.03421928530306656,0.005049042370081299,0.00048527334405499764,0.007321017685215897,0.0061470931049620245,0.040368776072825685,0.037422705260743525,0.007043982468604227,0.04223401811908562,0.03664648236570606,0.0,0.006606979709387957,0.0,0.018874438609751725,0.020226357612739682,0.02020201801230175,0.0,0.0014458938562369149,0.02338201338572699
neutral,0.33316548327581874,0.21633363270361688,0.2792356433781971,0.2604136985678355,0.3249444586157996,0.04957543598866369,0.4264044270514377,0.5228737481838227,0.06830085814926583,0.015358876293916305,0.3510922500068798,0.9383551737625545,0.14131946751619362,0.18699977760501774,0.04854967061757637,0.007461522306848737,0.14001390457871646,0.03126653658270941,1.5460740893915288,2.2516919366326666,1.182815566119111,0.04977779889201057,-0.18178301666069782,-0.10249056142662104,0.018612532662295893,0.018034893792719442,0.005357261330797784,0.007226980226913723,0.013651499648294286,0.012626434761960289,0.03427511235133525,0.023430906095282845,0.013076674596403649,0.03423516974927114,0.02580162165134284,0.0023519331584626636,0.0,0.0027589503828938274,0.027734150039136582,0.031589305709567514,0.0,0.028562374805017117,0.02806961797408407,0.03813554295175321,0.03235512389811457,0.03757447208403135,0.026348756850948302,0.025913984567405308,0.015615300365607283,0.03066333272399205
neutral,0.3532271727856529,0.2551472147706454,0.3302622147215231,0.29408464206907525,0.3296117680902169,0.07996619735658113,0.506262796779091,0.4426113227495924,0.014446964418168291,0.018467023862248126,0.4925197854714054,0.8990397540175383,0.1354704768636839,0.20196227569796293,0.020638533210128224,0.06690064882692924,0.16152641459591222,0.06816990573503794,2.096349603664885,3.0784097795912673,1.407562334968303,-0.10659253764405473,-0.012480968588843632,0.04319068306597388,0.01307465499629557,0.038704868351119096,0.008148244480185276,0.01743857187362982,0.0,0.02189700893824639,0.016171389544176636,0.014121400755072337,0.01784649597686926,0.012465911764230477,0.02054176384953018,0.03668639819035964,0.00619591335380861,0.031212856366885873,0.02279814877880334,0.02486364363262259,0.019600784785489274,0.010673798608757317,0.02578322806640155,0.026744910866505746,0.009593898538231492,0.002599310866737422,0.021109003482284592,0.029811370971419626,0.03306617065185284,0.03564320190325125
neutral,0.21535480770022747,0.24450243657725793,0.27723122693555297,0.2920008325820402,0.3027602788015471,0.06562906895839998,0.36076112911639546,0.5101085111817295,0.02499965979473956,0.013238179786295469,0.40665250086433774,0.9034406394252894,0.2131898978274228,0.15229509620428058,0.050026669808991356,-0.002457550899848643,0.10624749981885483,0.04129437363482963,2.092313143825895,2.911033545716709,1.0335098536143605,0.0297112667296783,-0.023689141184569783,-0.00017235931734997415,0.010954985026369678,0.015893288416272293,0.03916225195018775,0.01883334512369871,0.03604463392214786,0.01770015150643834,0.035465281302732195,0.025296090219268784,0.027209363761698784,0.001335014069640865,0.0,0.033912619656366605,0.03375102838219896,0.05147891809314109,0.0006826108508093398,0.02631539244492162,0.0066903273680946704,0.010372185351187843,0.013470799823391166,0.02497061553197863,0.011367661049826125,0.020437530496915296,0.030816445087451072,0.03466365311719588,0.02900366115280626,0.0258742850600965
neutral,0.22535272906941123,0.28619469356712984,0.2240647804635027,0.2987616543992454,0.2683886923052463,0.08998591154500171,0.3976136414160741,0.3882667527235569,0.04737928945766784,0.0,0.27382648423815226,0.9901856319495808,0.18442436377526877,0.16829900169580303,0.0670433088537819,0.0008246759013403812,0.07681226738031456,0.036290757685761704,2.719651100485514,2.5387509048009917,1.1960108008495216,-0.01133069434695728,-0.05120387036505689,0.04312092247991987,0.026063212813074138,0.0,0.012277889912680355,0.025914829200053315,0.019946589707506568,0.04867044310417609,0.013042509524181845,0.03226137960983638,0.030478055775340136,0.021856671715131403,0.02421724474523246,0.016227394809401847,0.0,0.024539386823095567,0.02556956893672005,0.027613392854377868,0.020820252286969747,0.032615214019533253,0.008742130019978202,0.039089038907988746,0.0071571040132984345,0.0185980904608533,0.02885135879799295,0.013305609767836412,0.029737066359471917,0.015543789272598661
neutral,0.39705590744033725,0.23633312469989462,0.1611221689516677,0.27589091222884693,0.30393887665731506,0.09057867247799192,0.5289396135359484,0.5261192445135677,0.04044826649487972,0.0031777208718561795,0.3101795676021932,0.9483898809662469,0.1330647125572319,0.17896635448652298,0.07487279876846963,0.030284994244573024,0.1018267172252631,0.03178647916395484,2.159064739268509,2.35240713972595,1.203909158071553,0.009450642137896665,-0.016301569947891913,-0.0461452740236321,0.02945227176077129,0.0316756075590403,0.02167557794891924,0.026654998076634302,0.01334425142996918,0.034723400352244596,0.008467391005072477,0.017302911460726697,0.036076030282003416,0.013738388492670065,0.002569786322805804,0.014660246766839578,0.038092545623263314,0.0,0.021331111327453384,0.011757954143799144,0.01782075667865094,0.015468927782617577,0.032486282272352084,0.02069950469940032,0.03313695197947665,0.036693709127489114,0.020388661072687865,0.015326528050106251,0.024903390682731015,0.027412430387495232
neutral,0.2581418798699045,0.24407086116197482,0.24746255190880892,0.3376692255363232,0.2890802241128875,0.12859396271423287,0.4601545600691051,0.3622146167512248,0.05572304199006751,0.008120804403901661,0.44250019429555565,0.9396113324028843,0.20565545523289694,0.2330063754999864,0.01963146017653669,0.006165632874476979,0.05162159994641389,0.0877695713028592,1.9568984719208473,1.9535451242610777,1.572222308008948,-0.09226326083129224,0.02124574275997906,-0.020284770033760734,0.010561053080265339,0.0,0.004940809906935999,0.021861485416815773,0.020594716573501964,0.009131966229047415,0.013694379167426558,0.02069005333302786,0.037210865342686375,0.024332626226129438,0.012678843907619522,0.017030473826134002,0.030006229103483873,0.04184086952949895,0.0056400880591083655,0.034483424042983754,0.015933881613574705,0.0,0.0,0.03734427014187664,0.03889364544217735,0.01260192727509363,0.01724211956324569,0.0,0.029906532294318135,0.019631053714452854
neutral,0.308989827363764,0.22369407380134965,0.2975275967566884,0.2804090257863867,0.2290290242164575,0.12490403264837427,0.5314474151560339,0.40956178907715246,0.058232751362068444,0.02438177951480109,0.4329342616493268,1.0,0.1925039442036069,0.17927028617532986,0.057488532863695284,0.007101559778787821,0.057377840043311944,0.07134545595454433,2.273602158526911,1.7472386261209323,1.034205553780359,-0.12418217988548909,0.018426668197630867,-0.11115486048499017,0.029849332812653628,0.0,0.010211868497462044,0.05459962503572939,0.01569590947933395,0.03407501924507067,0.03950607097732932,0.008189533417278764,0.023462748741360354,0.04676466548302722,0.025973821574169578,0.050751742977686615,0.011720408981462357,0.04336226200779295,0.020216761847988967,0.01574275912889614,0.02832052899018632,0.018551039984188153,0.018900606011195645,0.026307504048659953,0.0,0.009617469589507883,0.02939435978641313,0.03288989548048651,0.02464396020919989,0.02358631715241385
neutral,0.25350735251756473,0.27612968770850516,0.2901810641764843,0.23671083745952953,0.2622781929208621,0.09958348809773494,0.5285184056760134,0.4175244041671997,0.029993297178244397,0.025286684468694358,0.37703503196467575,0.9940449234276739,0.17336022739125423,0.1565435242183415,0.07486043480765162,0.05711782798360808,0.061780820895882015,0.056924812976229075,1.9938324522941404,2.683696707848301,0.9988733248762255,0.032187369824133324,0.0862018577266316,-0.11409824030876077,0.0313339486318737,0.035534369314974015,0.007684544396349333,0.02088010190733369,0.03580754506132384,0.006982286223962152,0.011305254052864687,0.02860259408271262,0.017911041309227615,0.0,0.015837145103468564,0.04270372609235734,0.04681754841698178,0.011717876647320163,0.008127077502421327,0.01404584456072681,0.043424705476038813,0.030947218132079388,0.03903310672369196,0.03298286283967645,0.00284826560507441,0.007664978214915045,0.010949749121678077,0.013214329017844865,0.0111820090916552,0.012694456692087751
neutral,0.29309559238816063,0.24483362428223618,0.2898000214772098,0.2546606861059151,0.2306448837858543,0.11608030408257017,0.5289190295565483,0.45559003013213767,0.038260831703704576,0.006581297939652236,0.48168475210732564,0.9746265065662484,0.1887352064594089,0.18985528648314232,0.041782512421322734,-0.013398486739342779,0.11010816613393817,0.04057581403311608,1.9622126612538058,3.098486776339138,1.1511537596116561,0.05123922640215819,0.01222167137283486,0.09758224625363351,0.0,0.01303904023564395,0.006981127274953314,0.018190143892908423,0.0014823788267934526,0.02563721115480782,0.01615113514727315,0.01381573671498874,0.02194504233786112,0.0190034609787737,0.01824876954503246,0.01708557301765357,0.01973591518415352,0.024461288931172935,0.022833613860853048,0.03464943452110959,0.012893035544191408,0.023095636622862813,0.05179932699185549,0.01946760284890377,0.019971663994622236,0.0035759796377514558,0.010728263719178677,0.018617240548303784,0.026934897256890446,0.028439121634667233
neutral,0.3054236650417209,0.2806943577006125,0.28649456755392244,0.2891304359392987,0.27140908981321143,0.06962117579668456,0.4748520645314354,0.48858350469385425,0.04611289171688997,0.019851864756440726,0.3495852490356842,0.975153087586913,0.18181876761994342,0.17903158502372146,0.0651564594495016,0.0393505833240225,0.03856524210790601,0.0508601333617106,1.788573187263328,2.5026694058996606,0.5800603101334474,0.0261019179007258,0.07236882124960611,-0.0799474365188453,0.022562872970081436,0.029255789670934847,0.018559711457628643,0.004858659428263948,0.0454328141711145,0.035027486924408636,0.013096201987150183,0.016606690398898175,0.0,0.02615420862796148,0.002199896960933711,0.0286627506681564,0.03333724500778411,0.019086571809725523,0.006162101030770289,0.03623721754709308,0.020028202937536276,0.02121192993901782,0.007890060553812474,0.022509701198574025,0.01736213655723474,0.002729658544397072,0.03741989970438346,0.04286862636911612,0.03323663026231173,0.03129483141830624
neutral,0.2584515041659258,0.29548842710268247,0.2647835603926592,0.2694002307121577,0.30016969014632505,0.09764050633222306,0.5152026019297858,0.45345186610729327,-0.007136834348003961,0.023854680888474075,0.510724978025349,0.9514463647058046,0.20960875873441567,0.174846290248107,0.059900608556656604,-0.002337676577595097,0.09014003905253119,0.045824016728835515,2.254924281305455,2.138880803586178,0.8904611996416947,0.14120833284724227,-0.09427479741201497,-0.08476027298914636,0.026111458348167412,0.025622830298056697,0.021462324893920574,0.032127548655886774,0.017365699898341483,0.023657542692125277,0.015451056330452347,0.01663804874118855,0.02442281347415429,0.049465923875884284,0.02964986886819469,0.02713192024577184,0.03005471229188582,0.0,0.024149311903806668,0.0318361579940393,0.02109754595563274,0.01943871161059221,0.007780794418049049,0.014365664897295117,0.009164559104078516,0.03299358898908358,0.03952168125110635,0.04515585891610334,0.008950073078554813,0.011310638014333033
neutral,0.25319426643339205,0.32547283136276484,0.24267256707820714,0.3315924065929079,0.34102403551882193,0.10712741227234697,0.5452576410236987,0.34450232711198786,0.033254402862520904,0.021894165482258383,0.4156263814336622,1.0,0.15003463950584253,0.1738913327924022,0.04851279626221251,0.0044414241466879546,0.05829494853859854,0.04166036721177728,2.0202038995939033,2.996448035642872,0.9722773287919273,-0.0599756131246404,-0.09167005184564322,-0.08019345536572893,0.030597399180656584,0.03653775939591203,0.013336269561706015,0.02337861032225296,0.027487172118564895,0.02534306014024088,0.021067861876795286,0.01117526309346005,0.028611935691242762,0.015132047425569223,0.020372462138862388,0.022285637992959212,0.031127859930734986,0.045063235675372446,0.010408793433899853,0.0206834713720086,0.0007025792255117534,0.03925874501057719,0.020570042796284386,0.016104192112907936,0.02067893877668119,0.021335925655933004,0.01048608698543665,0.03544361286591572,0.028381616475767937,0.03019421448236517
neutral,0.3215978102692921,0.30608818172858704,0.23956039867152223,0.32003283200104193,0.27083637228520085,0.08345952287919817,0.46222356021661176,0.3592108255836684,0.02109414416549503,0.03552121547232495,0.49563861827489886,1.0,0.19351718712382196,0.20934293068776916,0.047288241382914056,0.009486725049352312,0.13487662057779548,0.07383459994664428,2.3556623863425266,2.1329702819811773,1.2320588200733544,-0.05440077002411897,-0.06607023561129981,-0.009084057248333695,0.009988042361561119,0.01578150187840152,0.04127094641532654,0.004405448165266354,0.04819305574066336,0.02714394655817417,0.013940534043382136,0.02088680957877251,0.011095462559734927,0.01289011778603854,0.02095284531584426,0.015724027446152797,0.007871420780548146,0.01712166365573681,0.002910007886401618,0.0034664093996535847,0.003333300705298102,0.04172721981195313,0.025273112048904933,0.027746141681438893,0.020146392577225457,0.02658166774182243,0.03528599723665706,0.02530165242032799,0.041324290344836125,0.019516589736176926
neutral,0.2822225301856965,0.18424609210174028,0.27324651927573906,0.29162647292938315,0.2898315462271147,0.08981215240651506,0.48967800463415084,0.38134809992808427,0.10579970858569449,0.025674811638447058,0.3437924098999304,0.9823608057774575,0.2098455890817932,0.20107352477183038,0.03239838904398198,0.08711861005586201,0.12557897662070883,0.028167357627462912,2.1679624039648844,2.3668301431860805,1.1611826137752415,0.04791300469135724,0.06336118195636406,-0.07456361188206385,0.004481685670576567,0.020706244496356777,0.009193714097034712,0.015455987186367807,0.02503677183487687,0.013803775723339302,0.016224516855700293,0.03066301152327735,0.008448237273642824,0.011570528172860712,0.003690336714836387,0.00930277547808537,0.02167861498324205,0.028313030290577045,0.009519827010703759,0.027927559647515608,0.02136779879840991,0.0020261652239408103,0.02226928477796408,0.03552664395571247,0.0,0.04606767128226828,0.01206326280441207,0.0,0.021799506383694836,0.03080413145208649
neutral,0.2906940027645386,0.43508935440480856,0.34576079010594385,0.3015460595724237,0.30874611762258364,0.09201413251584897,0.46934229158028595,0.4935207317883289,0.03787550165522179,0.006200286767190236,0.4924895076866528,0.9986741146835528,0.13748733246033956,0.19512973230775152,0.06797377163620143,0.047711857966535105,0.07224119261494846,0.0671870431307949,2.1049066101129825,2.59672562370979,0.990813493191522,-0.022434674318467147,0.028043934173734363,0.169578943089965,0.0,0.009894729315770985,0.026975502317677418,0.017329380207661806,0.02845248155700275,0.034379945425498805,0.015703231433675004,0.014423664141517283,0.0,0.0,0.0025809155494087507,0.027236309577564094,0.01583310405831973,0.01305495131108518,0.01156630572589765,0.009873247080609849,0.032004992537695676,0.021213505761953088,0.03288725137892804,0.0,0.026925535320851113,0.013710692441889391,0.01634085241509428,0.03758674063132471,0.014931952048920116,0.026394654292541973
neutral,0.27701982683711623,0.30004124401873244,0.3375314720180252,0.27546318424750077,0.28413107823422507,0.08389696057466921,0.43031420817896204,0.37529726616671655,-0.014716551393229249,0.00957287738289566,0.3965726589054052,0.94259496273008,0.19656358268302818,0.21526581991470622,0.042132840045390786,-0.027572179315320997,0.11612877242129033,0.04982834089606132,2.016006070194347,2.910710454026301,1.2429008259285819,-0.08143563470560303,0.0032499140599539524,-0.12729973941143444,0.021597691301346256,0.022130494474882988,0.031046179981630763,0.01103581187995251,0.008557147895362709,0.01695624502058936,0.004686834295435538,0.019409553491847607,0.02126036620032657,0.01910557698802041,0.015301570106986134,0.04148913544602989,0.032228594824454566,0.01873718210904073,0.02120936321889114,0.037892477400324656,0.012400793469357628,0.007447223458027959,0.0229496642149726,0.025380774080077252,0.02635057238469243,0.030761105486535177,0.010476494455949012,0.0016901541252743353,0.01240062434551956,0.027563936414733783
neutral,0.25051163291384126,0.19019135167614726,0.2838714693761427,0.2884118186647119,0.3502794816442019,0.1022210918524727,0.4954215576545199,0.4486646912725435,0.03207409850682731,0.015123864521234497,0.4756671105196852,0.9873894475058855,0.13534113160265182,0.15254181431195066,0.029121171880447164,0.05180299232819015,0.03074504157528235,0.06376353841062136,2.2294661451213766,2.505421940242278,1.0729690800410376,-0.07375173443754489,-0.17404515418376418,0.011541555829074427,0.035452020285722766,0.021475085689467686,0.0012252854587713156,0.00425280656887201,0.0,0.03560434459388973,0.038515315749217016,0.034121594674796696,0.018139268061362724,0.0014570766101854801,0.006297852937145427,0.007144648377327133,0.01940599081875145,0.03803675551118483,0.03798573369544667,0.013651629817137058,0.0,0.004829122361507319,0.03545181170741434,0.023011173265465312,0.015376599240329828,0.014470247091455942,0.010238937349483179,0.004350946451302101,0.046936824381528575,0.0423402821602711
neutral,0.27233165745037374,0.31266340017373473,0.3244395585920815,0.2648992310550365,0.3384065395830038,0.0911709482904385,0.4971130141592989,0.4297364209590374,0.07767470513134009,0.0,0.45168334103322466,0.9084040249405219,0.18220392898094337,0.22734108876339204,0.03594487542262937,-0.008800379156936919,0.08512085964108469,0.04238626766871016,1.758697148454145,2.4901176108909358,1.1891033747158353,-0.06574930207796927,-0.1578484508343167,0.013521467596390958,0.026018850140999212,0.009345582098030224,0.007727969171662756,0.01845824238442204,0.01681440848410207,0.01706409332865641,0.010806014904346297,0.024290519147737357,0.007747763852266193,0.01841172695496627,0.016017210430324648,0.019565043622752763,0.03540850764355683,0.0029114999490149444,0.0,0.0122755111489098,0.0050330214295873955,0.0,0.04270255868915883,0.027276233059328345,0.028673041789713402,0.01628891828114434,0.02547062623589947,0.014505674844840832,0.030586172277528446,0.02245785189867518
neutral,0.28870120915271,0.22646032140685493,0.297481927914091,0.3146712197248909,0.2956587043604105,0.09869742589266658,0.3673682508647579,0.45752336259875365,0.013565559600716072,0.017492244552369963,0.3531474057444916,0.9991453106684446,0.2264982960255514,0.15567027023953747,0.04991914267321681,0.010689218966234452,0.11857753647346064,0.05168422903891506,1.9741029807482473,2.485390822156152,1.1205041685394623,-0.002922030177430744,0.0035035285667297583,0.11723596220499839,0.04065874982368732,0.009682610285717999,0.02334732718524272,0.026625235136276727,0.025700203850467,0.016127436131241756,0.03778756114707544,0.0,0.005778828474087642,0.028626409244169055,0.008558601100646825,0.00779937070493697,0.013926457404619832,0.009786636762547325,0.0282821571375046,0.03175726219583966,0.021148099295777118,0.03371014282335115,0.001976351497415676,0.02098654019895499,0.03752339531599515,0.032699125446484394,0.03867182304238212,0.01232940636012914,0.031923467717445184,0.014451910208578531
neutral,0.18350029380804628,0.37607339812416973,0.3053826153813619,0.29678761324314223,0.2951397826454868,0.04759520307661672,0.466176668177763,0.4088811922170123,0.05157424547171868,0.020302928906349563,0.1635568829269765,0.9744982528627408,0.18566908489695788,0.19969810017356024,0.046790154767987806,0.021467701149456717,0.10691233663638872,0.05479960396804781,2.254565515526842,2.5567429289717674,1.5003501043334078,0.047612232309931904,0.11797891397838704,-0.06352540964727461,0.010561805275320692,0.015125590133730039,0.04200843359978703,0.017990166243351185,0.03211129215984166,0.021761563332912945,0.01703844612693412,0.032821226902407574,0.0267394932461226,5.7872112307053025e-05,0.02225541118988897,0.007064198233141094,0.03652498381628956,0.04279667053968357,0.044361638599882486,0.02464767583147428,0.013999620571392493,0.02418285849573082,0.007783581023150313,0.05049148440574978,0.035526641400573156,0.02395884256419615,0.0329616395417154,0.013607586376802283,0.005596544814368089,0.0
neutral,0.28067978042313757,0.30464203358458514,0.3221763368257628,0.25619456688949704,0.32606699130069944,0.08983549366606232,0.49011236118957674,0.529222578924159,0.08087282723062905,0.02129152816327548,0.41249330786716687,0.9945956116011896,0.13496471518765,0.16145262835158983,0.04511300725961642,-0.019983822329023345,0.08913132943845686,0.04428889342513314,2.128309640632381,2.428526505512117,1.3567601294109681,0.006644540911970765,-0.01873389813748428,0.04154314248745249,0.027449061028410455,0.019076593419310388,0.015667589382601065,0.019381744571163744,0.019611806442187647,0.05274383178150742,0.0010521462342345106,0.007958424439721811,0.006051962848965075,0.023500531889750095,0.022985753506218634,0.012550066684578177,0.03164952967257226,0.02480553923780126,0.03219530409073476,0.03564490658784192,0.0,0.028913016762276422,0.003229213858840195,0.023242364120250207,0.019052351933343835,0.019607221232085414,0.0043399226621309295,0.03339632497302796,0.0032235652943090574,0.02975693694784376
neutral,0.4028047885119167,0.19582661938559734,0.24336401171846714,0.28432016081268097,0.36765160750562803,0.09829183419538634,0.5332864666823707,0.47322730289785114,0.01402362490999639,0.001401978969483502,0.3570835775336209,1.0,0.1877283978014799,0.22163121879207204,0.02518075517037043,0.010243342532617624,0.13115375694533019,0.03090457822647753,2.0792105978168314,2.1178882908596735,1.312063926641385,-0.11455123109369764,-0.001607044455664764,0.14435130172577287,0.02518071509532069,0.02888401044354808,0.03132397546540784,0.017040227558327636,0.033042012384924394,0.012331974047516193,0.02813436131866759,0.0,0.010297369539240252,0.05010544164656115,0.027942843177496342,0.02794750952488527,0.009289352891375018,0.00577526407221645,0.016563317864891743,0.019127329699840025,0.04488807343247604,0.03324621248525689,0.021416062326427468,0.020854266451175725,0.02985582988982543,0.0028556537483910745,0.0,0.029664045051532854,0.020936164630116622,0.002942486868280334
neutral,0.3008135555423872,0.26628447863377436,0.2782195733984204,0.28223247828652154,0.29770469926887966,0.11442683090981352,0.4286310396913027,0.4242061740401694,0.06822613674429978,0.026741798987973776,0.32037568502853875,0.9485545579074465,0.16428711570499666,0.19041153927874016,0.07509442054355163,0.030769019210392323,0.18656979635825682,0.05384290427036465,2.045900984624651,2.4425698690621704,1.1862438923536793,-0.167590467826396,0.08044801171554916,-0.041724413082822855,0.02419706856340523,0.007104424392806612,0.01696891751091717,0.01058285056693603,0.03338508665620101,0.0,0.0220397392355725,0.0002637927629880049,0.02561909406793674,0.014814236246117234,0.0,0.03224899723119802,0.0,0.01959154668979056,0.02898547662389308,0.03789751226976595,0.0,0.013291689896771455,0.03408748935933357,0.03496612913846966,0.03664966577106527,0.05330055773430435,0.013386992550502855,0.02484096483135053,0.01550376149652024,0.0
neutral,0.20365577786263445,0.30282057100742543,0.2395166331516938,0.24644375898429113,0.32596975989598076,0.08490621195593283,0.41651208628639125,0.3742238120720238,0.08447228560948342,0.02270519000502679,0.3570838074859204,0.8542982224074313,0.25531902606891377,0.24938102249764965,0.0752542852537992,-0.0010951508060147233,0.07996211167002885,0.05701164448525636,1.8094975693733248,2.076501796144825,1.428374775338851,-0.0072002330682080515,-0.17949280397752693,-0.04166628194843005,0.019283175316435277,0.005441703167199318,0.03238467537932261,0.012539321853149318,0.0,0.005247437520975064,0.013285585405465417,0.022859472108551764,0.022232589041861997,0.035961012709963734,0.016918572535639394,0.013946510056057135,0.03618560632627463,0.03272310498423449,0.017225050834183728,0.0237963845527549,0.013820810818428002,0.004891895793672276,0.048564069766721084,0.012955450755963755,0.023834905277138316,0.0003004831633165936,0.029573870989536385,0.00432384914570174,0.041813461558910414,0.043366330785020904
neutral,0.27752771169791646,0.3012802264725978,0.28466674369976985,0.32945114451943813,0.27245105622785254,0.13820206002691818,0.417243946014061,0.39219437984721256,0.06087832710294863,0.024265524967597343,0.2784330934613221,0.9259445106538456,0.1148385007734755,0.1697287873937337,0.03892874272942501,0.028923829551695368,0.06848816975077052,0.04035666428351713,2.5237635058128824,3.2292325288067656,0.9905535852139038,0.04525112446479557,0.010339339086658229,-0.014993209613721487,0.033250337588691975,0.025041494806095646,0.0,0.00971478666118936,0.0,0.024206361699657435,0.006001717028282746,0.021741050182221614,0.053422374982341356,0.04071079408121735,0.010028917825091063,0.006885831156290092,0.036808760008447045,0.006937580966506497,0.03288459597150813,0.055566251559689875,0.028780436961417268,0.03539217833767714,0.033884389872041884,0.012757721745827002,0.02377247727837125,0.007566336543128223,0.03676906582990948,0.005893349568856267,0.029112850412660117,0.03471233421914811
neutral,0.23359355741234783,0.28813267491549027,0.23231755259329728,0.27466332088001666,0.3164070869297507,0.11543895423841004,0.4272526396065542,0.3224021579709745,0.0851258187030196,0.015515986339173976,0.5443620513122172,0.9433801564104386,0.18407332162186418,0.17704745708036415,0.054259660458972764,0.1242970206515932,0.08604124035455628,0.0723357490648896,2.1294559582169286,2.893106975073391,0.8045328210692548,-0.0393313901126808,-0.0648896013592954,-0.013575435495314113,0.04528354494711434,0.02443333080046106,0.01651918190427482,0.03174302868302932,0.02187083133592029,0.005077607977203089,0.0,0.04373876340646206,0.017102954881795217,0.01203191916020851,0.013042183506678308,0.039038104003865856,0.013628551193565182,0.028376752908453793,0.01564980849155049,0.0036874788771399138,0.03171670369730458,0.034339059143470234,0.011168856712240209,0.019509158135763087,0.02126111423082008,0.025786622083385394,0.04562677744042695,0.015789686161949423,0.015709424226032193,0.017720903638062
neutral,0.30741839596161974,0.2801275278039567,0.2767392656304455,0.27303810042827015,0.30757207325730995,0.10424647969795603,0.48680411750340236,0.47508488986509445,0.061814489898131604,0.03318781325160158,0.4400537925006408,0.9740304870969859,0.1277246580033126,0.22160490629684493,0.044787535830103385,0.022376331815422767,0.0490839387664435,0.0865727866918543,1.295879893698976,3.011762450074612,1.238229544250413,-0.07537717625646222,-0.1549945503588014,0.010701048301815785,0.0,0.046473165910716256,0.02667895132490417,0.0,0.01450806362260719,0.0269486918436218,0.04227209202201058,0.01467977407731023,0.0,0.038967268036321376,0.02647662806309445,0.0,0.024455049880677163,0.02583136417762315,0.015778687925763767,0.009245324117386875,0.012073492757707728,0.015770400639126624,0.024611365408468977,0.030248679066997346,0.0,0.023327633644688005,0.026343304245074483,0.022198837949494222,0.014736875644581118,0.03845753507273651
neutral,0.3201356927031986,0.3466966557269652,0.23759277748545868,0.26861402702014275,0.30822485603268585,0.07191051716265542,0.29926269426284086,0.3864208646367058,0.06251490851372747,0.03553610303294495,0.3503864735797406,0.9437866777690911,0.18466635162803213,0.1705420188479443,0.03727463243825136,0.03004954851968466,0.052102735582665205,0.03657025951685996,2.0341589390835906,2.5717290886838033,0.8811946296726272,0.1075522076633395,-0.03295913402442024,-0.006646239101210277,0.0182993808918531,0.0032188754759347737,0.011105389632890735,0.030252146595515558,0.019040008271384218,0.04169791100321363,0.019061432208644678,0.032584166696040265,0.03033207120975503,0.01982813638364005,0.0028965154909117823,0.018633359157271854,0.013073981121493102,0.012571553695672002,0.02202567287408099,0.0011555778180333126,0.008640027816379573,0.006843161054022256,0.016695080554023446,0.010013902864160316,0.01086842600737827,0.021761024384966163,0.014206096659624873,0.02006248172946521,0.005495924501501305,0.009230510281158311
neutral,0.29779066706724233,0.24318561172323777,0.292680038811091,0.29731395022128465,0.3164962872028908,0.09750942981847671,0.43244219958895347,0.538963833159652,-0.01654426515552751,0.0067451228175882845,0.3422433553963284,0.8653578045795933,0.1656183951723041,0.17265760503270391,0.06705725300630193,0.01735184001384768,0.09147954821995444,0.04335282578234928,1.7581013476385987,2.786274695240105,1.3826541630351896,0.16326627575274472,-0.0627664275890875,-0.16851427271441388,0.0042418419913724525,0.04106072609558624,0.011277226440976515,0.01021728395049863,0.026146317732105327,0.02730657382044767,0.019073566372682028,0.015498298336863298,0.03524058747852033,0.011897109452858648,0.019106002168046886,0.04201923711013696,0.002617917529513177,0.014037556148039487,0.033326758403731935,0.02686400053982519,0.03162222866877325,0.002802503940472545,0.024174495240641837,0.016292313017144594,0.04954142060568894,0.030521911479105275,0.01970985804828943,0.023716680455626173,0.020705740805434435,0.029087195101472618
neutral,0.2906622789281291,0.2371374503809888,0.2822270278754849,0.32964056231911687,0.2486296373727258,0.09576304219022554,0.3384188329215641,0.42834785726517116,0.006728204635867374,0.02161785718590854,0.3701681070023757,0.9873561268893235,0.21685674333017982,0.19031944325335,0.0656389622449018,0.06147375930389973,0.0631158775091946,0.07511224739852497,2.0879947850410274,2.0806628040995903,1.2149170793657564,-0.06850404593818825,0.12286956058505831,-0.10597818323603762,0.01906276327385571,0.0017088465236517608,0.0056863565220007465,0.04128508629779927,0.0236214731341589,0.039263325212968776,0.014584549157184386,0.009578822864688499,0.0,0.0325836998473899,0.025338219659234607,0.014701912117448725,0.009695425726291122,0.034649304722449946,0.017695345301205725,0.017835107198817694,0.012189980958599165,0.014703026594306709,0.027151596847857326,0.001586277014947353,0.021049584245697105,0.03242260576492658,0.018898136606659503,0.033704941388244675,0.037427788893151015,0.031746570487564595
neutral,0.25557301370383284,0.2538384839461027,0.2507077058433825,0.3763068180314055,0.2918672784245921,0.12671689021987811,0.382621323161768,0.5818875654023397,0.038642976038138876,0.020529769072024216,0.2717094059843182,1.0,0.21999659483804307,0.15438185208137342,0.07055907388638283,-0.020118628283118608,0.125282687180289,0.04496052893847499,2.534282509823981,2.5440697790750426,1.3313901558673416,-0.042980461534204636,-0.0031894522179856644,0.027661614846025768,0.03609083670342696,0.01621659027459615,0.019624257557023753,0.00555463723458679,0.01609968378561168,0.04505194844041308,0.029825172238593416,0.006420205975995517,0.04120875427994785,0.02505704132014369,0.030795518251819136,0.02637687459798251,0.025456859599726583,0.0,0.03439047195076702,0.0,0.033207846868905426,0.021294365705209265,0.030861035596981137,0.02205921137183767,0.033568775090115896,0.02020992468504651,0.02365204683700531,0.025261881263248444,0.04442234963009621,0.02780357599671302
neutral,0.34550678906723903,0.2424468429928045,0.39647363604916214,0.3052681141469506,0.31261702207729686,0.06864816264849649,0.5364494350897285,0.41545172648262646,0.027623515058758277,0.016828070807866552,0.49679442581516897,0.9732871361849761,0.15332744290877734,0.17408863085358908,0.0746674150621873,0.012908569543635586,0.12241650236429225,0.06409010812414638,0.9888940103011183,2.9273075829013724,1.003167326292322,-0.10534822742861648,-0.05075817953528282,0.04784032093144621,0.015312354050288688,0.040011151055331456,0.03881002105126992,0.026406138746040093,0.02946970632549215,0.03271350239609673,0.03859140327793413,0.04024644189266102,0.021400129011061687,0.010414644244911342,0.016683014712752714,0.021653600854704594,0.0193101241694503,0.006841114967914459,0.02567832426266462,0.0,0.0211100371817107,0.021943502242501217,0.021498129557638343,0.031065792391890057,0.029341878777128856,0.048894818413355794,0.013269746810327679,0.023631331137866304,0.022798078047733723,0.022186422740980708
neutral,0.19805351625816559,0.2626213215378855,0.24632794077436654,0.2910606768102414,0.3339698086680103,0.07304160967310519,0.5174094341683935,0.40572520396619255,0.03659741813837221,0.02465545655988694,0.38080960499141986,0.9053766116009458,0.16889168086848297,0.1367009898467987,0.05667072909650576,-0.07305550091119345,0.13552078332013806,0.060767084144342134,2.620466308102666,3.27373411043012,1.3321818565772925,-0.10118833876436535,-0.10651283183749256,0.000517317597971812,0.011843734566165966,0.04824409101014048,0.004478867622022176,0.0,0.044082031243948314,0.027820256382562504,0.0,0.0023803303747153316,0.027166705404311257,0.008690457099101254,0.010560064353271746,0.045563491639660836,0.04792652349799477,0.021907911250159614,0.018043584659127955,0.031731917322622885,0.012699113918661138,0.0,0.0,0.019043221614120035,0.03146442168125836,0.020207999409626885,0.030529489989910466,0.03182783660075762,0.03801852868020249,0.02242143915981978
neutral,0.19825444202083614,0.3409431726727643,0.26004446763320205,0.2867685502383394,0.28375146167202014,0.06649030422671542,0.44337040153172375,0.49002293765177835,0.02884137459916427,0.03037601106736882,0.37421120496574545,0.873367290925819,0.22121095127234014,0.19595388025787244,0.06510745621532626,0.046605789620309174,0.06215560763393643,0.040866509012293856,2.4361429744584795,3.1427946119957477,1.1716447157570515,0.022070025037786295,-0.0033119572748231733,-0.02067222989193616,0.011846531593128026,0.041870369925871655,0.011853850681811239,0.024276616817393532,0.01443882274217688,0.023497946045883577,0.007709122518704203,0.015129407286027017,0.01184513591949657,0.02860909649973781,0.022121787859621374,0.03144260976497794,0.009265120603165821,0.017290137174883816,0.02812541012250945,0.031163101954123876,0.001204805977520415,0.024131348094869602,0.009427747503942667,0.03182091249911927,0.04418656481224757,0.0,0.011472674016722778,0.02342901969278937,0.019950024711177926,0.0322154619361797
neutral,0.2181962229987578,0.2413770103918098,0.25061490472507475,0.31151257153623346,0.29529819227322784,0.08372764989747664,0.37177798652709015,0.39554630125295365,0.03307901558425343,0.012518742984292106,0.4471178948641702,1.0,0.1447181210946419,0.22357761756286004,0.06213164291725523,0.02539605872351028,0.16106656976500686,0.04702030602140391,2.2306165490601635,2.496705739013827,1.1690807141298156,0.00632515350272209,-0.04767669028486454,-0.08162649977676567,0.025966982421386363,0.020603483541190726,0.026059527956551243,0.011292338707459684,0.011698461930811525,0.011233334736375443,0.015257631834922096,0.033172699198978486,0.013991337415090123,0.028481991317181675,0.02345080141854782,0.014261518768397438,0.03701937297087339,0.02956944532030898,0.02002316716101065,0.018945198338478377,0.021218445288503057,0.00011601062815968372,0.009275504655905178,0.02601270154795332,0.0,0.010280880907035744,0.014896923994455111,0.05774751033898563,0.02875858424001139,0.034265443732570185
neutral,0.2628080363315801,0.30627902825189535,0.20628595034778138,0.31179410819646125,0.3142821430216727,0.0849374191503541,0.3853026296656441,0.39456876142239705,0.03959153141928544,0.016832259808302726,0.435672612518326,0.9232798734841015,0.2280637843338893,0.23784622822624646,0.054133522518721174,0.009660976848643088,0.07866874805408783,0.05554327574292186,2.2598073178549423,2.374120851309673,1.087664170031799,-0.0644117776749394,0.032585033478686486,-0.14081396068040636,0.024585662914301736,0.020897539451892263,0.012562407753130679,0.021469513794160455,0.012131499728779561,0.010228437429456465,0.01993529624695768,0.012529298391429036,0.010471017904683,0.03359428228083033,0.014901331477504418,0.04396370164944063,0.0281463065085436,0.009330855932069679,0.035076874936447344,0.010683946500389192,0.045653517620301856,0.022940509903674095,0.0270533762429477,0.02040238648815616,0.023456473599786497,0.017021574205556982,0.007964491324009658,0.02441577608836954,0.03332239175608342,0.004521649571899988
neutral,0.25635156292182837,0.37693644675770327,0.3288136844875499,0.3342015355776464,0.2924681483887805,0.11388789704036965,0.4770768424757799,0.4364646059195457,0.053277713353129204,0.031100511748216576,0.5119714080320792,0.9374251642592573,0.14060831236745525,0.23930778794205138,0.0789827636509779,0.032011624446461884,0.17170523849899388,0.05573326819024981,1.8045558582441636,1.9546709483733258,0.9168093613827553,0.12323790589406855,0.05410234720680056,-0.03495265438686622,0.020059238724292806,0.013938806532523593,0.012474876942750216,0.01861021386966038,0.031153627504880314,0.012888892404100998,0.01069988507558969,0.013746861440765118,0.03197203123282579,0.019089767454256515,0.02363880041654111,0.040189306043803885,0.05696255219082259,0.028325036403091867,0.02703763658849793,0.0046011484459620305,0.024790702079355152,0.020805938794196847,0.031599227294787216,0.014905990806960683,0.02260932183002494,0.027868020243610188,0.044681053472703375,0.04032903330395177,0.036458940636399054,0.02945255051439876
neutral,0.26927661884363463,0.37247517916537326,0.30797504967439837,0.3068103921445548,0.310671325875124,0.09765430323991516,0.2829240740207516,0.35200999598374494,0.06851715048991358,0.010794548495082611,0.3924689981566483,0.8886278439023053,0.1584405717585266,0.18987215403463673,0.06616756114018435,0.05372982108931049,0.07061451064711614,0.055367306675309105,1.636735668543956,2.4712950012422525,1.3354104974157779,-0.03450612267172524,0.06538848319044838,-0.06178143429636263,0.019128383889723127,0.03710393413252968,0.030879950932857645,0.023137219128697137,0.016753837851563345,0.013053712731834338,0.0010464307321729621,0.003162954972524487,0.03293415052292914,0.039677980481266,0.005946523484462436,0.020886430021871526,0.0,0.0073018136371132795,0.023377781366362534,0.013256938541224422,0.0,0.042345241976282026,0.019361093704589195,0.005642727874398736,0.021664444699293735,0.01894872649830848,0.025483732565896394,0.01558188760902256,0.024085360306212316,0.032267267654548126
neutral,0.2513279733301917,0.27575303026652176,0.25553959003215243,0.28775924924475155,0.2852119490726286,0.06853279909124188,0.4855877638700902,0.5323284972516978,0.04470528059707486,0.029494629299601435,0.36562420573507814,0.9224942083316919,0.19232090708849722,0.20282123944673158,0.04802672223700159,0.04029764331185478,0.04852092515806452,0.044680488958575314,2.4135657934810357,2.813202659671779,1.3138287268507134,-0.10545473116894352,-0.06239286482864476,0.06714095695015287,0.03326960905582521,0.015156972816598151,0.0,0.01663577690972087,0.028267944502486264,0.030392677609155545,0.013158470606980138,0.00741579498880305,0.008709378300279237,0.012932306481769117,0.0,0.013147104506293479,0.020622397367665076,0.018727503824821766,0.01570648226876861,0.011039619758695716,0.012553506831782149,0.012783379301762366,0.029171242143102134,0.019987923840976526,0.06116892879679543,0.015679620914291193,0.025692350935988886,0.01596956080668524,0.015653644091628307,0.040310830382283745
neutral,0.27291543644692884,0.2531101366436795,0.20156698999596262,0.30347414952936935,0.24365624586620982,0.10316881903460004,0.5065731914098164,0.5176370311619805,0.045670577916334366,0.03510815752663758,0.4232138232510602,0.9922912647496718,0.15791208809607554,0.2356490439050885,0.04994824062605231,0.06730313230513181,0.15432613149144128,0.05450866514883608,2.23184825260792,2.3820740607442352,1.0092703523299384,0.07980387000919908,-0.15792208298325172,-0.08180207907526724,0.027737576444721388,0.0270725475629601,0.0,0.01892387171872558,0.03128418669831194,0.03905458222677687,0.029429114580397965,0.00027553250519388867,0.00629222179444229,0.015502037766299069,0.03818455514655211,0.01210800792421962,0.03376179894344396,0.011899276231126162,0.026924031715923898,0.007779629693011027,0.017480425903599314,0.005289050222768514,0.03876029381565893,0.01096691975001216,0.0,0.0,0.01888937349167762,0.014045114074556758,0.028433408193148338,0.01694348645793699
neutral,0.23046703553478676,0.20182667119806758,0.23718640355088866,0.2661377170718291,0.26278106735007645,0.11034130446691376,0.42951546333970475,0.4609875955106933,0.06582648202150107,0.003143032841377239,0.43989513272001324,0.8897397581725455,0.16269539974627847,0.13323623233487206,0.06145515175101597,-0.0306718890185665,0.051995646695254485,0.030267328953383098,2.0581529989502942,2.389875863262518,1.3093892414723363,0.09327729687748536,-0.03468745693313399,0.08211855661638388,0.01864059662379547,0.03255501521693922,0.024931217198313108,0.007708769010466195,0.01132647186792998,0.03963758400550782,0.0359565989104386,0.030713022075794863,0.03242135970072014,0.02604663163495747,0.02435638676725313,0.020646293276212965,0.042085040030545126,0.013959440153504563,0.02312390032968785,0.0,0.0014006771826023529,0.04359710905891173,0.028018143433535182,0.017234919363608485,0.02101821963297644,0.002344412309689535,0.014434440043495216,0.0010442218742210754,0.01616102920491914,0.028844166773439962
neutral,0.15111891372984793,0.3814346849450141,0.2362839451110301,0.30486309809828405,0.30305484639755365,0.10602246790393931,0.4537245575383502,0.45508991478222055,0.010350884559318665,0.045869827518543585,0.44560054144578676,0.9525940364647516,0.23525600729401402,0.15784226191332434,0.06519681864127334,0.003345022019134638,0.11609331409293994,0.05742792049625599,1.3406434229872537,1.9095467304892724,1.4519048140413202,0.036264082647032486,0.1430207478189372,0.023578670876663252,0.016721851008597636,0.04602054233223564,0.03703163075469815,0.01713642770244154,0.01598931366763713,0.04142941340866538,0.04733925914513528,0.01627417978880486,0.039996144451714774,0.03339024133441605,0.03563311487599115,0.02131489705896338,0.011258566889577451,0.0062931303345329734,0.003044536938408931,0.04484155544716875,0.02014228205897042,0.005117917070076557,0.033031556538740944,0.013774661376620336,0.011537318425918224,0.04688413047565521,0.0027008626758721448,0.02305561597860567,0.012318039018193101,0.010243444165072533
neutral,0.3107516512744139,0.27755564106097586,0.2637434822362829,0.2739436652793882,0.34292117885532264,0.1183920100926979,0.39719595207797503,0.3446616090095021,-0.006639675562804585,0.031373533938096866,0.463642105452166,1.0,0.17639135254782187,0.21418036078147978,0.06797589610653958,0.017906138321805376,0.08567407537625553,0.03291503561099885,2.238498386822092,2.6611032222267155,1.0851976072587597,-0.11710838598287483,0.005362517948222875,-0.06991207978555992,0.01624635875068745,0.017175165014909576,0.03028613385624886,0.002133766191804186,0.005631704729941688,0.005885311345329984,0.018069085109360044,0.024098603615152436,0.006104615324093997,0.03181707635860993,0.0390144428782022,0.02537936905606466,0.034596271368714,0.008102763294721427,0.00841232372203582,0.026690111708770607,0.019500764696720085,0.008388137961728206,0.03852561875678513,0.023884273062407098,0.029128274644927694,0.011234730975035762,0.0418388099311464,0.01797292279926035,0.03324773798387188,0.012423238507313115
neutral,0.2571341908072505,0.2905332575052487,0.31077647355211474,0.2575547985437558,0.23476980468534941,0.07510406686405251,0.5249564415839738,0.5830215353483081,0.02231043544438531,0.0078327549571913,0.5074322182691171,0.9217286640576167,0.1688462776801291,0.23377401978148366,0.07265726347202917,0.04802196540082206,0.03154115514521191,0.027977033351468533,2.464165128606247,2.570003546520791,1.0168968108819716,0.013491828487559204,0.0502052427196548,0.15963256908537704,0.015520734419222994,0.03444281061728445,0.03985893277926545,0.01992234726431148,0.011070065918055962,0.016418590289589793,0.03745985244013801,0.03720593384123551,0.022525311495204096,0.013116635843087586,0.03407594297395598,0.04109827906776789,0.0011044091930779987,0.016978388153448404,0.035027467060049715,0.020957740100292395,0.013648377165199982,0.02240744542148889,0.024819155925601827,0.005351114463087912,0.02118033632850909,0.02477533571270534,0.013619011634471514,0.00986665353934715,0.013007461330983155,0.0073781360214115275
neutral,0.2605416536893403,0.24327841358880298,0.3513090364848585,0.2960764956412251,0.27991801719700193,0.08087203251271485,0.47627751647831856,0.514060559191972,0.0881226448952851,0.018323437424811663,0.3840588279905448,0.9565477177186622,0.1850137399379423,0.1668382995596838,0.07559220964888143,0.02066665270516273,0.12138960035530201,0.057427954877387916,2.2312782180864374,2.0709534710018307,1.1588223112067753,0.06804964411946642,-0.08852761035293857,0.015123463962891635,0.04964967577555283,0.040633193333397544,0.02204109958870155,0.015230762136803777,0.0,0.013534629657123617,0.018980551601558527,0.015874886017060136,0.016780128530758942,0.02809160754815156,0.006995375582922351,0.023544472309676844,0.01856663476192802,0.008530054311409468,0.041763362051699685,0.02972152850901922,0.009776802727599199,0.026724264099282663,0.001936990994899166,0.011374770693370279,0.037258407324699885,0.024569693378483082,0.023525565112279958,0.032830585049452785,0.027946615428826305,0.01654132981651294
neutral,0.27495854992887003,0.30848190837772616,0.26310003914108604,0.24647818048120698,0.2422656509120441,0.09829768210253005,0.41297239503071914,0.37947676700525873,0.017681861363497663,0.02133776047952416,0.49115828921986154,0.9566930247435288,0.21946807754346986,0.17878024984921168,0.05776024035303431,0.06056117744516101,0.09368501704031525,0.05045451532334223,1.978292785243265,2.673671105300228,1.3260180666069743,0.07491237155578846,-0.1520060014204606,-0.053397973669336525,0.024566641682295696,0.017017254369010804,0.0005035936681025109,0.01937041270138592,0.017504600872019525,0.023067949220519163,0.02151829903106505,0.04044130595881791,0.010946671447156858,0.0,0.005147039775581619,0.011762901175857196,0.034066093230587555,0.003135846457107596,0.004870571460352148,0.025380780748565732,0.031040979198482154,0.0,0.0,0.009775024206484599,0.028545707726447836,0.021861947267806863,0.010250339721038355,0.02961259465664634,0.02161596920851888,0.018601258045573294
neutral,0.26251275747109787,0.2302467320016193,0.2601229287757252,0.3035725373923555,0.3265003167601023,0.1155271260022205,0.39756380936298763,0.5485472046143537,0.07444065082250334,0.015548664232235738,0.39102612215192767,0.9800334541581095,0.21224110474941604,0.1444399649470074,0.05123287345005826,0.01906626084544267,0.07717464161483767,0.03992347924355527,2.4426723332208136,2.651840987870953,1.5476207633640637,-0.12914791421570743,-0.06934666829127188,0.156554204827758,0.012592693475525009,0.021782748164879528,0.024026103267887695,0.03164909293638489,0.03765936567566967,0.02121695082440008,0.005767919391311887,0.010758582662467082,0.021855459024643486,0.03459590358054999,0.0011967224207677304,0.004789963449335901,0.029842995352850427,0.0031828465763993515,0.00537470304572534,0.03477498689031431,0.01712281641526573,0.016128444250820335,0.03778781968064733,0.0061813034811842495,0.0035682010076257334,0.041179762710433665,0.023033189973427945,0.028836161752829714,0.015955907020871747,0.018614220461687238
neutral,0.2901910593421986,0.3351671514865314,0.3144445745277427,0.26854673164111525,0.2956576796909252,0.08879013354335757,0.5083911444984244,0.4857730285643585,0.053821480002087245,0.030135887655432392,0.2694023787565317,0.9198434888030125,0.1644513898910638,0.197552031658633,0.05967417847978511,0.01996076667707888,0.047401605404136064,0.057118506282859256,2.141620095888733,1.8955605744894446,1.1056460525946565,-0.05630125866791836,0.02863080308833158,0.06650983451783433,0.024862319139708357,0.04149171470442759,0.005842078640992272,0.030271565710748315,0.006005841213932144,0.00348208963698321,0.004249313769050817,0.027865181210271057,0.02168861058745705,0.01590903913531201,0.02595181580449861,0.020530678291907217,0.021436746085667827,0.016054159600721506,0.006641888206216877,0.041986992510611956,0.0382056110159524,0.040672063145909515,0.012988906476658436,0.011134939736834519,0.014612215491169703,0.03396339027225348,0.019997503072217756,0.012938507917574574,0.024730201815024732,0.010426163867587449
neutral,0.2792875950249535,0.14038729862590607,0.23361192344760093,0.2986482822503835,0.25450828080720045,0.06294028635911433,0.45300462668702063,0.504372598447968,0.02324851773876143,0.017378733424786397,0.3832684126205822,0.8718842893887808,0.21551658238645255,0.1845112764937534,0.04698580707913404,0.031189502118890038,0.037600200639951974,0.06609885016761056,2.4414485005603086,2.5030507155500534,1.2450463544004704,-0.10843124373377222,0.011631146191528954,-0.04128585697007446,0.015760966533135707,0.031222822634550534,0.00930178380736227,0.01957882176675546,0.020354425318281882,0.019497101904622827,0.03389863873177179,0.04844666288388243,0.018572118386049625,0.026114649239752964,0.009568443298987074,0.03341497924214229,0.013272699467864316,0.06088666549841132,0.0,0.04791678717214298,0.03288588844464295,0.005410856175204223,0.05015282904100485,0.00793066467074825,0.01591369894528468,0.003144296773689031,0.01809612523254473,0.019314935363170884,0.0307903989779265,0.05169807812846142
neutral,0.25138384259470736,0.37455957698492887,0.2782016003682135,0.27722727672981495,0.26961094152413245,0.11557216799160719,0.4286691586153552,0.5637473121175945,0.04368231503234592,0.03414620160195672,0.3033906055743323,0.863069016408132,0.20487562861218045,0.17606723213430625,0.045387859914235745,-0.010365819079059889,0.05657994470234589,0.061124174352845624,2.093874629188085,2.0497740661020014,1.3054600738246398,-0.0410368510770623,-0.24773673769939947,0.05187985158932848,0.03527387514118954,0.018585182478048523,0.033041598934103376,0.006976536416844292,0.027503715696979736,0.02210275274563573,0.009709705808613708,0.04668976155716348,0.023026074892835664,0.012319337045068476,0.02025511264145974,0.008693972977729012,0.004960580863235194,0.014157545127684579,0.015037738406261816,0.009545740467314604,0.03626447292364704,0.010044904565940012,0.007881022462516553,0.004585636887642708,0.003334220262258096,0.033356871898996165,0.023356173190416808,0.0289742580790762,0.03323926605466783,0.015667103118692915
neutral,0.29942806632269875,0.2875164896533219,0.28743390728785667,0.3304596402505754,0.3031863289350676,0.10782629522535875,0.5553691998356652,0.47066777559269835,0.06482777102778056,0.005822856497196095,0.660340603646949,0.8704578849234943,0.16382011945156583,0.172912981515932,0.08689027158073512,0.0019820188016883705,0.11767517751529993,0.0401515986485515,1.7619684552498045,2.6653091457520666,1.0277101910255928,0.11777918095003223,-0.05642011604339174,-0.08765808206384412,0.02269866873630167,0.028147002785601033,0.04478781367085518,0.003591725499589072,0.018013402445151757,0.018550897831577144,0.020012065226878383,0.05339441719790669,0.017746676673019827,0.0,0.01742039879499097,0.018461096233558957,0.0168664588152845,0.010657625427955201,0.002823078730084222,0.04807338351571665,0.0241378151351926,0.01750087641504409,0.04765913756581054,0.00870745009716587,0.02783130933249181,0.003762201993851081,0.029759860019338096,0.00525156119596999,0.02611601972921536,0.04539206512572143
neutral,0.3049835050285555,0.32685116700121375,0.3566267576611189,0.3457371192872569,0.2960718048591979,0.08351403630577714,0.3633154330999332,0.4081538946840702,0.06429591546814274,0.006513521857708314,0.3351197814200061,0.9781149544047282,0.1606053863408606,0.20109958700821573,0.035749571573406,0.028633949093075324,0.06912492031240952,0.016715413137922942,2.410685983277835,2.1872998293362005,1.1142520418938464,0.007475967550928734,-0.19733233179048196,0.002861718452372521,0.011015152721991505,0.027078211013229145,0.02433119584896211,0.027047215279034958,0.012855940537610112,0.019353531459451567,0.0254214198575169,0.040087651642920774,0.023984906532605255,0.006956454482486694,0.023482620707533843,0.01785502904167599,0.0,0.0,0.019135634972201318,0.020231386126005297,0.016168253376959173,0.031494363221166374,0.007843105000776444,0.0019794634044853973,0.0092660001556137,0.012072911187938882,0.01924400781691447,0.009630678403602861,0.0,0.0
neutral,0.3124969476353108,0.36034941382772473,0.27508815598398134,0.3080532039425509,0.3083074769125052,0.042171246400087764,0.5188705770576064,0.5460908370544013,0.10510397538780075,0.015623801893044693,0.32054156401423717,1.0,0.19496731177581755,0.21623991122378822,0.038676163727455304,0.02814687250177426,0.05786400322328689,0.049908303137635876,1.9869365049347782,3.334691613657166,1.2609478666810032,0.009852732699923159,-0.10161193830489415,-0.16042837290976197,0.0,0.019979779466957937,0.024786222838277885,0.013838516072604772,0.005664130615354961,0.028586708992667898,0.007501963666670228,0.027480768344102017,0.006403597339250347,0.013059282966719871,0.03242995104941431,0.026359263486103755,0.020408475083852705,0.019611249947907403,0.021177191250036715,0.009709957836804436,0.0002829356057674308,0.027399248912026754,0.03989130057074401,0.027855028075184224,0.023304241402745098,0.004289186997961304,0.03140326552161153,0.02625812703689404,0.02988190451082675,0.03344058313846565
neutral,0.2877040106297395,0.2320290552180209,0.2230233826167363,0.33660287253233245,0.2697281221467276,0.0997233216699505,0.32356450596390796,0.4548855273443798,0.08548452668788857,0.032130932656456404,0.4731494533970607,0.9460814015534211,0.21334513556723197,0.20290243741703928,0.042318439749732366,0.03145104558583631,0.1354269405542263,0.026764936904430534,1.7553644094708256,2.3957862503713345,0.9351965050304929,0.1268805573634924,-0.10032496655813511,-0.10311815471111199,0.0039316175457001015,0.014532368067537632,0.032895857384037434,0.03265096275482869,0.024174042261409425,0.02234365286570511,0.04713721956940516,0.01298843735795898,0.023133963754780273,0.012343156573641233,0.003263522627737339,0.03540345384231519,0.01603232937382792,0.029032685606359153,0.01680032313231149,0.03620628313891203,0.007035923315720829,0.035130865266892596,0.03162466980554679,0.0,0.013280846965810339,0.033270772351337484,0.04128525911876813,0.029301452142319967,0.014844744855240372,0.007411587194184771
neutral,0.26834383847080007,0.325851370258896,0.37393514400874295,0.33080637999530443,0.300286542781608,0.07752014728060462,0.5017398225565177,0.5790718207623173,0.08010614959368459,0.02207731052550136,0.36576904900914975,0.9672586146933975,0.21463729796723,0.19696926717162247,0.048189926420906554,-0.0006173392010610512,0.20357706426415523,0.034408700808451126,1.780408854015243,2.5119467805076816,1.1228453135638323,0.04533235834384034,-0.03834189372973725,-0.030684892527046436,0.033302847485843695,0.033742457458748695,0.004214148493769235,0.010177667219866824,0.008619646868463064,0.03019885548998545,0.025568415837725546,0.01517060145843664,0.022813192622402095,0.005358603233314637,0.010346813859039097,0.0030997339515004413,0.021891365408836183,0.021842026453746922,0.00720322250345924,0.025475718505270972,0.03374249888636818,0.006603715313053218,0.015757830471034212,0.026677075286368035,0.01991720971596843,0.0021635114633403105,0.014269747012716074,0.013838267791981823,0.017784570801082773,0.01833815090322594
neutral,0.28473882118976335,0.370883056398436,0.2713099782257829,0.2868573907783617,0.29084628291356196,0.114603622591206,0.4260234157219761,0.3325402462975754,0.02984669184697435,0.01935308925135469,0.4374937204886089,0.9208652695039699,0.1711135822846177,0.19134776943517645,0.03639509238475502,0.017247597668722022,0.11868847133235924,0.0292363105511475,2.199598060569091,2.0384090547599722,0.9630664789687927,0.12528053550716242,-0.01876539750128369,-0.1374465872214034,0.011383652227771135,0.037750438429589694,0.0,0.013968675722053204,0.019656141811115004,0.03517330492007827,0.045323246752608765,0.014513674303417453,0.027011676583953495,0.018770836604234092,0.018687371658241685,0.02355250404798195,0.0,0.019377510408931767,0.025859859060564865,0.00882304794304593,0.02594630560881931,0.0,0.021216364845776086,0.03744832615391432,0.017158328759152113,0.007283701555479836,0.0014732105371510693,0.025076817128570423,0.032064213328884955,0.019270772643472763
neutral,0.244158129681591,0.2471481206665962,0.364053628708498,0.24595173931861591,0.2499672701292327,0.10578314322244686,0.42013839771032396,0.4097929480474563,0.05817953746833628,0.022559090488514528,0.3318453881500437,0.920415082316619,0.18148673448469665,0.19501227077548666,0.05845693954253319,0.0025050825101510694,0.11388196809697348,0.06663108545748232,2.1152292629917864,2.411182258483369,1.116660024404453,-0.03709526844040193,-0.17378167687248702,0.009922348940134653,0.011973963848976098,0.007806269991581259,0.016124201827783124,0.02586038598728351,0.008440988693807806,0.019019793535609335,0.017511324036718713,0.04311147554449233,0.029396114682002712,0.02918533587840516,0.03196058269695785,0.01290597366198208,0.03789786315028003,0.02206923634376004,0.01941935154138956,0.00420851737571375,0.01477902048860413,0.0,0.01677360709338272,0.012508089277488874,0.014821432519859455,0.0019825769498678335,0.02914684537458699,0.027702924224854094,0.041967128030169686,0.041599081876699445
neutral,0.2577776436498007,0.2655377611181041,0.3132238677620964,0.422637692124639,0.33500621504476213,0.10616018286229113,0.4874938457751915,0.48680230430631277,0.04729132754502244,0.027564700217383904,0.38911755971653156,0.8994244152065475,0.19444985267495188,0.20846011424128386,0.0474484080415021,0.02929574056511249,0.13843558741225928,0.049093323591469826,1.954723681320667,2.1822331709050884,1.1133034742792902,0.012496455565122577,0.09210624903233477,0.02090446621134282,0.03995359475518379,0.017421330261185423,0.024672851164209836,0.015781781141280083,0.014666997184245445,0.00856907159495949,0.021303561075791542,0.013277877663597868,0.03655763950801772,0.018602470828013133,0.019421100802144615,0.017657639677485657,0.024823833870823795,0.039381826930335984,0.0064829111296327,0.023611526626052686,0.0,0.03590170716377748,0.01859421014795483,0.000566135336007103,0.003414949188906412,0.030580570742202266,0.0,0.023617752759935707,0.014428895642591312,0.017468139941182376
neutral,0.3097424487536359,0.2647856502502017,0.3019041006610092,0.29273280494005327,0.3183373404182528,0.11037355621531564,0.4080941341816277,0.37608998214690437,0.07866957904882102,0.011866114607185294,0.43505494823582325,0.9515546429827585,0.16610812186760893,0.20288401480879018,0.07393786742512788,0.038765357035026884,0.10517158750704715,0.07837591134223992,1.5558631396959695,2.030142302531918,1.0745411416807327,-0.053907681389087574,-0.08575649524264432,-0.03899493067513272,0.03845120380012644,0.032256890685864126,0.0,0.014327123491470709,0.002790254141208353,0.019474141147668794,0.03172382082347149,0.03268349937597942,0.023484115079774603,0.014474735596071119,0.01875980428472296,0.028882640014322176,0.05051494478771344,0.004593706305315798,0.040655041122944796,0.02317272984990999,0.0306632922603748,0.02240715742064218,0.038254518017341185,0.02428585864401593,0.011566097280626596,0.025851483503318923,0.03464807549043482,0.0200027835827371,0.0,0.01850586055120275
neutral,0.3487968769327239,0.1566056750106166,0.28488681993422577,0.30323945171392214,0.36284559746860345,0.09963911304132209,0.4845362400367867,0.45968846979176253,0.05283284671598451,0.037629589668216806,0.32218425230155057,0.9166397602541997,0.20262514501913997,0.1977052109924885,0.045043497015673506,0.017883268141664698,0.13655698515599754,0.058489069588881386,1.8682870906717526,2.5397605707383906,1.1508363354936528,0.007844024481274086,-0.004043525507761214,-0.03963822043029235,0.026115482157758843,0.01582598719629361,0.004291997054024457,0.028740823255722553,0.02713204930761265,0.03839888712633999,0.002889023589917262,0.019085031350655222,0.017004797487265872,0.014849198586214429,0.0,0.0061383000698097025,0.023516776886083186,0.013503257282622276,0.009256673746440772,0.038595146148256036,0.05085837428830034,0.019266409836827942,0.00047168603727422084,0.02515325736272052,0.0,0.002447813158670896,0.025377436035646607,0.0020114553733575104,0.01615155989421586,0.0007128422877675789
neutral,0.2789903462415111,0.23757601014173108,0.24121895468019702,0.2750588814643302,0.32357790399293207,0.0646624512158473,0.4242813095460988,0.4817608079259423,0.07729395149188088,0.024406073756215074,0.39491565791991046,0.921555552092985,0.20775949040480823,0.1639832702147087,0.035086440378858136,0.06057497390673107,0.11441046961349734,0.05692311308882757,2.294528504027781,2.4141922529582387,0.8954644747285765,0.004500761162836717,0.10109164425832953,-0.049027895006052785,0.023265165617914883,0.0197629543975555,0.00883205639070231,0.005842324892320859,0.019395016720072555,0.002348604007419774,0.018135696042970873,0.01656748259640262,0.018451053457077198,0.025234526754718774,0.02808540908780085,0.010750539070147927,0.031307289676046346,0.017148180665058667,0.042792918011377155,0.012389528140223743,0.0,0.030837346881248326,0.025533071879147533,0.035621599487713866,0.024025369506478784,0.050420115810050264,0.017544455889444244,0.033601924254173035,0.01316905398867919,0.02639309484234204
neutral,0.11168978023591306,0.27642878270107274,0.2500944027263737,0.2886634429858056,0.291497706756894,0.12443684999903695,0.4656998890050231,0.41066694714927,0.005952056589750336,0.035330576602026355,0.35468774015498217,0.9434646776795388,0.24416606654117978,0.17139677266941242,0.04517561351568318,0.026965378514770974,0.03576213993251562,0.01986851923996105,1.943475709370047,2.2812563250322677,1.1846976236165714,0.054241795231684604,0.07493065106174722,0.062106126131452284,0.0072860736800438464,0.025641745621637596,0.0,0.01908621180015596,0.024682291993298633,0.024269775126783775,0.017883905633708543,0.011415598316143413,0.017505684745703153,0.03604147010271862,0.012206923335907543,0.03271543958982399,0.03478418065667935,0.0,0.018334037077540326,0.007289357598438892,0.00047615989561218194,0.030296400893928314,0.02615319794613406,0.02342497228421086,0.005888540016791436,0.022736035418663942,0.00296397855686123,0.021004405248255528,0.011399839091966143,0.03366028064482206
neutral,0.27605842017320403,0.28547726866320355,0.29579657248179503,0.27310817916950764,0.3120881802288409,0.12159660407869625,0.4807944733662779,0.422551560642128,0.05523204991484155,0.016362388276926952,0.3916882053360295,0.8906156336819824,0.22140198051596444,0.24806462612905544,0.03768121098739063,0.043585128218943545,0.15831472750872044,0.033241526291190565,1.3985093619842388,3.0225917493551657,1.1581002691437,-0.029051599266292617,0.02081179443715661,0.018669441916462234,0.013246620999912405,0.020615412245049133,0.015201970731149511,0.05847295033521009,0.01310080208166882,0.024255230360010035,0.03679919648101254,0.0367365535523893,0.034247842035855944,0.014466215136477473,0.01802271764830781,0.0,0.019031559327200052,0.020426487242114776,0.029642401646961997,0.04334133571869873,0.029247025371995722,0.033918387007402684,0.01977294148741937,0.036695868327109055,0.020144720274564,0.03482788058618026,0.030458494925950694,0.025105434580950853,0.0,0.03421351100346894
neutral,0.30526837308974514,0.3476340072691258,0.255355975944074,0.31402915699142303,0.2766769494339054,0.11441700336434799,0.46947475263112615,0.40109992290989216,0.05280991816800895,0.014312906822648186,0.3735399349106092,0.9677403465921083,0.18805196578865582,0.1323856519421794,0.05648355377417296,0.010900007500830481,0.08342768235776198,0.03027478908160777,2.085247827014648,2.252560853745986,1.394328194152091,0.03025085057439529,0.06323175106888056,0.02508330593851437,0.0,0.0074689933292394345,0.006588784381951457,0.023362550643484938,0.035250663538215224,0.026540583224619337,0.005769587448798796,0.014419996523441052,0.009480702630327197,0.026600507210709685,0.01415558687721771,0.0016336258018166787,0.02760118475212488,0.03642236093638133,0.01767725817989531,0.02156520491841627,0.0004180842841725284,0.0,0.0,0.019418616607006202,0.015996754048739334,0.027101023901136986,0.01743050873629715,0.032840903877617164,0.03133946577445808,0.01580802097671586
neutral,0.23098864774492775,0.20218543544357162,0.28675258496048556,0.2553737599298693,0.3038655387166444,0.09159222893652638,0.5215851180436643,0.5148439657314007,0.08309967810633584,0.022062617278415877,0.33991620071865325,0.8981557081022093,0.16407910280346105,0.24982824547785318,0.04563920886845609,0.024830464892002777,0.16074382961533767,0.05445572975543298,1.8566883145389566,2.725634522246569,1.0811604512201487,-0.08027510991658314,-0.17245452153666138,0.11468552425276853,0.02375862834023597,0.026658039072663876,0.013574032414974912,0.022422830359429446,0.04080060062420801,0.011855048461475151,0.03711960357886138,0.012323541624362807,0.04342689450747342,0.008878682663305318,0.014879875865971472,0.03960732507327286,0.040179025761264434,0.03063954658132445,0.005935956475865929,0.021071320093627995,0.020016232483240748,0.008874429795308031,0.02905888315087917,0.009902989738177806,0.003222337962830231,0.0,0.04225983870102756,0.013363717439744427,0.013636432120231395,0.006601293048986467
neutral,0.26326493876032714,0.27887852559460247,0.3142490330230911,0.27973214389177403,0.3463300143117146,0.08328030662016811,0.3718349767627349,0.364457417172131,0.0267832625723962,0.008314575503081316,0.4525633338532675,0.8999579132070529,0.1760151333042873,0.15911351973108487,0.029446931169488308,0.05319609538268426,0.1641110231657409,0.07220752115055142,1.6218158506998903,1.946948302861808,1.5240217499691255,0.10943397837875479,-0.12422252115017307,-0.09633070273257283,0.016693674639457902,0.0021276613945923686,0.034069081069485044,0.020876005548456016,0.027403461723654432,0.0,0.015758426687350502,0.03233444438194321,0.011675292723471849,0.03605500477185691,0.0028821839990444097,0.018536456535295363,0.04138397927887274,0.005038832839914161,0.02352920318969533,0.027606296938679255,0.02118824999413795,0.01674937580642924,0.008607861052880524,0.022555101305639688,0.018665461261859213,0.001328166334872264,0.03429801689117493,0.008169341541952703,0.0016658973884213432,0.012256135871751287
neutral,0.3032945130220433,0.35181464027359083,0.2855049760992232,0.2566714326020605,0.27260340973707664,0.10553200238759536,0.2975610900350814,0.3544593850527082,0.0005748851264671395,0.021154292596439382,0.551352549478889,0.8869506077562608,0.20448989123574873,0.17308370896326536,0.026896975363318212,0.066923865048176,0.1863937740353492,0.05720759414012484,2.2178159575081033,2.4735071496753043,1.1327226569050282,-0.07141756019131583,-0.023241683785935146,-0.09939609074803,0.024421023450506514,0.028789539430295184,0.041623428237443805,0.013204467205944839,0.02165602516448084,0.018850121973334185,0.0333128060634253,0.051201049858519046,0.03376133785379107,0.030377170837265568,0.03180236728843374,0.03647649503446232,0.05138781462801453,0.0,0.02779473422056143,0.0,0.03236759553921396,0.0271634934065755,0.012891249378896753,0.0,0.019812867978295352,0.022896949285928107,0.01917959804682964,0.011921436337340115,0.00834174937076602,0.019326789629921383
neutral,0.19031737166986384,0.28918837226608674,0.30153795611902295,0.34853963623621403,0.32784417193474874,0.07753272777625606,0.5605015507517617,0.3425825063766472,0.05084500820749923,0.0275406809918851,0.5021086822306828,1.0,0.21824171394040462,0.18590156175467368,0.060144258112963964,0.026732120267165083,0.07162260464793628,0.04797655842886196,2.684291651495688,2.6939260003279166,1.5389236361070342,-0.06415012526640126,0.07283702782792402,-0.006296218981831426,0.005927518495637654,0.01503975186186636,0.025398360446847575,0.0296506521730837,0.018481806885609034,0.030406511094834523,0.030308454846058708,0.001957002229667392,0.029794740474868284,0.033952436914546996,0.023850015823023853,0.0,0.016401128220032035,0.025693223046032235,0.008745839810861336,0.03193800206435793,0.029484673056910615,0.021748326799486774,0.02022672175467302,0.022507522866463625,0.019947226464763112,0.003288662750449603,0.014408610116982884,0.02094218237788025,0.03844183678288812,0.028996571317606072
neutral,0.3878406223734094,0.24136565369178598,0.24032775934437683,0.29184735996245953,0.3605433523079403,0.08321189537012377,0.4932050471540713,0.48038263889636623,-0.007854664676224976,0.019843227017950358,0.3612952364866755,0.9838986006648027,0.2321721071608196,0.17966354988415018,0.043969662983445956,0.09553484709746926,0.07153833947424765,0.02649747111914757,2.547710870649213,2.430885838982103,1.2121307767781258,0.11778543769758207,-0.1264459585325822,-0.028494181081645965,0.049009579227085605,0.0017612722568284035,0.017458987922252693,0.003928505042394555,0.02435738495180231,0.012810952399829462,0.004751811357112725,0.029519606919132982,0.02013427851297339,0.003728786489423576,0.004525281040203645,0.022701506578364658,0.0,0.02295729548883527,0.03741423905915575,0.028671783833963443,0.011896773726356199,0.02356642353063855,0.0037295095405283293,0.02177169010246172,0.015750956183651778,0.006488431678229635,0.028108317134161634,0.0,0.004584433949404854,0.006147444969570516
neutral,0.2854762272692927,0.2830245322281828,0.2793886392451923,0.34115474849875355,0.24552934516215966,0.11928895095719196,0.4106149522215,0.48898174966797214,0.06523327888952216,0.027332449419794513,0.5108553248676594,0.8814482279456706,0.21016334104826193,0.1880843538931376,0.04193502070041116,0.08101286363113118,0.12807644957802855,0.042698920177916946,2.4111265060950466,2.4326129256753872,1.0803491874912603,-0.04038460451874509,0.11694037213200874,0.060340789573812795,0.01212086757237486,0.023959321285273758,0.012019664189159306,0.022020575587984835,0.031531206406902434,0.02143664453101951,0.04569451376898423,0.020171681008736852,0.03753750155764575,0.03269184042731672,0.03982891614877111,0.04563735302446635,0.0,0.02344713584171683,0.01854570742522236,0.021448629818560484,0.01483380069974926,0.012935064409926169,0.005705358572683684,0.021265982643340117,0.0321422006774289,0.013581959848104522,0.01572940231593614,0.010925054545852676,0.007073442298431791,0.016930131408016854
fear,0.27841999917194027,0.34126310520077136,0.21870042682740184,0.3980104934826424,0.3468313846407456,0.11778346139585716,0.4330998413994962,0.4855530116202173,0.07815820219956598,0.018421616598636996,0.46975500456603353,0.9918821639624809,0.1509172703184409,0.184394892364756,0.3633516460927683,-0.10647236160925572,0.1114759566691773,0.061514497477309124,2.364027018409564,2.989745668821252,1.3355222783122007,0.027457319095470438,0.11316115203933615,-0.09536825275619934,0.01216065512598232,0.01492739047189725,0.03090385390970351,0.025066203625207,0.019768263490347528,0.5625279305035167,0.5969282548642836,0.02757652233932583,0.0,0.0,0.02901390608099589,0.39665196584351536,0.026090984693447134,0.04049673941743677,0.698693420244834,0.0,0.01640683055367622,0.011097598599331293,0.0196703329085922,0.9038032577663804,0.8826694274910096,0.020601273929869483,0.03375606311722319,0.028719094949626694,0.017641807750434516,0.02825823216796227
fear,0.21756466614569728,0.25833480343118526,0.3339521004290291,0.3369702212805163,0.3723179391403857,0.1219694242227707,0.4518939489658033,0.3829940317276458,0.0488816951190734,0.0016778976296515473,0.36579411016221836,0.7811475377512506,0.17826435116028885,0.1411314604305527,0.386673529405989,-0.0046851953171248364,0.12989162177239102,0.028204748737694383,1.8835183578727035,2.7719188891687883,1.2895440240166578,-0.12364914689503638,0.09573737173594057,0.0017752017437281146,0.012002383146606583,0.013675895451322006,0.02106944181848259,0.0,0.026829297380948948,0.7583071410524127,0.6110888284421017,0.001550152833792378,0.03836397709899288,0.02285257979878217,0.029216475067865517,0.31788673880232576,0.0028727409789983185,0.025383575699328045,0.9027564908536403,0.0053199027862114185,0.018676571108119475,0.0,0.010879709301495339,0.824297606798497,0.8988805239325458,0.0,0.037165180827545816,0.017782862052850505,0.03682703642240899,0.029083065740986416
fear,0.2870430571026091,0.2284831748292265,0.2746851177263138,0.3816028393740026,0.39382008863174367,0.09044350935217052,0.3566290568971593,0.4556812163585405,0.03508706064297417,0.012487554670908639,0.4470212890222369,1.0,0.21086548601871766,0.17701708131172503,0.4607178994014382,-0.049426050341359,0.09289611414925024,0.03077095470864748,1.420771034697066,1.8596172865073863,1.1996450529002907,0.06818402568259754,0.18182666512518694,-0.0625291676197983,0.008202241149773694,0.0,0.014548120498711152,0.02363714047641706,0.02539590264913163,0.6471129828533814,0.6439138779074072,0.013000676155548334,0.02824077502090499,0.01770141048040348,0.019007679934959377,0.5537845255816229,0.03029470124428747,0.01759675181918201,0.7672943441172172,0.015647104765964336,0.0,0.03425965287126133,0.01109750513989445,0.9354617589251687,0.8541588295746987,0.03809167167955246,0.026883304563453787,0.03185760051973631,0.012302989020665732,0.003289679797702897
fear,0.21814949350597848,0.23633772206829384,0.3109760282301318,0.37589899383673364,0.35514119808882477,0.10800021379414668,0.40809658527915876,0.6380662470146302,0.055264655849481696,0.012325812647872587,0.4612756638153043,1.0,0.15135390024191026,0.1353854310275155,0.2823636892167696,-0.07679824228433144,0.09864328346333676,0.021490223647596347,1.9640697538164313,2.3715036174002484,1.2197742251048578,0.011802080410186235,-0.17254664785792453,-0.037436234767553714,0.027953169580353023,0.025220065278909708,0.043298252763444914,0.034223603923125706,0.022885506493758426,0.5529512360419427,0.582450255173839,0.001427348095469294,0.021993482467353963,0.024307708184992068,0.0316078664590829,0.476731829488695,0.033701854294074816,0.03396848737153096,0.697190397094568,0.01326517674878344,0.019856500003355128,0.010821029156323084,0.016836796996692053,0.8801258579234736,0.8376923676019989,0.020004021097205147,0.0077456948990281115,0.02658374735254769,0.02563240199895182,0.01008749530083839
fear,0.29220489989222553,0.261192383175634,0.3344064566613207,0.374110501101394,0.3536787864986146,0.12420186312790304,0.3872534294980796,0.3964626086310244,0.05636355574334901,0.02148513836804789,0.444609531573759,1.0,0.1225593833039656,0.1914996434891281,0.5320864329149785,-0.07386214761150196,0.08213130624226972,0.010782721851817667,2.133068229550203,2.66917970158596,1.2664539770799002,-0.10345819284418768,0.11072202590537988,0.13985403058784984,0.006518333706037077,0.019886722168156835,0.022880099708139506,0.020677399811773557,0.0057675414993825225,0.6577307525080657,0.5685435252431894,0.0,0.02885698399705945,0.021820466219961754,0.027694638379710305,0.3965545376365519,0.02814504576033247,0.03328766618815167,0.9753988907757233,0.030580117339255083,0.025002265415327348,0.002061510853797962,0.01861517201989628,0.7077338560962162,0.7681124130265645,0.04541575822933795,0.0067005643537313125,0.0,0.03057116052753994,0.0112501281113947
fear,0.3421858368361871,0.2112549477811277,0.271198168944101,0.36873913148488435,0.338422947068585,0.10604925519645382,0.45121269630080874,0.49142706738178077,0.08223841666427273,0.054777742518881095,0.4324330380788003,0.9331648847989932,0.19631399644839057,0.18105867357170446,0.25300940470215816,-0.0518636189283319,0.12705292646378505,0.02436692522022941,1.7800082879066939,2.2303131787551473,1.228511269641106,0.06144059955359154,-0.10531170255238478,-0.034073098619399896,0.050900990471218294,0.009478889916518483,0.02118579713445162,0.020075122648331643,0.01608380329793242,0.6452297286582959,0.6035262756316677,0.05565870818996105,0.02974577765750921,0.014070126215768653,0.035386565048972564,0.47566920579142086,0.020753316531191942,0.017633798278206637,0.7749966331099918,0.004140381143654417,0.0,0.024819617476646905,0.017502930566771366,0.9377431749710468,0.7610097787112873,0.005726733908946912,0.03009032738170524,0.01616060024761921,0.031124539469577574,0.020434997944433674
fear,0.3215961704049165,0.265809307335161,0.1945684535401284,0.37082784256231793,0.41824767664385804,0.04273894151905758,0.48635873429911924,0.3310228080449933,0.049592170299187624,0.021032972272193397,0.4522797593707478,0.9820498492483319,0.23082019023057912,0.23490641403128804,0.36426607087308727,-0.006224284730795233,0.09218048035235682,0.04151499256056839,1.7085754130678656,2.945266384168483,1.104795360866926,0.15020183134958498,0.06801671137435839,0.03277982052591007,0.0,0.027046858385150512,0.01435778134719208,0.016118019129623257,0.01695778541061811,0.6163447540650409,0.9227767892863392,0.041615174356265376,0.029089237117156656,0.023137223184710228,0.0346738959115924,0.47436600020633646,0.03060626293360699,0.02725688467978809,0.8128344958465438,0.032224061602874735,0.014537731438092394,0.020759892958277334,0.0072673145417424985,0.7636027768521885,0.5970849294316035,0.02593538036858771,0.029509758943066542,0.03411045498667784,0.005668454677933152,0.025718815996509565
fear,0.26251266964978737,0.19921800722234828,0.24272015245709494,0.36009294684819326,0.3652237732828843,0.05785292913949247,0.41036256311842434,0.46242445653884334,0.07464075969124838,0.009014835839175794,0.4343044811723395,0.8643613220378152,0.16350627272308052,0.15621350738751671,0.29645280480598585,-0.06899171831710724,0.1262002782338199,0.036788027008440076,1.8040103982621285,2.5289457359961065,1.1609592558431272,-5.686994734992974e-05,0.06638234488382794,-0.05211363351194621,0.01911282563913953,0.0233018397390412,0.00687549021779877,0.00831427129059797,0.032821257530706506,0.635406949885602,0.7096441295509859,0.03591254077334481,0.030994659863765796,0.0021927579688243264,0.018485515571141604,0.5540831479845777,0.026795692345612583,0.02239123616406343,0.6360449849985899,0.011985252714528098,0.020901253977604707,0.0014633127563432324,0.030317264138053,0.8382394281643221,0.6520348552477002,0.012634055992232395,0.016277762581967538,0.01831164184703322,0.03845507519352583,0.02751998470617362
fear,0.2865629344676706,0.33160399343542474,0.36995445234944724,0.41352667552409944,0.3467294989598666,0.12336378370379639,0.48298622416657816,0.36546404376823605,0.01696184049582506,0.02187340607479509,0.2953381697472913,0.8201524335080677,0.1546611867741575,0.1984219262981417,0.4824496963519964,-0.04949026166774177,0.08652793716493645,0.013801828725048274,2.2489714036414696,2.4607819711150403,1.0588576078682035,-0.10923650223704368,-0.13405574714140683,-0.02134532007263734,0.03515919293901572,0.004519548736559846,0.011096543695499993,0.016814638667170766,0.012691615446625677,0.7050754419450517,0.6963913830490825,0.03366261033259385,0.026530164814923478,0.01850014279004481,0.01558236751145749,0.49552776557136513,0.017526020645201843,0.020613954055219007,0.8509683288196361,0.02180122615459763,0.024011737178928055,0.009718018048923057,0.03754617294586858,0.7393327115214857,0.8939197731784103,0.013684071134418928,0.0340704985690885,0.03148863098486824,0.019973352433912787,0.04021136513001747
fear,0.3010586379950731,0.23151206313705242,0.2810125056952199,0.35845763538780573,0.38635676412032893,0.08323125148932296,0.6881846511700185,0.34288827600605803,0.05407661044245593,0.023741279038110873,0.43766657098870987,0.8714026232274659,0.18894550802816099,0.1682687429395993,0.5298512213022304,-0.0754043015012407,0.09629947989020315,0.03839166081985726,1.83991393229532,1.9210898164284678,1.2836602702579865,-0.014991937571102776,0.07935227003879798,-0.058098467164613164,0.011253363301943015,0.009637048146158076,0.007478802449469661,0.02395698864588225,0.020281768618910977,0.6526258269909865,0.5738639517337322,0.025658026157351712,0.011389466536689156,0.02091235581758626,0.01818346756953241,0.28115152198657645,0.04637419225638961,0.02747223992493372,0.8180206085694944,0.024394466618301865,0.046680292029391585,0.03477926367636856,0.024533932176706325,0.779169148437969,0.7949458716209333,0.0,0.015212328754170994,0.02860389881617848,0.02823717567754263,0.028009897944064638
fear,0.16419840556385523,0.29582996819307544,0.3882146396834685,0.35125606419902916,0.28434541077393155,0.07968352870064219,0.30937320493692444,0.40083711022017976,0.028578845329841382,0.03210112081647111,0.4544960363455726,1.0,0.22537056130526478,0.16823288279496393,0.3858840434596259,0.03777647289980099,0.11463203089749009,0.06019893129354767,1.850548402839697,2.2927432309928335,0.9754559857926969,-0.041229126560677946,0.049593922414408756,0.06593472318307314,0.0418518639727118,0.0,0.03188380663507457,0.02755457519066845,0.0,0.7642407312578612,0.6241301051598526,0.002828462764420562,0.024738270519036737,0.009307712803646695,0.01733583677457809,0.3994249929891654,0.008571427909418672,0.004550759306714546,0.8796834576620681,0.024223389572608396,0.02338860677835322,0.015265046368235074,0.020666854841637126,0.7763946261872638,0.7746698053330878,0.04223310959761136,0.03149905089664998,0.012701119261135978,0.0005498756231080044,0.0
fear,0.28771261768772394,0.2973795464577868,0.22600519388050822,0.4052325452383701,0.3540784085793997,0.10737106826327648,0.39914420089007685,0.474140420625379,0.08634702168565989,0.007138643460395567,0.3219084039300514,0.8181583644467485,0.16767328383275446,0.1699260604818956,0.29674714073206054,-0.051986492574931036,0.13902852138032842,0.047378170845481946,2.0686573114487503,2.579460922194551,1.279170318440194,-0.05073405206006865,0.009693391769329436,0.009469453444701039,0.037851963661127676,0.02312053803891601,0.019965466555187474,0.007110076550470865,0.029619496818974488,0.5655483593957326,0.5624500860799801,0.022510744714656177,0.04003982563192315,0.029443940891134467,0.01951207182453883,0.35184102792441213,0.0397874725238483,0.01926446235263903,0.7709793794901174,0.027217170298691605,0.014175340578391923,0.010210950394732132,0.011457779164962855,0.7840237396083799,0.7372632928735263,0.003894006571915333,0.03263638755778525,0.028694934697086807,0.009303627824107421,0.03154923066281485
fear,0.2977552490660828,0.3769997884216117,0.28075772006100264,0.3899595892978712,0.35364846420911694,0.12304587335781347,0.43835860217507505,0.2635870914103471,0.03736963406756772,0.021719390088081776,0.4757837093619747,0.9265913023633644,0.1811031680827045,0.1673901579523435,0.504874121017957,0.010027580840492933,0.08309389188647362,0.02346281343680101,1.5126606233441953,2.6777867187237754,1.1848806502063303,0.024745021833546526,-0.029141427798907563,-0.09806645290570494,0.009836670978070958,0.023533942210573464,0.004005776599092535,0.030334001719697495,0.01502997155611318,0.5418540929788705,0.6132985300537563,0.014780820187490868,0.024745758789237897,0.03515796852833809,0.03448374123836583,0.46596315176718567,0.017566521519212095,0.012607633619563102,0.6231980107533083,0.01975022259722888,0.008936850983458134,0.035838403440524316,0.01739062963086309,0.9247085993527576,0.8017487089915067,0.01121872795783091,0.027862273477134818,0.02360924160546314,0.02418869442807635,0.018780869680472618
fear,0.2666124262563886,0.33276652035551574,0.22698418045646732,0.3092281253741745,0.3558365446994871,0.11301839647243346,0.41431269550589955,0.5502033351270422,0.08226338590774002,0.0,0.3731203981087857,0.6020191831534796,0.20445733608445993,0.16382555234046983,0.34193556108412704,-0.004076322428096822,0.06679008792792224,0.02235767251590506,1.359820429406546,2.929624141209383,1.351032288165688,0.06315120703183355,0.05802955821600715,-0.17414561130660225,0.016179455052796932,0.0034218089242145713,0.030843264964358137,0.05581078253842753,0.016936060886689353,0.5297096106869184,0.7741692745580708,0.005277652280186888,0.015233231326745453,0.0,0.016057446808080224,0.32217127789097977,0.03636482708477408,0.007310132679775124,0.8779809628174838,0.018635796015219815,0.021629737979157248,0.026788874039802964,0.01930510692721202,0.7852195632113803,0.7687973743269192,0.026616738440378505,0.0,0.04181613695668343,0.02171368246156995,0.015613866167545268
fear,0.22115040924915333,0.2995044685581158,0.27592029678221824,0.36562406901615213,0.4044941953924161,0.07989479030788915,0.4400115093440472,0.3220152939183341,0.05962556354043093,0.019772699660564788,0.4012142473586034,0.9260024254656536,0.15860697580797442,0.28609707597073336,0.3830573273333312,-0.038139326553099276,0.07151448127218232,0.06548936896170097,2.05987372752721,2.6182945778002837,1.3260294430252468,0.021286784978192832,-0.05348680010987143,-0.01424385168385409,0.018649197895164192,0.011199076713890286,0.0,0.014966656671633579,0.011128709928471295,0.5356946717402206,0.7953085933304462,0.03277596414728823,0.0,0.02199823608545547,0.009375831116358719,0.48667939448460884,0.009604589847078425,0.01299304027425929,0.8963039391378296,0.030651432268416056,0.03962324257808989,0.01717837598469836,0.0010763953305915688,0.9421293712930714,0.9427087319005977,0.02816751567409232,0.010331237963100447,0.006079570395645715,0.026967535515558267,0.00848001121721096
fear,0.32121988712662086,0.24556211852319407,0.24243911400038343,0.38147371768652166,0.40490971491074157,0.08720911788640684,0.4145979389085333,0.456797643019743,0.025693093269138732,0.0023409269521587756,0.3176795467439887,1.0,0.19006380405590528,0.23377257787693315,0.24102434520053626,-0.11067651167503058,0.11139303794249515,0.03473947799236036,1.8401848871835367,2.8323136803639244,1.0582576686395813,-0.024637861355433614,0.2615859062944657,0.1703158912880477,0.014333117255105613,0.016748822975711623,0.017537533970751428,0.02890416488286536,0.004269942835623836,0.6311884006825695,0.7662371949208984,0.04772577175929006,0.0023636970510118732,0.02430308122571241,0.017528548976496385,0.44012058510968927,0.009735437125824092,0.029825457683796793,0.8704494091914483,0.05279738240476321,0.0028259689377382984,0.0,0.04671150758910912,0.8448108019977906,0.8043202104531565,0.022447137957006365,0.0018669182973090892,0.024886182806547117,0.018956594391731484,0.03395912413176025
fear,0.36342600867648245,0.3099651597220045,0.2522777240143176,0.33572326681804393,0.33910405713581226,0.11472075177466484,0.3467994755156415,0.462020711844556,0.03542470786085637,0.0037094283726146655,0.3235834836437439,0.9463717883608211,0.2082596698892839,0.16397644803988679,0.21392183073859716,0.0761733579444492,0.12794491860641174,0.06631488646975654,2.629060548548959,2.484869617090371,1.1351597912051794,0.06856104467311863,0.08462996421359319,0.015266877107882687,0.03762528830341752,0.0375375544494151,0.02799742804397652,0.03147247218852062,0.003895961005276293,0.6242530391424078,0.8203814782619607,0.030456475272708186,0.000993728964609468,0.013095664444703241,0.04003243750768136,0.4955217150398683,0.022364561128812303,0.022755492974500247,0.7916438606851715,0.01318484225616858,0.009163345885531773,0.033134219441430766,0.023088090109303613,0.9207053099982083,0.904668897869464,0.03831331404864397,0.025910352657694466,0.03070692483548844,0.022174679513451468,0.007683229838591111
fear,0.3554534540882273,0.2560841396932243,0.29175190806837475,0.35612535238175486,0.408729376257562,0.10941121479792595,0.4806585515091771,0.44723637084455437,0.046061296876911406,0.001167293453664217,0.31171585272818647,0.9772737804372971,0.1820035187557324,0.1971003017132944,0.4553111402283804,-0.04628243566251039,0.0912922148496302,0.04632541619821122,2.179269711763052,2.306549249016487,1.3558484133131932,-0.01804935924415835,0.05309273693144498,0.054213818757115916,0.01985343861239851,0.02327161010923981,0.009384629885756092,0.033843387517352816,0.03870655377336468,0.5136852869508353,0.6900889081082677,0.018597156094043825,0.023692465860967342,0.02587721750105499,0.0,0.5259486787800721,0.03446117065599303,0.03592246420277892,0.7055377859543029,0.01959735421821227,0.01299409434989429,0.0,0.011933016192078505,0.7415891860369233,0.8834526332787949,0.0,0.007265869481054258,0.013246966220774054,0.030012082920866018,0.05611107428942591
fear,0.3142190201993508,0.21000776718988828,0.3370294036679569,0.368202289638813,0.3562478546019957,0.057877845672306506,0.5213300019583472,0.39097410198266547,0.05268961403063985,0.017956916672479506,0.2891340003875638,0.9148204523917652,0.13521949289324714,0.16489725554229817,0.4146223558946474,-0.021901600766719476,0.09954382851286311,0.03453099705472059,1.8895913031655227,2.199048328064613,0.766780145967799,0.024247196386897603,-0.09288997255380807,-0.05432798421036185,0.020952382318597553,0.0,0.020990544217981237,0.0010273415766085155,0.004318692505159778,0.7168615630608021,0.6524569393186136,0.0,0.012735630038683688,0.023405331044593507,0.011949221905158883,0.41568482455213646,0.02317294189581156,0.02058114200617449,0.7007743707050144,0.02028992979526285,0.01626452181611394,0.042413539004685474,0.018659923827480558,0.863497267696733,0.8759786252748424,0.01581003910757671,0.010641002957938244,0.02597698003574983,0.02608329465820505,0.047073494762470275
fear,0.24410323421755423,0.21458536059484573,0.22781318271392248,0.38063916399174197,0.4026487966398342,0.11835006930952778,0.4370625332841263,0.5799422758788129,0.04223604746981686,0.005074007390248447,0.4177094345398516,1.0,0.1487793952596621,0.1243654390924965,0.38301635589880356,-0.019142524034762694,0.025885840379575795,0.06710394503750092,1.6557909319067847,2.7236232350976066,0.7926070130890679,0.059393232052836656,0.0683351369071872,0.05741883186922229,0.0008269256976777724,0.028043339419534047,0.03580500377498835,0.01988116317968325,0.051139477643373066,0.5477404098062764,0.5464632371073539,0.016071186980350448,0.015452500304222037,0.02368526826935974,0.010342881761730163,0.5067510551151767,0.027066917282517353,0.04097395436252557,0.7509556335488246,0.024380622036390485,0.027875947065766828,0.01990601736131135,0.01724833691844464,0.6436239602670789,0.8583393463515859,0.027741481122335872,0.019248392476543065,0.00983042394760916,0.0,0.02588975313211354
fear,0.2555439528433636,0.21129204228520293,0.333316590543899,0.39717109777813175,0.41767750711656565,0.11303561542657042,0.5111683643864732,0.4837964911959942,0.06002935101794467,0.02063799522633228,0.44331795605014224,1.0,0.18809113759559118,0.19092426092985337,0.39584597570857494,-0.0559636751604894,0.10616055386331694,0.046797536361423774,2.471794395467885,2.8441326389727655,1.5585320287859359,0.0026504222427048596,0.12509560982424853,-0.11595176322680223,0.01969398012794734,0.023752283186522144,0.023210650185390765,0.022594708600018595,0.034689916173050006,0.48750156936122024,0.6960708712904817,0.04594500071605495,0.03771829882123387,0.03623136827759466,0.030946793013840325,0.3904218587874466,0.010252043862731508,0.010353614217705476,0.6861545217985172,0.03230591157036524,0.039088722285360186,0.025647546738018556,0.030462208955608534,0.8793468845716765,0.9068759421699301,0.0,0.02409079950874917,0.014467981991018031,0.019477918080734374,0.02293494126257896
fear,0.20468660559849813,0.21992924305077052,0.22706965151747915,0.31694749634250646,0.375863263852744,0.07748758497379327,0.30560395240923144,0.41890288929267605,0.030518604658115234,0.03896807450168701,0.4093040072290776,0.7257518203074713,0.20104178203454,0.19327156482986757,0.36091127010996404,0.012984770707636387,0.07561197812485429,0.06811505773181001,1.9669054143461833,2.4430704351083903,1.0220319779012306,-0.05724806640386812,-0.09680488955760792,-0.05967602790667845,0.011081029094563813,0.014331486262973031,0.0,0.02450643944217002,0.02149362072130132,0.50022931588898,0.7159953018688041,0.038941825676921976,0.011361254280667154,0.009797989082070902,0.034474365049764505,0.4903251464446053,0.018232991490307732,0.030589307813727658,0.827411034403464,0.0385705064974627,0.019782192790903454,0.02554413928336051,0.03427479918469716,0.6052171074229866,0.9634248074460224,0.013433624694476044,0.026499317497055093,0.04163365008391614,0.016023313222659343,0.014078263075716739
fear,0.2777891372791609,0.3655707042804861,0.2626732103788456,0.36102016764246886,0.3883279248989652,0.07244463495521616,0.44205235807658155,0.5202771816434766,0.04627190581920715,0.013720037068156832,0.478065966083647,1.0,0.23772492990068023,0.16401283456545854,0.33365471997369744,-0.0688631996292356,0.11796301463285594,0.029056038344214146,1.7293907010195981,2.180337366488782,0.9873670531518367,-0.004379438558745451,-0.13070612967982723,0.17592990442759526,0.03149668396662023,0.030620635659297527,0.013738143992494383,0.017479732740189234,0.0,0.6042572327054849,0.7743953509563246,0.013346340582739098,0.005797365647937584,0.03789092611383235,0.00551175751390115,0.6046060214216369,0.057542862440159756,0.01857809535729268,0.924377821971966,0.0,0.0,0.009642542872611926,0.03069145863855692,0.8501744057075395,0.8313598216193461,0.003219135454340525,0.01834445095128229,0.011633046329068726,0.008007555142665204,0.006904298868686579
fear,0.18801128255063515,0.3061632041274478,0.2925170936995743,0.3530589223102716,0.364845508756058,0.12335420702143376,0.3377172230044213,0.4551689258092454,0.027160058859566613,0.021138908044710983,0.38188021804196354,0.9462009779397178,0.2113912820987135,0.22151262840412805,0.4669367257184105,-0.06585511223940634,0.1175792676617527,0.05886616994447119,1.9793570059166814,2.494244053559165,1.1356777303376846,0.015355137438502493,-0.06482944967236588,-0.0005213931576066747,0.038133521623534644,0.030532812883965484,0.015633749140774568,0.014729243767767634,0.03244899836292085,0.7839969322702813,0.6815535072968748,0.028561439504166775,0.036940709302463945,0.017727785485287258,0.0210851181971117,0.49867283127133466,0.014423021579036577,0.0420875848269084,0.756199735529496,0.020796721997940203,0.0449128891938542,0.0,0.022807460104755532,0.7839433958383458,0.8500169316377524,0.004323560216070662,0.0151785792765409,0.02032210327637003,0.023098160786976032,0.03164338003677174
fear,0.27665752751233563,0.28167833041757334,0.23683386087804068,0.31359009996165077,0.3665131831676319,0.07514370842967825,0.481212452340704,0.3773668797685643,0.062122634702761206,0.019292075299363536,0.40104705720415795,0.9124324105553161,0.16495251181707316,0.18103014145119764,0.47453202584371845,-0.11137491071486302,0.0837965915473277,0.06849155915857377,2.366426325844861,2.957182715043927,1.1490994132621135,-0.1859071621427546,-0.011328246276839305,-0.013975355130294567,0.002862215235217014,0.00559805676720046,0.01611675516556859,0.02988905695284208,0.016689179210693426,0.6168318474508242,0.6896935009642718,0.020360379054862453,0.014272354590519253,0.006980331684241508,0.032310390303112405,0.5547813226320351,0.00625007071692649,0.014766074177971954,0.866697280230307,0.0052103924906651295,0.02474730696393966,0.01575560418104345,0.004182155661999767,1.0,0.8158565688684366,0.026815995943271106,0.005424769982353948,0.040180416940304206,0.045316022887948545,0.0004716724382637684
fear,0.30128354365633103,0.19262203009322929,0.23900827361037472,0.3691513120303531,0.3423161439460608,0.09098661794596546,0.33254300036572265,0.500690141823715,0.026557380417244293,0.04002901371088192,0.352211579234567,1.0,0.2059815629226603,0.15207448608408622,0.3339394265227224,-0.06829753830589204,0.09025867147744304,0.027290805027615522,2.273507502778682,2.1899977220094797,1.1389919743456194,-0.01316483087905237,0.11951001717063948,-0.03747457500142057,0.033082595428363025,0.02743336226655669,0.011923023904967347,0.03353211901460753,0.028652017049742143,0.5794155248532854,0.5985952183770045,0.03300655361196196,0.03012279002560054,0.0004666517309657864,0.006927295832564037,0.5195379160349005,0.00473313083593567,0.030464191890306067,0.9935787059812026,0.02485276480999792,0.008001151458082013,0.022294574495989698,0.03344996928245764,0.8598910424835734,0.898383648805289,0.009607630949920875,0.010592288186762644,0.0317787405622634,0.010743190961706395,0.0
fear,0.36558033165498144,0.2844043969673232,0.31424809279328947,0.3636187905117558,0.37062210443231347,0.09532851234710524,0.47994921436402643,0.3934309808493173,0.08465149630703565,0.0,0.4399620644156962,0.9987311234899043,0.1937374256734303,0.1444615296267192,0.24574835028853634,-0.025768997091001965,0.13352502462898153,0.05385401034136325,2.361712671980175,2.2770504169626564,1.2210095655665176,-0.02450660594188768,0.02827764351243369,0.0846808480945045,0.03593357880564367,0.01592388294877608,0.03541433532408904,0.0,0.012030960747667956,0.7045916124952897,0.840281067715729,0.020185560896270074,0.006559071876197149,0.04444102504647819,0.018360158164904845,0.5164778873856806,0.015652477738851846,0.02184958671596258,0.743788286355923,0.04934936623578058,0.03548601304818661,0.0429855980429992,0.009749996243618034,0.6674976609844512,0.8207045677368687,0.05271413607462404,0.015815649541926182,0.03367324496861796,0.006677026949947849,0.0092229093797438
fear,0.17323426283058682,0.31467000097118025,0.22026578770959243,0.339553153939141,0.37531171215784587,0.13496089276310833,0.5545680846349905,0.4756964141626953,0.05604830540411999,0.03750075684722909,0.28971191646840333,1.0,0.15276867825719703,0.20003362542719144,0.34029975729373746,-0.09624037195717404,0.11153976192593329,0.05413937464362618,2.065747262249368,2.39236874955843,1.440774258676144,-0.006383381460866307,0.18987246236633426,0.08801862712314035,0.04850644017198687,0.03628773343159218,0.023606311247865108,0.0,0.028153024061223428,0.7171390352621195,0.7271332929405115,0.005167247747079818,0.03105083155547243,0.040300620505658885,0.007225910111489731,0.5184657297678783,0.009446903682803187,0.01864449422602437,0.7051308797638669,0.015440739948527071,0.015541537442376517,0.02535957429455757,0.03157465830173492,0.9716177614558579,0.7848033967743661,0.024678290663680182,0.005723862815658861,0.018561055516436373,0.02055563109104796,0.008007020862946534
fear,0.34367444337737196,0.2577608119746736,0.3242103102048571,0.4032863458818851,0.4014481050534463,0.09529662009363855,0.3746186811681542,0.39498029650424005,0.022233055667936933,0.028918243287825135,0.45236600278707045,0.9679032942298605,0.12908297236042496,0.17593655384112594,0.490420732279602,-0.02561344065612731,0.11957620491392965,0.10789103819079204,2.206624266609409,1.6351080828364428,0.9573976088879143,0.0447284601017339,-0.014017915459750062,0.012349536009164573,0.023972223551786218,0.020243608239141037,0.017764159907511103,0.017992387795910204,0.009802340162725794,0.6873814388201979,0.7894360760005299,0.04252040247505841,0.0421517854194777,0.007572433281165962,0.019737720947992442,0.41861599224460794,0.027695650694562424,0.018924946972034114,0.7774372512007013,0.038909530752091026,0.02127891950373492,0.0216143871191188,0.02537209633066357,0.9176193769379576,0.9181955871361734,0.04017778544988444,0.0032869916945459793,0.02421801063484323,0.018669066974051244,0.016088576332320678
fear,0.3677207502318979,0.2055543221954904,0.3106935948016561,0.33327942586035414,0.34074684138118827,0.10150198757422295,0.4190912235710035,0.22809605980556388,0.060700717326031405,0.030136887601884717,0.388725561155935,0.9134551207954017,0.1662030665424119,0.12410858712091137,0.2346169394064214,-0.017854731541563466,0.12661751757314255,0.06044451651175592,2.2232574462793115,2.7454766359125933,1.2917642827552254,0.060622450263452574,0.11668886435644649,-0.04734074846008288,0.009792988051645477,0.022891989642976437,0.016151054898334554,0.016322784060891698,0.03482266051125364,0.8074661399711032,0.4153657636063162,0.01668403465844267,0.016003322743226703,0.03509913093028173,0.0011451183741090498,0.15104219885751058,0.03067215630980159,0.03251814116610058,0.6215995506098286,0.01838277769799492,0.0398923582668902,0.005985429561835225,0.02131367085669809,0.9007962283902583,0.7072368431149082,0.012670055988344683,0.0,0.017861087287515426,0.009717086155536594,0.0226999141596209
fear,0.2908003922343513,0.2635383520166629,0.26051741244022353,0.331054010438131,0.37344464060585963,0.08762814361753826,0.4901490489182183,0.3776904444183134,0.04184365723579958,0.02562059442296471,0.3912566310000902,0.657150980573228,0.17943786571336892,0.15913171136465173,0.4745143613211726,-0.011155554483938103,0.042926740141774646,0.06402623067129638,2.226522365534135,1.8897738421772348,1.3216115152841423,0.050786017013374235,0.12497659201903978,0.18658246102278012,0.0033615002662061855,0.03488991549140137,0.011599551261118739,0.0002653851024224385,0.04756972275285307,0.49536714990490777,0.5693975877911353,0.012071034699911522,0.014076311300159194,0.02908415788119313,0.020752855161773633,0.5504302877532888,0.024834923302542423,0.0,0.854985721910287,0.02303948479202699,0.01187982728357911,0.04695842932276398,0.027908525475329505,0.9441726743077805,0.9476572962563257,0.014539304329769328,0.0282340068603653,0.024108349748450175,0.01275866956649138,0.004119422303579624
fear,0.2705198099578293,0.2814226154744582,0.26507707902026006,0.4064795784541731,0.36810722478777635,0.08783843345873532,0.3098779739028936,0.4347163357465873,0.03990558146258194,0.012018507682002593,0.4659827909092821,0.9621596882299494,0.1177495264187057,0.21382502610159906,0.25343706731384613,-0.02226720718936046,0.0881231189937208,0.05152087620817398,2.0919053479792558,2.394082120550174,1.1985524071497555,0.0019385278088806918,0.05282364139708806,0.0012994346690863461,0.02106449500195939,0.04430648172188149,0.022911329356187768,0.023213423665010172,0.010776226170174584,0.6880895023736381,0.5476408939528677,0.03495166048514518,0.0007034700296773624,0.009032436994075507,0.0,0.49196437421739486,0.01448964459216127,0.0289170550072404,0.7024409214624237,0.02690918146788972,0.02753787608409706,0.02275337124815073,0.020401355485124333,0.8637199183266642,0.758930748850194,0.006021496028603265,0.027070343816437383,0.015207016743674993,0.025894095510711868,0.040162849980117044
fear,0.28202649851612077,0.31193521804746505,0.27852388090794655,0.4223564101245011,0.3726254854491334,0.11952060973686614,0.44714331756981324,0.5284169202884816,0.04640772343776227,0.01162509191651893,0.46337413744856293,0.9412634966616905,0.18907479377143818,0.22780248513668866,0.39111867946373147,-0.055969949989407464,0.08661509238750091,0.06857941485484625,1.9889389212803006,2.4307095682509074,1.2127910099686479,-0.0365726032312285,-0.05400813287396513,-0.025942656713754064,0.023676207628111335,0.03317809451048377,0.019092351369248667,0.03789299960011662,0.016766162000299907,0.6870761634639974,0.6316225934170442,0.04721081975660239,0.015441722501108658,0.016617418539969894,0.02149163286307389,0.42332265676104613,0.024088345817591516,0.03597814727983454,0.8147304402468503,0.022395507405440537,0.01702105155343527,0.01343404262952298,0.02125488697585623,0.8507599239631292,0.9673261705472277,0.0075319869635223705,0.038908951040843236,0.018091403654979858,0.021930950908413373,0.006157125337535433
fear,0.2943363691941587,0.2630677022912979,0.1726057365321737,0.42481874057061003,0.32837425812419985,0.1068186710058203,0.3934400309658678,0.5312202625300034,0.04335898913142931,0.010224327944096483,0.44166097044409186,0.7560265412017844,0.16470869136373925,0.21657443830173703,0.5005474089108236,-0.08849646214479234,0.08471102847908653,0.05616240932115191,1.450837492314271,2.962503114236676,0.9760925333293643,0.044954946857681914,-0.08644287441546658,0.029871223701735682,0.014313670940856598,0.023390977006836802,0.020666076429798834,0.007472991835967011,0.04237896565362427,0.39248675092234403,0.5377992376472452,0.011721927123891652,0.007653840511385063,0.03585419627460258,0.0,0.605746303212259,0.016384261857289095,0.0023077453264046914,0.5899096185980701,0.01720330234591679,0.010874388607468661,0.023074432715039613,0.014142560390754247,0.9455802670741489,0.8357508804361444,0.014489190257552458,0.03265230579297471,0.022966203674721065,0.030070211713122977,0.03493258932225625
fear,0.15256588785616484,0.2747080975457287,0.2683068976255766,0.37122157210932305,0.33596670446435384,0.12738618411467426,0.39282336612851726,0.41442616046826,0.038372825631923804,0.0359884640011236,0.25400962679963246,1.0,0.23451471005773583,0.16825268450988332,0.46215390200023315,-0.04479640656697614,0.14132278362086592,0.0666364398820945,2.812771986753565,1.860289616988117,1.1952075452556348,-0.023504033769654785,0.003442309050066521,0.06750431545475548,0.0,0.013256721922398778,0.04924548639317673,0.02608660586639776,0.03279903520942703,0.7013938626963945,0.695046174319207,0.013209476973451761,0.010787648798394563,0.012860950316103077,0.0,0.4417961426055287,0.023118050292723104,0.011950139662635846,0.7869318230661277,0.026825632663720442,0.03150243079835386,0.004428473935463676,0.00966791536385922,0.9252959435971215,0.9089007216926503,0.03747718375486063,0.03693802886431856,0.05139335114128313,0.016194043722202994,0.04052133204962853
fear,0.3081850380635447,0.33147613227962536,0.20952110859026074,0.3277573464709305,0.36347020837180605,0.10864298925195631,0.611397928895866,0.3764370081208895,0.07695337723514847,0.016547339678355588,0.38043331882458903,0.92501396499252,0.1687047458447581,0.20873172555045455,0.34840455348673677,-0.10641828787725943,0.09330476459401361,0.05799118242392953,1.644243398752676,2.669640823550571,1.3772156139476799,-0.07360117631623496,0.21546475627196723,0.036375751935608276,0.039239100657674664,0.024389631917362042,0.0,0.0284190600276302,0.032573227248221974,0.5803465828114107,0.6427317051611401,0.026286792863583253,0.043234385886718234,0.016673954066323483,0.0315863266017848,0.48162976237247734,0.02259255789460024,0.037296103209403714,0.7168577713030125,0.022995283203843152,0.020353408618013144,0.00041004055114448115,0.03602358336097902,0.9329017176501669,0.8533879404568171,0.016602073073378604,0.020002884824050975,0.029195830481512315,0.020687636701281372,0.011322495539262747
fear,0.2973328340693162,0.23876315418427085,0.23037441934796615,0.4557939611340509,0.41819554228717437,0.10359862602549792,0.515953760716502,0.5291234729078679,0.04867973330423077,0.02367582478930241,0.38164806940421936,1.0,0.2269690220019274,0.2501338768296487,0.4012798855807001,0.03671219872351242,0.09809122225605817,0.0858212834541488,1.9494275933734067,1.9602162827601484,1.5331166769718731,-0.041366365887849296,-0.0010911935030688267,-0.07460745223062923,0.028584902592361808,0.02674859254664606,0.01531370025276527,0.009013061862504553,0.010246728230049004,0.6638547284246019,0.6349799335550602,0.0,0.04201886977245445,0.014543750893167793,0.036099323329687724,0.3794351934494351,0.022012952632979668,0.032640047024352054,0.8834345922713482,0.01651651147500828,0.02662082085658315,0.02878730669692956,0.01807691594655554,0.7386281707661597,0.7875433040552073,0.015070023987484665,0.020338764130321343,0.0407009458254029,0.03179727165400241,0.009391171155065235
fear,0.23117268407516944,0.25648369319686065,0.3339727994354303,0.33363382812241116,0.3616551386693548,0.11177276869929545,0.3707223979739373,0.31224130696518715,0.06587922787115198,0.05722397349218897,0.43212063253282945,1.0,0.14728932833063862,0.24658247681604986,0.3498587131610225,-0.0034513071391873776,0.11518244153024343,0.061054696257161506,2.2928245070710704,2.6619417611188494,1.212143801953185,0.14692178360640928,-0.0070946707637184764,0.05378285301334826,0.032600419810838804,0.010561366075371366,0.01689533518361204,0.039085149159208625,0.022247782594066758,0.6174060177624477,0.7534869378003397,0.030886606711963135,0.003102348168150977,0.029489109900338338,0.021785389879134833,0.5211901547932619,0.020139162740534934,0.026035911661665773,0.6169000807843443,0.008365842921131626,0.029621315153461454,0.054078672520275275,0.024774578893480496,0.7807195302345091,0.8635410224751229,0.008385484283809898,0.03624770416922718,0.020625037462696824,0.033691704445384815,0.01800508535826874
fear,0.3080586085723162,0.26604575444909206,0.29869452235174376,0.3702763206951608,0.39146500080206964,0.11553815966986582,0.48045192947701715,0.5181584327526039,0.02632159392455138,0.010218671063401737,0.30303186557186934,1.0,0.1953111149473638,0.24333386020897788,0.40813327884883815,-0.07526805821931047,0.10335002029472863,0.017180125527382933,1.9673264604434064,1.5639687061919063,1.2204477976017047,0.0913568434607345,-0.14612358612977855,0.0019582374876060842,0.016369120241885495,0.01828041625851115,0.007889405457174307,0.01130486498766649,0.029004013081556125,0.506393007714648,0.7005687689759963,0.009454113649602854,0.0,0.03594247049350473,0.0372793498324822,0.3960532098401179,0.01285942635805382,0.016738629783667636,0.7189934698473215,0.011759984409215888,0.025850792415335826,0.04696061922328841,0.015388772618952305,0.9523104191827511,0.8852891900168157,0.0,0.019682330964130402,0.018049322400206992,0.039038993866729765,0.03956699399433541
fear,0.3382065141813314,0.2852175482200073,0.3370790805584347,0.3959823106318605,0.3814935234248667,0.08146030335966864,0.41740784600606345,0.5082997867107538,0.06563555706518133,0.022059071826138865,0.378139620967197,0.9791867889697056,0.16969640021461818,0.17949290812266666,0.5368026773020051,-0.06901948050522351,0.11269471183063975,0.05267617468592818,1.701372173459121,1.9739656112617467,1.1450743936177565,0.030143975419738026,0.10928332686979575,-0.011708805334593486,0.0,0.043795275097797126,0.015299008765368445,0.01423850957760851,0.03589982839442135,0.6359280562134391,0.7151043173639056,0.012556400023761391,0.020590634683999298,0.03259021604268809,0.008796427473080938,0.5027735099637767,0.0,0.03645156204094236,0.7443583599535707,0.0188864527346103,0.01872660307682196,0.007326861566986602,0.006328805635093136,0.9021344512970293,0.9068335483350662,0.008491444830376144,0.027033828499431672,0.027252624275947282,0.015083151736966744,0.003184559333932413
fear,0.24919030868567418,0.30428240873345075,0.3457968740770555,0.33689109406788936,0.35105977416902817,0.16857856503198532,0.47254224388897587,0.3518224639257433,0.04164230489338959,0.01016002971881324,0.4266275253156485,0.9969283940933071,0.15644997414756143,0.26146797313087783,0.3868106660546044,-0.06822920144666973,0.06947195554575111,0.03434160515668803,1.6950422585398461,2.3780605591916104,0.9971666836034727,-0.003003465077416304,0.032857369934096374,-0.004709203278529384,0.030191791956394883,0.01240238220503777,0.030922612891285263,0.026389075260745232,0.02839159814147299,0.7396749055076295,0.8493323445564248,0.008963033971111341,0.030997990597563807,0.025175546910153807,0.03382264607335191,0.4610797526048026,0.035288146945966395,0.003209159259549274,0.6995691429244725,0.012600266864134102,0.01902825374840688,0.020602627570392964,0.01037964554406151,0.7509127512717104,0.7844709861838405,0.0,0.01625424588469864,0.019240716894099827,0.025733473846088994,0.02216933233939011
fear,0.2989644936255039,0.30785770907506316,0.26852153561491954,0.3629886473605704,0.4176467122385125,0.09824863576329153,0.3467804580355749,0.5040026167494874,0.06531615151192187,0.022008804601275467,0.26851581841564753,1.0,0.18850654887554205,0.1780550492654752,0.47504473084826543,-0.13098553833654003,0.10279653069707638,0.04053611683680833,2.5849475258668466,2.5416882945969443,1.0009035330789882,0.14347185208625177,0.0731136009241119,0.05898506823544609,0.03479705134833752,0.0,0.026602722221858846,0.003577209434757103,0.013988310645471347,0.6259322672056289,0.7410112398613887,0.04864434749012769,0.0,0.025801955037642307,0.0486319296509827,0.39270703132907125,0.011745012587607533,0.023067301190775918,0.8828835012576127,0.028548774527593433,0.015336872687032065,0.009567019483105935,0.03710968927898717,0.7725429240360527,0.6583814944271582,0.00110585824490669,0.012510182279490509,0.03940257186935728,0.00455129338320256,0.039784936156886344
fear,0.21842891576730897,0.24705611482399203,0.3699964906048258,0.34292496453376714,0.33681203489833006,0.10470754880250041,0.3407617613655479,0.4480918340949823,0.036025246509799366,0.054940747143810115,0.33576632746901963,1.0,0.1378138205830609,0.20011685356052109,0.42002511998980147,-0.044329416892411565,0.102010019690968,0.06507548934682934,2.235644583995149,2.3847293568873655,1.0359042849339122,0.10454551195711691,0.020270803956943882,-0.2039275398578242,0.01784534518280059,0.017684856140548138,0.017429056378490494,0.020990593793739985,0.0016788125157123253,0.547242128471231,0.7331773763297711,0.0,0.0355614161390979,0.012734030955385695,0.04170313334317656,0.5726215545555535,0.01574380083584637,0.017091686863929305,0.9593260845784601,0.03655204535964076,0.032645622493958575,0.03487448620261831,0.005862215221346367,0.8705297300182061,0.7729623298364944,0.0055280160670173085,0.022130540732904505,0.014620046400409691,0.017838754742317955,0.013499543984254049
fear,0.20500593404617973,0.28946248749827336,0.3591122694611999,0.3887618244400528,0.34443832721680673,0.08763231272049117,0.3758266438555037,0.39247532759654935,0.038434493058693744,0.0009124672439250955,0.3689213923543295,1.0,0.16468211158268684,0.1983681056641228,0.5097546581696072,0.02342661283434426,0.09830182188054803,0.06540318794748286,2.0458399218406926,2.2658275847213694,0.9545041262935273,-0.10035816911867239,0.15271137839671292,0.01246612219369728,0.0211259608433203,0.03409696966760322,0.0034325411831559183,0.016267782685796588,0.015640559449452845,0.6746878880549931,0.676276569422191,0.026984062519532042,0.04466076906845043,0.008683554532614969,0.007969117917158736,0.47473655471056103,0.03888540601352711,0.0009890863179129183,0.8331372360937096,0.017382598358946365,0.031105746208594028,0.028166471450025148,0.020630718553598097,0.8987522643139203,0.7841721946369632,0.030402915820888856,0.0380248059066498,0.02130208661797118,0.014696614746605923,0.018113023034431873
fear,0.3295094487109231,0.22889254922194846,0.3020736899203709,0.304009143463022,0.3632445236389247,0.0982925986864135,0.2975522695809808,0.47579312428665327,0.030726193758784534,0.021101775077678252,0.3711785989640687,0.7242151447632512,0.14130813633304098,0.15282079499211343,0.45859302588504275,-0.01656737821563195,0.1548625356588057,0.04104216403246994,1.9231785700179276,2.5009145307581355,1.0946309399341396,0.06317653087003841,-0.0037679366629670813,-0.09597147896529494,0.012426680480094456,0.020707523036899697,0.029146912031884367,0.0,0.01256138937712419,0.509720702626564,0.6346168905238325,0.025624190034387484,0.03452024375464864,0.014361307097493725,0.021381543282457442,0.2817875259302415,0.008813943991897723,0.0226928456027858,0.6640985565547376,0.03608115686165176,0.026805713301905298,0.008240439539593128,0.0007318697885792882,0.7780702717302455,0.7600679968587003,0.00417902986471318,0.0017114660061765194,0.017004798671271068,0.029519390270375277,0.010755930974772083
fear,0.23910316533564435,0.2946115563095196,0.28624682803401236,0.40086958316922217,0.37676229566800584,0.10640017844392423,0.3360836581968895,0.40929325409025613,0.035993033461295315,0.009311332781485483,0.4010854692159717,0.9867252144793005,0.19035782184060868,0.23856558961384042,0.4186839411172028,-0.09911403479192875,0.10506352209337684,0.06022660510241301,2.5102114322893962,2.391792667090963,1.1334179764115635,0.0355906822254878,-0.029496840061062624,0.04898533532648177,0.034025655278539124,0.02232158362885078,0.0,0.0,0.04393010016969194,0.47862723107313027,0.6332788109280706,0.031480520667492476,0.0,0.005939711977485133,0.003792373107837605,0.6301126302286177,0.04623600302538353,0.010455767544659975,0.8579498256997121,0.024004811499761587,0.01634968706082235,0.0,0.04999703221039489,0.6683986224378213,0.8712105071144245,0.011581229810154867,0.03310479716948249,0.03099730679023578,0.007275425565613905,0.009728350766234009
fear,0.2570334667225078,0.26727018075001013,0.37920802912830653,0.3880871292047892,0.40043294175717037,0.04394888338046249,0.49240738314843324,0.46948136389081935,0.028090256804015272,0.006429327884512944,0.38470949368999663,0.7453456813315668,0.15044809125412528,0.17222866750812804,0.4258815396831267,-0.0782722394228719,0.08881906508493871,0.06792586776617258,1.5266158467820177,2.5358006162093285,1.2316502832409635,-0.12401211164127073,0.017532109889442964,0.056870182460244945,0.025418773306468842,0.013482388047220788,0.006156781858204506,0.039753692177388354,0.008865559425777726,0.5382970389177094,0.6520201232130909,0.010391408903479804,0.033660450852930644,0.01655272710322996,0.03534615602215757,0.49487746691580536,0.014953263244846849,0.03448221760234132,0.7349162965465081,0.015838139226763526,0.026879068480896808,0.022946122787446028,0.011242074674587361,0.6963649804638232,0.8481356496530432,0.010547463080284739,0.02038539484038413,0.014527341181641737,0.010671618187274906,0.016513969733600732
fear,0.3889100026168099,0.28735466985885627,0.24500758752231633,0.355011145825243,0.3770496979608078,0.1250856413039073,0.5539639296810868,0.3711821672125751,0.07241179443071165,0.01940173110443852,0.3351134361188534,0.9189238638640544,0.22479794143645057,0.2076051088741826,0.28303652151107683,-0.09818173634247163,0.06919261599829478,0.03719808221521492,2.1251711363759616,2.0248666128743165,1.0811879646497669,-0.00587395526033711,0.06255086327029699,0.0338551148729186,0.03822646718102082,0.04103150651862819,0.04015615281665395,0.0,0.04175838860121259,0.6591697324027215,0.6577969692215623,0.033375741359281466,0.029144968727750648,0.0,0.012037939405284753,0.4133931477825121,0.0027065360593413954,0.03296303932039637,0.9438929607874198,0.019862693579985876,0.023881706430574204,0.019853327691349346,0.021288993923350544,0.9617681971241764,0.6734501447286214,0.02631934268714543,0.02015409804850781,0.010724867637704522,0.01345641691519867,0.043820816301666454
fear,0.21395325339930438,0.256279403862816,0.2822000879907476,0.3723798086873066,0.3575906298445802,0.077615911520655,0.48467369403588917,0.44220328375003143,0.0609857309984694,0.032008022938457545,0.29596323178449835,1.0,0.17057872000979396,0.2217706159509979,0.419509797199327,0.024163290393661704,0.10015635186513266,0.04294197791331228,1.9332859991781586,2.058497001131127,1.3086907617759245,-0.10620006356526292,-0.015170151657375994,0.13035894245964014,0.005681546939740087,0.030391266687494426,0.01709453464551287,0.0,0.039347530150451816,0.31241806570863795,0.6418241210410337,0.023041463134105218,0.0,0.025736298799885794,0.011292756948800506,0.4251481268312513,0.03745913799300546,0.021855361579255227,0.7649436718607922,0.01778402532031389,0.043089344990502015,0.025259971875806794,0.008511084246326212,0.8011682780832874,0.7309928516012174,0.014127768198139294,0.04090261614475531,0.017837661868691998,0.0026188327137944833,0.025602056630627833
fear,0.3551540569427406,0.2326464079274232,0.21941156407159934,0.38812801173964045,0.2998933267985517,0.09570167766159397,0.5120476010637622,0.2799342851708854,0.051131253837898634,0.0005526687540104228,0.27086089737084945,0.7874439780756662,0.17321447823449057,0.16282379169033143,0.4685653398710295,-0.04670454638506748,0.08777609744207829,0.0270766820586595,2.172835453981368,3.227234347373016,1.0306633644785959,-0.03140624302976719,0.050526904675405285,-0.019391901417699565,0.012387826672493135,0.006210710128592282,0.0353943316761319,0.032051072367140054,0.014198476450461578,0.5900955816083385,0.5556146877655042,0.01623894860045498,0.033258427365461016,0.02053982559734431,0.03673941494098512,0.37798388972924046,0.0,0.053869360634409086,0.8214583180577307,0.03012083959195265,0.00976230094526191,0.002286939191849753,0.022011729075020674,0.6508309665356729,0.8232938738807609,0.033290048943328585,0.02583011922341367,0.02331372610306523,0.042668611930588796,0.024879444577633282
fear,0.26390928611537423,0.37693299338838065,0.33322949270342617,0.34774572533354586,0.327585110193534,0.10849734342303807,0.5484637516531491,0.3276555186011367,0.0521067810188553,0.0,0.3762286304316204,0.6976532461584544,0.20080272491376505,0.1634735779076772,0.4726429017860102,-0.07161966894587539,0.08421069393958006,0.021734603419713415,2.2270912522049144,2.6357681091540806,1.3329129621294529,-0.1523540814823914,-0.01341630563983685,0.1540254363190394,0.02851761727765254,0.025216506528538445,0.02774606507743494,0.029058805599164857,0.03179953870633043,0.4972427797718921,0.6038181936759838,0.0,0.02431773863835493,0.041189473504200574,0.03165243772526363,0.38929474647419143,0.02657037565092957,0.024536222310823096,0.8233129656162613,0.0030565042708186885,0.03709676270919865,0.004684825898442362,0.015232334091381349,0.9459141771298195,0.8126583773537628,0.021030920275827966,0.021554879002906837,0.02085687423714241,0.021495718533526876,0.022780943159193413
fear,0.33190270468181315,0.33427649504426576,0.2975486210842841,0.3698736852597534,0.33254435416508576,0.039035366284652144,0.43072664312447956,0.30295520561250094,0.05322699468500775,0.03695510931032542,0.3568703006181551,0.8647989515235991,0.14278437809208316,0.1917037035633959,0.37734157410353525,-0.0907652222799837,0.1228143633729355,0.09729147160876088,2.4867041267716075,2.408246906317847,1.1374521732844944,0.0059762096979234835,-0.0805939190543915,-0.1240033760525753,0.013323730230401369,0.013055751873991207,0.032456036354166246,0.03302219035024474,0.004796116366348056,0.6866315412424097,0.7611125410900235,0.015447633741369246,0.017250060410640283,0.029047774796419353,0.02941743291914116,0.4929058329592094,0.02330497381769253,0.025051638719871636,0.7722282709148616,0.005469691801269419,0.0,0.027742298590115434,0.021406562108360543,0.8955519584025103,0.7671120708451451,0.0213336172687731,0.021022320338886822,0.03662709514346309,0.031072814107884213,0.010380513825111577
fear,0.3697494552259622,0.26050365282200283,0.3340520821180837,0.3401597084271944,0.33577954702152085,0.08633517835039027,0.4695803226500987,0.46365135896904786,0.05870969216811399,0.01354720395650462,0.40282989506651645,0.8214163986362946,0.2343640220230914,0.1394109753332046,0.3142423493201853,-0.06693696876481064,0.15972329648674688,0.06341954857686956,1.8225866912213695,2.760377139534384,1.2549127043103998,0.040364235414369704,-0.06722023192270632,-0.20903838972439537,0.023558678278927447,0.029045582902001373,0.020754929788108917,0.022220370454127596,0.0,0.7943098933195181,0.605249491371566,0.003916065121595463,0.013443792882420091,0.013967293324165606,0.009583939825286375,0.5277649899957256,0.032664510564325615,0.0,0.7485224090130983,0.014239638865064783,0.017762110325598858,0.042182121137571416,0.009423477535849194,1.0,0.8353790393037022,0.04043246011117842,0.015957559602624714,0.014434937882058265,0.019705714650934552,0.03679925931177349
fear,0.23425438855810815,0.2975077816418435,0.24733630033032392,0.4041379603123698,0.3725598624075215,0.11731816197881484,0.29195216225944876,0.5047717242239745,0.0468930371646118,0.0013169448359370388,0.4066485539864069,0.718461108913907,0.20260805747099656,0.24520788494463822,0.23675446823051322,-0.05119926715015403,0.09587773170750277,0.015182508039949381,2.397863801851626,2.6862056891760635,1.5328002747636658,0.01266530752916537,0.01883272385623035,0.05093581531463621,0.026450176487058556,0.008573003349022989,0.02668636720876378,0.036702492289403504,0.013956691842528013,0.7352414003540084,0.4145090812040882,0.039175871108221,0.03040504394604367,0.0,0.02497452864298818,0.2513496650487107,0.01205589491848833,0.028825284815731142,0.7863973904144939,0.03633596636838763,0.020828550009000905,0.01951315412406844,0.03428043217870978,0.8162403392632185,0.8474833698839931,0.021386697334141457,0.01912248277630825,0.035082833349664694,0.011331576919028783,0.009206017669990907
fear,0.23315909374793112,0.2675930465305488,0.3610152770809443,0.3557433889275332,0.37543213269024006,0.06448518536062267,0.558372471934383,0.44057615151716256,0.03217984887409753,0.006752688173529413,0.5182983108629147,0.860607996372142,0.1431260043772458,0.17332682575704964,0.3836297920673106,-0.043927222347280796,0.11110893996922755,0.054108318187857496,2.310320082417498,2.347038178720326,1.5412810267121007,-0.0849344308658845,-0.1927648864423661,0.11869936627204324,0.013650278077487941,0.03758111903134033,0.012212839143013448,0.001439025171296588,0.0,0.68039507499,0.7661958991640985,0.005036721732319647,0.008592571921859842,0.025019666742021527,0.019966954064955293,0.39143527126403566,0.003369590083723579,0.024017982852056113,0.8652931451998985,0.02639274302407002,0.02034467669604974,0.0062758370295416775,0.024089210073537967,0.8739828154230371,0.7186784850329977,0.016069559906838202,0.024763594406892468,0.01898287526670434,0.0,0.011675400403546284
fear,0.286966190570151,0.21770569601543988,0.2716536866570814,0.3603190397235305,0.38269786192214594,0.1310530480491045,0.5578038823120859,0.4916352632681139,0.049986129063449555,0.03928422607356917,0.37567484605486423,0.9583081339047402,0.17099282713112474,0.10794527037262966,0.4817405754787758,-0.022979231666154745,0.040749760744239305,0.06753069645647002,2.001382875974283,2.8231761284940706,1.1739453746746324,-0.05655012819924627,0.050336447007254315,0.20787067246673907,0.0023545897737539574,0.020342595728857403,0.008320118468141268,0.004102494686098759,0.0312713770107757,0.689154559978802,0.7997568777349708,0.01487299518070458,0.007482255841023765,0.028304457417004325,0.009162134472385963,0.4189805145598904,0.026826240656636594,0.018362706754097836,0.7511269021874021,0.0017653923134489484,0.03217958827425972,0.015210450826883062,0.028035208393458827,0.8985992580161699,0.9591287046262346,0.01693761148299339,0.015479656001668514,0.005592509731926321,0.012945539495867617,0.024435124991322346
fear,0.25684896345794994,0.21165278552749975,0.25850314008038006,0.31732020046445,0.4000267060801098,0.10212128339388812,0.39354483563448006,0.40661114600338155,0.029313021208313694,0.03314482232210339,0.528603734705432,0.7221508475679558,0.21860065536987577,0.18053474662548627,0.48139922833103577,-0.12335312616206165,0.10563486748945677,0.04286175915045883,2.3142039398751466,2.473081058651306,1.1640951064076739,-0.06536435645755077,0.02842082809866939,0.11738336198509589,0.018622174687994975,0.040309885345730115,0.01772534170132088,0.03123568221572035,0.02817067340670951,0.7388809106876808,0.5485249553645806,0.029193249862356083,0.024379302670667527,0.00453706505924565,0.01723885576130888,0.6794279574594431,0.014906516283233372,0.015220553049035197,0.8450710099247795,0.012968683028210672,0.02182589129466114,0.01416418130575554,0.02523101944705726,0.843811281450464,1.0,0.02059809047353567,0.0171060580172429,0.03338267125196254,0.001915901911333704,0.04199239301577083
fear,0.25265807333183055,0.2576549285057677,0.2743227432700159,0.3786463916476702,0.33005825582814224,0.0972693458369803,0.42570958041552764,0.36077328688244786,0.03171242522672039,0.021667210061586808,0.40773677476852976,0.833493473241391,0.18293195504489698,0.1650923187146118,0.4845672808929743,-0.05411927533016965,0.12743837461571156,0.020377931704289882,2.2048988929888176,2.6750197310580024,1.1346294600272477,-0.07907845894348318,0.10732028578329009,0.11652877944082478,0.012994905039954542,0.017999502134881214,0.029652047281844552,0.004263067486241834,0.02910636745729662,0.6818365706070588,0.623920753830008,0.017165185476166103,0.020804182240990392,0.04156205443151339,0.024524031779464227,0.3557307845557129,0.014341123871150142,0.0051204838845923355,0.6110211713524498,0.004892208904530328,0.021560992716825336,0.036561446817272435,0.03294505418405396,0.7344739214312461,0.7702349975045699,0.007797109648011766,0.0,0.017820667616970452,0.030442314413191753,0.016718924968784035
fear,0.32005144082935905,0.27049346598168555,0.31301528393400646,0.35755975985000304,0.3671036694309485,0.07649577162012003,0.39684702771178787,0.35267475089340283,0.060528969733982904,0.016214593312247418,0.14816584983108305,1.0,0.2160432272083101,0.1587491440866846,0.4184227972567889,-0.0583891085804388,0.04705448826586938,0.08417693299559756,2.033791120266761,2.5260344708246594,1.0450752543890693,-0.10142532412980079,-0.0760633424223387,-0.026307743966561218,0.01615810777510144,0.022101611234694663,0.006446984532259791,0.04202154126943344,0.030895907853272876,0.7016828539399577,0.6358217676438008,0.010104156659817244,0.033391164972194014,0.027939014350813585,0.014807508642267124,0.3415477884974661,0.0,0.02037143878168861,0.7751075858346772,0.03541311898806388,0.032898658834304685,0.02050562597647195,0.018945443926674535,0.734791274278543,0.9560977508108268,0.01926251139678348,0.02786865274869973,0.0352984535785316,0.012647101431370527,0.009237095890005756
fear,0.3444745791873244,0.2639706388382528,0.29692523997799225,0.34295300203205,0.3594908848721903,0.09314824671869928,0.39172922884444505,0.4688218430443731,0.03882458432498631,0.027487831537487992,0.37868190166134935,0.6876848249359513,0.20297137936356302,0.21454750359634378,0.5602841604708156,-0.04929112654574529,0.10458304146693106,0.05837532485121429,2.431403197428895,2.811342750808315,1.2186565104484974,0.19749645375579994,0.053502190296794504,-0.022287876759806147,0.019571321065956042,0.030954603672491615,0.01903020901014817,0.0032408153444742384,0.00048407688889343103,0.6206735207196055,0.6619969035328267,0.052136380123533194,0.01843966819284408,0.020605807092392642,0.01474367296423285,0.5118805942645916,0.023644459957354504,0.011701624704175323,0.6988539486272047,0.014769230752138967,0.009036176032262021,0.01699490738592344,0.02183923724441609,0.7998806477884819,0.9954498884079318,0.03507213234195197,0.017015750577949504,0.007465838923045011,0.01961268118066518,0.018261661480769253
fear,0.281814254612627,0.26175503474778095,0.26637936168031645,0.3628188344202461,0.35791924777697437,0.10180549881918517,0.41921826866782347,0.47791122132538716,0.03743851430160934,0.005856759538333766,0.33770146566180803,0.8468048506462497,0.13235134228333728,0.12483079113951741,0.4202768724588844,0.0009697280996325344,0.11394260206975138,0.04154580427303614,1.5421582689933055,2.522458842459259,0.8642555452050604,-0.005022596450756244,-0.03582226182676856,-0.08395169280397317,0.018873428520547148,0.009605465499417614,0.0,0.039246943343588046,0.0036745493294425627,0.6144208955119146,0.6371029378771476,0.013884141303165454,0.0260395422825409,0.010367384862796425,0.024964807151480393,0.4818504929599098,0.0020892278930479888,0.02306592687044665,0.694602764969099,0.004846670031647567,0.023777313614128746,0.01469140121205358,0.024848189763994402,0.8881738259206076,0.7071994631163729,0.02962803256485461,0.0237052131079616,0.012373708975524544,0.018233638333299773,0.029998854701967954
fear,0.286072743170193,0.26814465049815484,0.2703969790737882,0.3419803982330482,0.36375665091824305,0.11718866503017165,0.3454154469904041,0.49981537881543636,0.06633714378079843,0.027438299205370126,0.39090386326868826,1.0,0.2280733966357754,0.18775952359904138,0.38188881477971565,0.035301796126624665,0.10768109462091344,0.032372355504535696,2.383715656147526,2.6017330677679302,1.0394032671339064,-0.025568885194983106,0.1903733530903339,0.1192554397176699,0.005648621476135599,0.023101772165870185,0.019218687396702773,0.0038247527010482445,0.018849841123635743,0.634856148694899,0.6437585517903416,0.026390665795783603,0.0,0.005542327823134288,0.013669710678463834,0.582617908642122,0.0507811638660292,0.020062958425584185,0.8045544981939823,0.0,0.0317580107262824,0.025845371393817027,0.023680765775518166,0.7253786764136388,1.0,0.03976705820743629,0.023826597469498903,0.03289593183047662,0.02066442944045895,0.030674001725137876
fear,0.23806290524844692,0.24653474824391225,0.3033018647568263,0.3522798510325372,0.35914007470935105,0.07038475533297633,0.3514846312260013,0.45318551145665936,0.04051316182604007,0.020059349914913656,0.43810795556298676,1.0,0.1792432695033463,0.2598137401602547,0.41250198593687815,-0.02241986754500146,0.12632712754837175,0.06259556513503178,1.8394452828959036,2.858853278016234,1.0911688030341562,-0.10458014462180495,-0.2046338329157613,-0.10155932173241722,0.023921953355741675,0.02172706571224853,0.03487325275358985,0.02510986948588037,0.001979913428606119,0.8591656758063917,0.7334933851866172,0.012843596128326489,0.0052151104920429465,0.03234050281815219,0.006752137929948896,0.5300716872515827,0.03389807715435023,0.011553020466672666,0.7261013202547237,0.013887173984831816,0.007144558374236401,0.022984391243508866,0.024839630789522327,0.9227492135973497,0.7666675907303934,0.030919471793639717,0.0071602113605366245,0.030912100266798484,0.0006734284554853684,0.04038061888230553
fear,0.21398421549743535,0.323426924541513,0.2513611076799828,0.35081779138947045,0.3398933321842161,0.14034483932788092,0.35932695681364857,0.4833473029962771,0.03908592860660662,0.03418393789820423,0.5624948119389596,0.8538723477125688,0.18518217589276462,0.1751697131476872,0.46304569500062887,-0.05994807100766103,0.12263805965985333,0.04303970876286841,2.8292146870981627,1.622699616510539,1.2293432706706648,-0.04172131520910995,0.05391799741995498,0.054276920011722185,0.019862962448475494,0.01939244800769431,0.023710124931961996,0.02075964105853825,0.02284750009212512,0.690810052405745,0.8248981021478308,0.0,0.0440120345972268,0.05327737423857104,0.0,0.45478563976990255,0.037826803836315065,0.031940932090018165,0.9676209520675447,0.024835262979454244,0.0,0.0369601832237913,0.028261184125772484,0.9966343537056342,0.6966010001850789,0.0041921341666958,0.020213931337331445,0.03733022166492855,0.040950659000909606,0.010565302293628722
fear,0.315118074304621,0.25650413811262673,0.3046874901619257,0.33401000577848095,0.3348649254887251,0.09073042585084906,0.40774565963880277,0.4264309566244087,0.05920239996089853,0.04457492006732264,0.3586646470979401,0.7992589571631092,0.180351842910409,0.1572231612687529,0.2491893368625106,-0.007429358839176788,0.10201265846350266,0.053123635311164985,1.4736716287024392,2.229252256567062,0.8994786746463378,-0.03251509599900644,0.25847649284394547,-0.04422234379171193,0.01973389133701588,0.021746223945611143,0.02173679067555592,0.011329702718766878,0.008911381156775882,0.6306783619173673,0.6857012416151987,0.012470209789292069,0.007813715988424381,0.008368734634931641,0.011440419092445073,0.4047350585963917,0.005723642631184245,0.014208356309588346,0.923613423614588,0.016171418835412555,0.003894953665109873,0.0,0.04387302732392166,0.9639319904021996,0.878460465638656,0.035115141984191786,0.02685874439966424,0.01901628768200369,0.003877550963974217,0.04481223578902571
fear,0.2828403103868938,0.30988476475822924,0.3038985531126388,0.34269409051531036,0.3607766003027637,0.11357696102534115,0.39869571117500757,0.5621157515162495,0.049645591199059994,0.04078018543459927,0.30255050939478967,1.0,0.14705632243399447,0.16557284302812034,0.4523880895632862,-0.059139090384306044,0.16493529603581514,0.059065487998838206,1.8738729033720882,2.646224755185737,1.1163552031832293,-0.0349632847546308,-0.0344151124668622,0.002996542753247887,0.03081666523830747,0.016149573138491198,0.025286795056236044,0.02257962175988979,0.021019574803506722,0.7541798259280851,0.46967474560820044,0.021267637138735616,0.010884735942625352,0.0024675381219947737,0.009108502512370845,0.3880246088502757,0.016940614903236118,0.024385281544615032,0.8542293263289245,0.014682112676794225,0.04060010296441671,0.015172709684544112,0.0,0.8155408634807888,0.8547160342802146,0.0,0.0356953668966881,0.018712003348289614,0.005018854119970873,0.007518316413944371
fear,0.2095248358779609,0.28680578813867963,0.2963493076919461,0.37695807988072466,0.34310617929142756,0.09694752856373758,0.45156106582761935,0.5249279147235932,0.07326281328690722,0.0408089764568913,0.49117363608123654,1.0,0.21748695970527698,0.1673099140512101,0.502680686755733,-0.10505681792262073,0.1591116206868946,0.032933381633773295,2.388485632098154,2.995205806041204,1.2445093493570265,0.06093799995112316,0.07955290606122077,-0.05190127732992234,0.0,0.007676728894068235,0.024638576500133395,0.028263071202571828,0.017675709062364417,0.6574335347020047,0.5031098111022667,0.04306657991189876,0.015086862358327763,0.03025386344403616,0.038246307049902915,0.3344956671801472,0.02166419950877053,0.023613892493947693,0.7741949372181907,0.032055617243333445,0.011325824334244571,0.020714708534766334,0.015178366466139761,1.0,0.7837200326553153,0.029684296935053082,0.04335632724181036,0.00806125161958531,0.021239328339219148,0.007176631922261971
fear,0.25343172760712784,0.26441855524292635,0.2803186252014519,0.3240959516700749,0.3705486064748952,0.13033330262949247,0.5531250046496113,0.4298364935660371,0.06564303828758793,0.011146997744576446,0.37596454147981073,1.0,0.1676156554361196,0.14133960690012784,0.4466604125724268,-0.08314415546069559,0.08700059393925719,0.0685188970594126,2.274565724832676,2.5164819540054832,0.8896474426183072,-0.16103360948105977,-0.07065157039689504,-0.04562906618102239,0.004877096113915876,0.025165215688495987,0.028190412265223654,0.023289251681687644,0.013841381908888348,0.5993394605646073,0.6715831056980323,0.0037269627854926227,0.021191957223624498,0.001945985759610816,0.006315830201640678,0.46782141011234396,0.027582016158960637,0.02444339739692702,0.6885468415079737,0.0,0.01989190188840864,0.0,0.03227753573521231,0.741866471499132,1.0,0.007494108137268645,0.026018396888322866,0.010424101983847269,0.017813739803746197,0.022391656158258177
fear,0.33395682005491056,0.2479620724877306,0.313737387363613,0.3497731770800901,0.38958682614660456,0.10288935478522124,0.4980703436436059,0.4725893576125366,0.0633066192128923,0.009500521272838274,0.2899659854921583,1.0,0.22976479054526788,0.18553792987353004,0.4448880653471562,-0.11517242314742565,0.08446150686069798,0.051434206216765324,1.5360381575182838,1.8726182067156794,1.1890631213389782,0.06882339624475171,0.0917563752097954,0.05818553312520903,0.01212613947771102,0.015493215107471772,0.014718068724804176,0.0033134721542887637,0.01717220309915064,0.6486296175949179,0.5917289646140085,0.013480820274891704,0.0173483474488183,0.030656895709456296,0.018771993101473247,0.25736721053602474,0.004479860860152906,0.0321135816422152,0.731439497901525,0.018849672838311574,0.045023583545408065,0.028213605645936238,0.0,0.9944907852632614,0.864964671981164,0.02480090411846533,0.023954211724088053,0.03187363205411304,0.018963361323281927,0.0007396103619433103
fear,0.2611686703769005,0.2773094930389969,0.2448466611422271,0.37017502088429893,0.37363096450992966,0.08303243113209767,0.4851124469173875,0.45524878218970416,0.04832229329653266,0.010230012017998323,0.5620071806242962,1.0,0.20694943041239527,0.23336963131213875,0.4039926747088901,-0.0639732879591008,0.03392336986378473,0.02866773239384102,2.803633285520284,2.8879759095835174,1.1972266351726017,0.025882072075812154,-0.12436356071537127,0.14532704942508992,0.0,0.028252083789031886,0.016385424792801508,0.029073452885579394,0.005545070851747779,0.6010050832200083,0.7385112873858722,0.045061563167590676,0.011440279102357785,0.007005043605762583,0.03329751870372228,0.3240081476853681,0.0045556571572869155,0.023457162053094928,1.0,0.008965777002181274,0.015193172995127471,0.021446947838903836,0.013854678843545114,0.6733165489226913,0.9301957173508024,0.022422225445939466,0.024769250806409206,0.01815784979078602,0.03967127815727288,0.01344099656661116
fear,0.2720024990381392,0.2760736053294456,0.27404327956537183,0.3134636454827034,0.3244486510725746,0.12394975920613314,0.5573638652867385,0.4176584621489155,0.033713384920531754,0.0,0.46583988362026696,1.0,0.07600069078108607,0.09667939599568054,0.39094540513807763,-0.03935275825447837,0.08806680541333767,0.04942339156264566,2.019647300739981,2.459976615253382,0.9942326556141491,-0.08616402291290816,0.1497336233292158,-0.1758895588088684,0.019840729626478728,0.011233230447951758,0.01014975853223238,0.0,0.017717967202426448,0.7302973566791272,0.6174415106387585,0.015404719195550998,0.036324348736483894,0.033324771257917905,0.042549575370620034,0.6757085224825523,0.020773333343834806,0.004956821630343602,0.747886149056296,0.027449026665426337,0.03872136819302441,0.006364784900982844,0.023318617049262795,0.770713822652332,0.8353345724443645,0.0178990257662673,0.024955420327728253,0.046420232614885384,0.02617614759454507,0.01441216577241873
fear,0.2872617398843779,0.1546157602237531,0.26901792300996763,0.3560397404805329,0.3251804745167742,0.09044643024553244,0.5367934525033099,0.5423838249688367,0.04067007826774459,0.026805309357144362,0.29510485372071027,0.9048358054370396,0.1885398093640873,0.24878671694592444,0.4754242463840308,-0.04164281814340371,0.07721195650381014,0.07377402489091683,1.9894063316691162,2.6193046695068674,1.137454940494473,-0.047589674925590277,-0.017175814911286877,-0.06973516253508173,0.04589914774902308,0.012069430971876812,0.03191130237078541,0.01887673826659255,0.0273983593220383,0.8120012217976638,0.44954272298551734,0.019149936638966924,0.008377156385317205,0.025794514496719004,0.02898729872289274,0.4029522915432825,0.013213327102511035,0.022649491080509964,0.6726795473985494,0.024331830726045844,0.009369770291928177,0.029537426992940267,0.002867548866649902,0.7932731683480253,0.7748862743406781,0.016123945142309446,0.03789242081049318,0.030997577590013124,0.013764104404043916,0.013752807364773034
fear,0.24850030386116825,0.2710721819931986,0.3220736119044062,0.3399224562838307,0.38922444127292416,0.1549896729558003,0.4968107104437128,0.4434833303246791,0.0702498651500627,0.005585009852774643,0.5064751106501924,0.8351573249548806,0.26021947937909945,0.16239085465550057,0.43293614770649697,-0.11238298127941854,0.09466871222926775,0.03110536490847567,1.6315067914600758,2.905083501267757,0.9341299947018867,0.0708250759840118,-0.10475612562670962,0.0017905517413008241,0.010444056555991621,0.008929087161990671,0.03481562020382917,0.0332274873741605,0.036513836132641295,0.5713536805942936,0.7849600722767053,0.00966520012567893,0.010189057259564255,0.01091654321533933,0.011389958712043608,0.4409213098157991,0.009096982828211388,0.023008348912426226,0.5390601608601717,0.02296589680195702,0.005834163772851675,0.01129772338074891,0.01161160852445367,0.9443172247036282,0.9004601066515555,0.01784795347990426,0.010701952743326448,0.030177411404839795,0.04333122995360732,0.019636069390316827
fear,0.2569789214896138,0.23534788021571415,0.23308647807118088,0.36275035415755036,0.3139851591934166,0.09913357983261714,0.45685611952421945,0.4151620698167936,0.03174992979985229,0.03323924664112887,0.30670538579169593,0.9763414949358251,0.20692686638438515,0.19613930018730588,0.4784945273133129,-0.09541583518127139,0.08022715932968598,0.04192840779185421,3.1694764644270905,2.6416959089135896,1.2878830429791346,-0.12786549954868084,-0.06326064714419849,0.044737291777356844,0.028493545784232466,0.021024663108188513,0.03364269078897692,0.0,0.023600672603531166,0.6928217519236183,0.75186486247395,0.004976136517461914,0.005932853969456232,0.00675457774982724,0.02679016544766189,0.5036584797356866,0.007652550890977397,0.04488559278179413,0.8286371447609169,0.02161467585064135,0.01730084936604523,0.03209641776876923,0.025063425249815974,1.0,0.7286100481463247,0.0,0.01037924079055494,0.027193555959681252,0.014434819004599345,0.03652335999340154
fear,0.3415187564405551,0.35119596614444903,0.2506311336206031,0.3746868514724386,0.36803144740291116,0.112917674923649,0.5495438569788625,0.5254238948247301,0.05899697346119542,0.02861967991023029,0.31115120764968285,0.9437597146553147,0.1392443510873102,0.18930086076501598,0.4693447098069235,-0.050282156608673335,0.0373602457224452,0.031681002208919576,2.2888536454249353,2.246484567271539,1.3042272518138232,-0.03148464500694233,0.09737175169009171,-0.06646091243311181,0.004306274456518773,0.024962341788692437,0.0256152631852872,0.030268712488106836,0.011482272307495501,0.7279793188226346,0.8006559012331088,0.0,0.020672136825556627,0.0,0.00881745255689352,0.37214255635380533,0.019136134373640954,0.024908033494406904,0.8904983345822681,0.0234322774599081,0.028757158263889124,0.005979514833459591,0.03373656610430971,0.5204177344014529,1.0,0.03751359992581155,0.029750703051280865,0.048976556148657285,0.0,0.03013255389276091
fear,0.30052999019549315,0.2980868166963517,0.2441410526274309,0.35793919704921096,0.3205648839287622,0.09011502953400943,0.524463369861444,0.5260125287282701,0.0634522784078088,0.032485035499451836,0.46814255374351277,0.8518591181170088,0.19256323084903842,0.2318410194805858,0.2696350061911989,-0.10541277764439162,0.06398377169392094,0.018753047811070976,1.758487971895223,2.251635576674733,1.4382642151160967,0.010808490459085829,0.02196770093845784,-0.09308559397788817,0.014312834750912894,0.0002871862712343215,0.022160449154455232,0.017543471348583837,0.00983228497251755,0.5911436827831651,0.7567088929791335,0.0016714995188314777,0.0,0.026068862857405943,0.012018383570164059,0.605220908623315,0.017994058341091704,0.01869515659381973,0.8786551870744176,0.0,0.024388618160172106,0.015246963420853354,0.03334848656841462,0.7853222798366956,0.8676822116800416,0.015333465197848256,0.025367693677876228,0.016735099669202873,0.023410035033627586,0.04279210287235488
fear,0.30027243508102164,0.15342276010126926,0.24535432439228302,0.32388752647260977,0.3876588933530262,0.09765451608700249,0.5324226444219664,0.4973956515766088,0.060626708419213415,0.004097006053919421,0.43534262342703645,1.0,0.1264574283451062,0.17778997877524474,0.40835350790194097,-0.046079362870162156,0.13591467774433558,0.06274887954414812,2.23197986401361,2.758644583586437,1.3006292757552749,-0.022878937979816973,0.03624744807634263,0.18291743415806686,0.02053389839670791,0.015387337458647055,0.03287402549133159,0.0103399743068285,0.019060378055317406,0.5343266385132786,0.7231675651010697,0.036022797521342076,0.007837873521569063,0.01799891815510201,0.013759145080707816,0.5575326309429562,0.03842062932879324,0.013771784578085292,0.4908824920014445,0.03498641432397902,0.020586233828305465,0.020636395219139937,0.03252827930522391,0.8135982226064271,0.7869724274346085,0.015375790630288108,0.026358123272851496,0.03142657433451719,0.04123099830322388,0.02524410171772235
fear,0.3538081876856693,0.2909916008574765,0.2681081060577667,0.330959246670559,0.3788081985263714,0.09298458713907583,0.4426931231876613,0.32048247084226367,0.04239311269760265,0.012609535966736552,0.4292993966291483,0.9091839302712087,0.08199169951288986,0.1740220351577812,0.26364132528680584,-0.09171379684428964,0.12509711446670152,0.020442784728236848,2.1958241809255448,2.258524352357343,1.0311935155428988,-0.011570060478279895,0.07975717836563925,-0.07770065321293239,0.007268790125859485,0.02415380305804508,0.025613464637495628,0.0,0.034956813748962215,0.5313735861216723,0.6888609098292557,0.004647426529791396,0.014032191756228215,0.003375577686811737,0.013126371961338803,0.42990253173956905,0.005058857842462678,0.02408773737674496,0.8445432087070845,0.055178383940669595,0.03207304561086747,0.03529346465484579,0.0,0.6541534452276239,0.8203009428572018,0.04322861190924775,0.05216671690948747,0.01106203543255316,0.012379103611756813,0.02707062064295956
fear,0.42120693578386337,0.34783781463344354,0.3771945804781515,0.3046759521575547,0.392243444325072,0.07625328494787953,0.579924756793449,0.5551928062701597,0.06056675945416102,0.010342386900990305,0.36613272510874706,0.8885566709461291,0.20820634200045865,0.20554967900822196,0.4936025867472518,0.014432795761427225,0.07886605894964414,0.05831593899299758,2.250486759039477,2.4141285768864513,1.3332846926474746,-0.015772716451269705,-0.015474095797894914,0.0507919296328368,0.026382654069360433,0.012530748339772059,0.018152477045853273,0.015460125998444962,0.010542276726990126,0.6414678126068082,0.5203075485913441,0.026160474407650815,0.03825353890623197,0.020656125776348237,0.032303561354030126,0.46553295515120663,0.006712636844928264,0.04609184685128709,0.557757070218767,0.020133996231715696,0.010008811779935022,0.040562009797031694,0.022807588654006318,1.0,0.8536006720604596,0.010109059443038228,0.0,0.034386390267398495,0.009148505962676199,0.014542488099325826
fear,0.2563915624948415,0.1886844421198059,0.1731133920873512,0.3829109415492491,0.3862212494772988,0.10893024514908924,0.46450991801207603,0.39527208988360135,0.0756923222034324,0.0,0.3672054473111286,0.9745069623389693,0.1799847416351184,0.18992111845441503,0.33846005851102073,-0.028363702018092882,0.06961519090794757,0.04747990527277424,2.240367825547318,2.324469900105726,1.1608808040125016,0.09824856311695604,0.0948028966018779,-0.048770768525267946,0.02280168404684482,0.0,0.0,0.02174107390936777,0.012091032980858927,0.5951978201021833,0.706900731424646,0.007145104615799931,0.0,0.041541374187682736,0.035727965235960446,0.5697169480970365,0.005430281514330115,0.018993554527598797,0.6731581415449943,0.019220526093880114,0.015475857589689543,0.005985269909168036,0.026542719924969232,0.8241257127773721,1.0,0.02111513977588917,0.0,0.0,0.04724329745875378,0.015332519119627092
fear,0.18084065961260276,0.3491211085313194,0.3455393331990081,0.36018477684186695,0.3723985839293301,0.09073508006624936,0.3193930608089122,0.49497219061207076,0.05431514226453631,0.02347567210388158,0.4337605645242149,0.8578392021261871,0.23525086305943282,0.19031306575882237,0.4233368670382319,-0.060885012349340115,0.12625556240112007,0.051819874752897815,2.072336323770224,2.905777277120262,0.8429918521019176,0.019200651738440537,0.0008756237512476891,0.11330556253704169,0.016359777098481933,0.012035606611043848,0.024860437572235744,0.024105429229749453,0.019846629096187954,0.5785997861035659,0.6475968829296803,0.024203791924136884,0.017680352492690416,0.03439810982398018,0.027956190028986458,0.4519032170925843,0.0,0.017161988959817423,0.8630096505131211,0.016368318258455847,0.023942313298779314,0.01708050419684422,0.023022411934318893,0.9901008461644976,0.9286744916053448,0.00315744991446143,0.0,0.025753253126241903,0.03518209279943259,0.0
fear,0.41134458893283765,0.23717276209333213,0.24636106689590573,0.3389114363477792,0.32162437455397325,0.05771729005064274,0.4328537234588174,0.46122703011426663,0.037456356452126895,0.013809150964403476,0.5012252680090225,1.0,0.17042897918442718,0.2065502040433217,0.24908611045061174,-0.039214924015707926,0.09843976699491412,0.043452099835112244,2.1106632499634164,2.401362230914958,0.9182903645392716,-0.016784603112153646,0.21358965608780175,-0.02149106116808241,0.041837050526133394,0.03236062789156415,0.014958655342247676,0.0,0.0,0.8504703833904826,0.6326338723077217,0.029918771077459348,0.007666523479213072,0.01600417150719641,0.01666767337521883,0.4741461374733551,0.021168290044748225,0.008010543203618523,0.7067313123842062,0.01893989293841086,0.0,0.009300012824489333,0.01799620355865771,0.8897499559927267,1.0,0.013805958924620627,0.02046948841788612,0.0,0.024352577411039703,0.008178352095293889
fear,0.20440511974394782,0.321701406760706,0.27797853714067905,0.3980153618833656,0.40384891508057996,0.14015327032468128,0.33960748835730736,0.481177101603775,0.022395497252247935,0.03691885677580767,0.5010639665942521,1.0,0.16428983031157407,0.2109535084676695,0.3358203731506217,-0.04944920367793432,0.09769478622874796,0.01502900191397604,1.836910651931853,3.3072494422709746,1.1440487376799293,-0.024658788398168964,0.04282933959476749,0.04141468141557162,0.022082956823260325,0.01988728143159931,0.014663188117596187,0.020469393600962314,0.014708874732291603,0.42170502861029246,0.7286227535237506,0.04096730525782,0.004865685293990545,0.01463296240235313,0.03949940519756376,0.3728596897350283,0.025040322188323447,0.07624996962793171,0.8632269843943408,0.020894729206084425,0.03146223571738663,0.03009770933041636,0.0113905821510937,0.6763556878136499,0.9093913496640011,0.029670146255817955,0.01613237434435867,0.04138754734864751,0.03878156719537963,0.030068732232979296
fear,0.18451804789160542,0.15743120975177816,0.3136522459197745,0.3951692176270747,0.3014821091511478,0.09358636080483258,0.44864430109993125,0.42733864053450227,0.02587602363154441,0.037303480433065375,0.3054377161745017,0.6527473167945396,0.1291454368066595,0.20853167728422897,0.35862369572572383,-0.08080987304812538,0.11319123073598858,0.055820990709227414,1.3501204934138307,2.6453817191374425,1.3773468699383355,-0.02228971562951197,-0.18818335740637537,-0.013948377696857155,0.018398636971461376,0.016946107514526923,0.0446203722595217,0.010772354767197708,0.017846411960310834,0.6830979958340355,0.6548440323058995,0.016460304016554333,0.02115991422434699,0.040396299224260725,0.030499549391999645,0.4425282195019119,0.008768778200188036,0.010496944800065218,0.895021708384819,0.0,0.05124146671520091,0.01958679910695388,0.0020788743708812923,0.86819758919134,0.7699294003613766,0.014553169496980493,0.0003599666807247645,0.016898163604170922,0.0,0.012201740808954193
fear,0.2817661349560907,0.32617627325942966,0.29875183095355506,0.39897785960225707,0.3450441302841654,0.10811787138581623,0.47821888067681423,0.5392530078933991,0.03721720994040155,0.03025481975970716,0.3399883000941606,0.863087159042733,0.16672972064682956,0.20744717901924173,0.2930393887355938,-0.08790615425755915,0.08387341153523838,0.05084775661267812,1.795719273227351,2.549649320130591,1.0941588883673936,-0.06618454930436919,-0.04520865268682395,-0.06113594674909534,0.02855277429796415,0.020818240732985115,0.04277774843370892,0.02157490242353917,0.004160937053166922,0.6287232656374392,0.6521140094053044,0.00818723717210468,0.03972228371266749,0.01597080871756163,0.011619307847085335,0.468154111772742,0.008219304278906233,0.032562508548670585,0.8765352455827645,0.021698118837945982,0.02769018862435387,0.013504281863104935,0.00046464514670454746,0.817439229598532,0.7998484956186259,0.0,0.006247916547489385,0.004005125799791353,0.006300661123648708,0.03733302468515515
fear,0.33631655414489187,0.28140027286187413,0.35881493431965894,0.3230582460415798,0.35796783023788264,0.07437784406258054,0.5462318710693033,0.4825339793957129,0.07076716472035088,0.0017549269911102602,0.35782932019112396,0.6779476573691494,0.193367251957423,0.1735167714603355,0.4404469489930318,-0.0487338120794579,0.04674536546593161,0.020943382044180253,2.1267845284787383,2.6258100515399874,0.7522035478207741,0.04095510971045552,0.08684752550805493,0.040767067982247725,0.018914787934568234,0.00677377702975511,0.00556721630058251,0.01148482893603419,0.02160574776059541,0.5793454746404094,0.4513856318432955,0.02150322762560634,0.015440939824983258,0.007802287655732551,0.015998241716730366,0.4152145175405588,0.020572166680479884,0.0167774314302579,0.8165409260761941,0.019368107262234223,0.030656023123549713,0.04060159652301005,0.01980325375180103,0.7878386877709335,0.706315869788889,0.028402528221562872,0.008267572093346628,0.050518108267143806,0.056129252977563285,0.017230619546658978
fear,0.2117616614001982,0.3786987162477121,0.18385185514608507,0.31637396802607726,0.36926890905727966,0.1254177160289708,0.4448509453741354,0.48483000841480467,0.06932722383589159,0.035862414599677185,0.35643901317812454,0.8183230805229202,0.21898231183963138,0.20748722807353334,0.4270986486048388,-0.07644734800154457,0.11595141356349374,0.03084649435365338,2.180353467615047,2.4921934876415697,1.181836895294193,-0.13320010708828675,0.05884056235209863,0.1679031608811808,0.03015556878815405,0.006737352947758705,0.028800039733194692,0.020268462345268436,0.009709826337400342,0.5178181470756146,0.8388675615227814,0.01909714357848345,0.015385421681755222,0.0051322349086375275,0.034152503795587486,0.5511084506323166,0.030640502320947328,0.019206569061926738,0.875125793972508,0.009290312408974636,0.022828989500811008,0.019293790858686235,0.02347161189708023,0.668683934908243,1.0,0.04104090475938185,0.0050495659959300665,0.02750570165120473,0.000669268963383797,0.021090230385771968
fear,0.3401505694419171,0.36676081642668423,0.36793136747967675,0.3947477633715253,0.36247252907712996,0.10970743893901866,0.47971638875956546,0.35852532298168,0.07005370480005094,0.028970748763815272,0.4515551798665908,0.6020756200120209,0.19675171214455484,0.228717186089782,0.3787805395525708,-0.07002965700501547,0.06593972100569684,0.02490239460363919,2.150158125048642,2.361380502331378,1.1142253989493447,-0.17565816940995457,-0.026294796423275184,-0.03902071497087883,0.03987601208658402,0.0036731033591389482,0.015505874428431078,0.04202341926670994,0.015942801080115008,0.6566287714400149,0.6324907140555059,0.029175198966280166,0.0,0.017356388763148694,0.020707781004549966,0.35017965324426603,0.024466692708942403,0.03022292146837885,0.8451937540326353,0.04313062086709611,0.014366323335315187,0.02648149283761375,0.02618857232283081,0.8264383849193716,0.9633398949621133,0.02374707691537872,0.004386421233972631,0.029757743165480105,0.01350813742550017,0.0158042384660438
fear,0.2717066600450003,0.26872429994763714,0.17354845055288612,0.3387052042005097,0.3315970380222468,0.10777983962860352,0.44170219304694724,0.3795651927013363,0.052672307702333596,0.01912047536176609,0.22217039613823536,1.0,0.21740295675141588,0.18084009096819087,0.4082077999691877,-0.06301087094457268,0.05988879517198665,0.08786516752306776,2.343673695961428,2.805077607552477,1.1076438222753728,-0.01989526086616247,0.06617622098258993,0.08631886970716511,0.034637697776050684,0.002187027974764985,0.016808667903445845,0.029617563247052763,0.011851506742171712,0.74107123002294,0.6803752475031716,0.02272502597821428,0.010639129856942098,0.02525689221917828,0.04512309733163825,0.46752864051986026,0.027227551619505533,0.029145790678094377,0.6855585327037932,0.01827651838280999,0.017880698672527534,0.0,0.0302566410967798,0.7568176364160496,0.9179633122462477,0.010145643193197737,0.04654747080691263,0.016378761259826843,0.044975094061097606,0.017754767421385684
fear,0.2825977762763825,0.30805591176977853,0.3009970268027635,0.361290684901328,0.35717023473103077,0.1211610618356264,0.4637009646818571,0.5248943368946163,0.05685815746458997,0.028452665805307926,0.4793494165482897,0.9027125155077917,0.22093862649383175,0.18396263267088114,0.26794713580756424,-0.06316789818551412,0.08193244059134293,0.05656835611438989,2.0071221199172546,2.4982717069970852,1.3466161910634835,-0.00427758886750916,0.14099315323583828,-0.07340540522703447,0.039315061521424166,0.02380511766551541,0.03411344873376493,0.01769712156999933,0.0,0.5320677534728536,0.630429109279787,0.030342723268190173,0.017492674580286097,0.03541643944699055,0.04381142668744449,0.361172520606087,0.04762318937863558,0.0,0.9848834360126328,0.019564185484958297,0.01697303068338815,0.019895748836342448,0.009600396699565398,1.0,0.780799629937128,0.012661350560270238,0.00206973520576198,0.010501375075421317,0.010896814734474831,0.010024279830146528
fear,0.27205436679538003,0.29944977744941326,0.32481314516067034,0.42074812414195156,0.3872964890230444,0.09380422552447436,0.3668629069697379,0.4762023343391832,0.06859019072818354,0.021845112837597595,0.4045651265965091,0.9825564010532367,0.11081791993343477,0.19563903907389377,0.4385820007713022,-0.05182732303150238,0.12808774505056067,0.07024550685881095,1.9362329556988767,2.616775469914855,1.1678671717262856,-0.014056415829794111,-0.10032752352464018,0.12756157519517508,0.0,0.01756657336196993,0.006598288651139912,0.02174186385474071,0.028875757373985407,0.6282381684809439,0.5599965356418112,0.023041561467181466,0.0517681707998089,0.0,0.023026466086228565,0.39562155494993034,0.014460932784665839,0.01863902810172762,0.7655943372207045,0.027823450547557485,0.016856727059710305,0.0,0.03663570128300498,0.9629278505749481,0.7893242317486583,0.020647035154957905,0.03582865800468858,0.033431130004900375,0.03764579953081998,0.02486820756614985
fear,0.30291232741286844,0.16837731308001597,0.19784827343432143,0.3749995039659525,0.37957988611011756,0.09031788305060635,0.4030029974091949,0.4224435003756086,0.053357714967065,0.0,0.43259331288539987,0.9549422535231962,0.18915488146338616,0.18523641677103678,0.26935303872695326,-0.09392780894574082,0.1380871429613673,0.038754065952434004,2.3625398390623027,2.041407369191048,1.1572407302977197,0.06156268528197198,0.1267891462634873,-0.02746285786718445,0.014271120539863812,0.01626252569830514,0.015579961378493858,0.03877098204679358,0.045057322534817826,0.6737630180746759,0.6087301623359985,0.0027200429520111494,0.0018250924547571733,0.03884163273889589,0.0009082578898972349,0.4059662912912251,0.022018995135451302,0.0,0.6749405504076458,0.0026004587078666958,0.01134582917684166,0.02336287735870168,0.033361100601967564,0.7836444678336275,0.803834024681172,0.018445446027467047,0.009528022119352393,0.025431528201877017,0.025833021594798,0.0
fear,0.341338936371577,0.18711265531318894,0.21471445899461056,0.35789282556783497,0.2903587242498264,0.09470872949563507,0.5155700617762639,0.48073950883360395,0.05138239646617316,0.016974590211164688,0.3700490706813451,0.8759642739598122,0.18846276501449444,0.13029063469202998,0.4970492357740218,-0.07950556819393627,0.11394197135761105,0.051406352865827634,1.725067189669912,2.9379809798183967,1.3589892225653046,0.05115388726538339,0.011448586188416682,0.02070148900510111,0.0,0.019043584565101312,0.022695762797688618,0.0,0.0,0.5666337448147711,0.5186778872937919,0.006434199738980134,0.0029302948593258674,0.018408881088034113,0.008400410418182007,0.5613966355443093,0.022343513553132476,0.030326072099021266,0.6311732424965711,0.011833092365523448,0.021770809493108133,0.025888720751154493,0.011579952448835388,0.7998870115798535,0.8108460815430085,0.016127773893788527,0.04813456498459248,0.024072158839073377,0.020518379335072,0.0036328898704621262
fear,0.26964472540458234,0.2718718099314439,0.24129907194030586,0.3077498118955339,0.3731068372344988,0.09364124631272211,0.48456740042410984,0.46198397487103315,0.0331282469008235,0.022930328303433407,0.3096264165034389,0.9831751789756215,0.17767502377652564,0.24931306977941556,0.3106487891491164,-0.10307551990807659,0.08967093223198834,0.06065900470641452,1.1907399013932696,2.7805136560175456,1.1216147306911866,-0.09882767692603929,-0.019188735518487994,0.09043001391898145,0.00515516895766297,0.015218007579398857,0.010366050433207555,0.004073628382799635,0.0,0.7230478945184682,0.5940519707973279,0.01491082372634733,0.030982110768787693,0.020726236631686264,0.0,0.5172796903739164,0.03928986548162282,0.026540223349376037,0.7134988428759653,0.0008538213322701292,0.008281894449824816,0.021339428179644872,0.038541331579028976,0.7740642488300307,0.7851088518122757,0.03327877441592373,0.014357843387987936,0.0422817331485657,0.018074664013067822,0.03518101147851988
fear,0.27419355541820173,0.3017838301661351,0.32150326192859185,0.3757818476335454,0.3069766136619421,0.10644205882318789,0.39911448429404345,0.4076943114975845,0.05800629823365934,0.04207294600714395,0.38375642336410426,1.0,0.13941104608523394,0.23742209414865897,0.4144553641627325,-0.04165773392556867,0.13457905936536516,0.03886067497365171,2.5152099924797886,2.371361234677335,1.04185238461212,0.030622575422224668,0.06363812525500302,-0.014165408426876254,0.002753439167040423,0.04060960120106645,0.034836392305116794,0.01378517676642417,0.027090442673710913,0.6626599584367018,0.6147087312808934,0.03254185609891692,0.011869584607051191,0.0,0.02337788491941913,0.4566766098604137,0.012287470698554815,0.008398535348662155,0.644060181847795,0.015284617814774307,0.00862198137269737,0.03253714713572636,0.0267145340608917,0.8015466097796353,0.9022719623677586,0.018602828543066007,0.016497160615596064,0.019287472825440275,0.04302702602456991,0.02837224036852937
fear,0.2935052997389101,0.2629143701150976,0.2594802998352403,0.3277456008764165,0.36541476913870097,0.08475330943313988,0.41615426406126543,0.4983613862294867,0.07952569399146804,0.024864616002272178,0.3926397551036652,0.947138552706948,0.22210469440551817,0.2049265500080042,0.39549888373836306,-0.03941718487318608,0.06428456254325958,0.05683333717866079,1.8155537868092133,2.5988925719783436,1.0247251072951729,-0.023878576413804746,0.08044766580326329,0.06862463066524062,0.027685204418177473,0.018010056953295384,0.005110306527428965,0.016221147695396794,0.04867655102005748,0.4226944833620988,0.6666341691917631,0.006862648373130961,0.03789939416371786,0.030612020240812672,0.022416829934210496,0.5417432238756998,0.02317943133893797,0.020079551920864247,0.740114095711153,0.015308110391398112,0.013967205095652538,0.020134479874966662,0.0,0.9529664343324633,1.0,0.014381193629476494,0.03527437541348855,0.01825666216943363,0.012170062025327444,0.015036807823297714
fear,0.2529974420917722,0.224192227648704,0.2789643472996011,0.3391819393522845,0.3501805548157225,0.09864226838126745,0.3461727221068004,0.5630620606343173,0.06422127371710357,0.011809290825249306,0.3986611022783024,1.0,0.18772239109667038,0.2623742917973093,0.3609069510085201,-0.0024408242353278833,0.066634064350298,0.029336004557216713,2.6474534148332256,2.286936614543034,0.9451896377880525,0.0068553986756200195,-0.06491756483470645,0.048494584591147374,0.019379582114145266,0.03643169763091453,0.010074179028958543,0.01945782891618508,0.0,0.6031160484455353,0.7497199469315237,0.009803549811671705,0.003465227744049181,0.009910526160775066,0.012074145052186938,0.5264713854787008,0.024937106367566072,0.02744823268591445,0.8028432111391942,0.0119418011123057,0.009907250349976977,0.025620261284022644,0.04065703724032921,0.7559264921556728,0.7482016709857282,0.0052342399868538815,0.03080986386842381,0.019452140883108673,0.02722015887635381,0.013396415244581891
disgust,0.32799070834563404,0.27811628615704415,0.2638644543690559,0.3154709929717933,0.2205708463354651,0.11076807755092809,0.4038246768701782,0.43790185042751295,0.06993764034268668,0.028348530402100468,0.387653287285259,1.0,0.08525892873548904,0.1583571630128473,0.052924725505376004,-0.1505666006327254,0.06683918510606285,0.058402620095066735,2.5245944446267985,2.1776724952471382,1.3210018914997843,0.04945886806787844,-0.025887180760435596,-0.12359404432944508,0.029422474542744655,0.0073013651443335666,0.01054006572273867,0.04344033473232501,0.005478704798546679,0.012082737197630517,0.04555473597624903,0.6931130704378613,0.8852990906940229,0.006713784605762415,0.02179747770888379,0.034116965360743184,0.503253415373117,0.559973631256878,0.029677671666149867,0.008274089091528752,0.0491246149774644,0.03349041746998364,0.01535533058276908,0.016947303254974958,0.04485236966655606,0.4645185433511512,0.45278415075293776,0.03490015019253965,0.7099442305110631,0.8421667831126232
disgust,0.28359322307575513,0.31578539820368073,0.244689114981537,0.2351106004641926,0.36908447320220467,0.11320319676441122,0.4219602724271381,0.5213662290016681,0.054230444770015894,0.04325979435717468,0.4464918608442976,0.9666080712625704,0.15562664905081014,0.1664801460267706,0.05541730070586567,-0.1321395717865344,0.07181782462692991,0.060309948560344585,2.4250380891232317,2.41121774700289,1.1985403453974561,0.006732739309835766,-0.06333423904780186,-0.12524792410346364,0.007421763098083721,0.013207013921634883,0.013738770615288283,0.027261624523017728,0.023328342705289475,0.015714000749163633,0.015198029555308433,0.5532181766579777,0.9105874384144867,0.0,0.025484446278097234,0.02049022618201751,0.5234317695973548,0.5491807341526707,0.011381220343205333,0.028486599969932837,0.002923616891528067,0.024261590336754867,0.01118907495398763,0.014449936078491477,0.01480121129483166,0.48346444364213664,0.5502153352735464,0.019534658756538564,0.9432979466374631,0.9544896658409775
disgust,0.20650689245913,0.3359590957378489,0.3603320024833583,0.3238518974422462,0.4047225191813193,0.14434388720792024,0.42387985964669556,0.4298156986838946,0.059285627083185216,0.01188651425056656,0.589785458725663,1.0,0.18172190887429196,0.13570724383286714,0.05440857707124951,-0.16742598052709096,0.11899793415144738,0.006211563879767908,2.5497105497405412,2.289885267941607,0.8487233418424658,0.024701431983165163,0.061433119967365814,0.16199445371748167,0.0197869255852649,0.020218698349455732,0.019163869630968482,0.03793644813168329,0.02495142774799529,0.030349150255694176,0.016766567538967457,0.7926998986297822,0.6191512031299258,0.02335533685424065,0.010143286068064002,0.03715527529281623,0.5575505172203223,0.6162868359668834,0.023410193510268858,0.04348191908788447,0.0,0.018520641050078356,0.007518867850746085,0.0,0.006674620148261694,0.6172035654205079,0.4969824678607459,0.017142975487256313,0.9273501160254238,0.8615432435245798
disgust,0.25661626098343354,0.33444854525380135,0.21696912899021126,0.2952711137979192,0.3603306819527228,0.09614839600215765,0.41660885005580706,0.6273541645908651,0.07482535649907102,0.02184122779172971,0.33206656497173104,0.9278949037663626,0.2062204822742081,0.23873593910022814,0.05692598687241871,-0.18842800761796197,0.10400797921473899,0.04148011264453565,2.152538361241281,3.1836439367892764,1.3052498933658825,0.04906665383988435,0.029055968998341897,0.04341616634669309,0.02748897022455028,0.01941052219597455,0.025388169637602348,0.010600762990788217,0.02721416580388918,0.01748620980795296,0.009310676564519395,0.8315001755397617,0.5268445852465135,0.01291988437035126,0.027973165097480393,0.03591960077777086,0.5971702996365452,0.4827913100587331,0.01933787911089849,0.023786569059278378,0.040286947210742996,0.031967773918226666,0.032063083713021114,0.02085045070340493,0.006077177906084223,0.3593958664072653,0.469873406105053,0.02909259865216921,0.7998113925062265,0.9072174653084392
disgust,0.31987735539069717,0.26406258646047626,0.23681134345771032,0.35219032028074365,0.348205312704505,0.11597993276447299,0.4362182938940815,0.3651691820418719,0.04974037100710522,0.03829879833885058,0.33636727875696,1.0,0.24052430693974786,0.17828703262697287,0.047769064225659935,-0.17401610024449848,0.11558001592623093,0.03703953571455092,1.5947538703999433,2.0900316245388053,1.1983541002980174,-0.06357483413266736,-0.05763787983504273,0.11264079241191034,0.0,0.001984400643526292,0.027270693983825357,0.01905900338425006,0.008118138088754206,0.015823525135909886,0.04259621754182273,0.8781731732935163,0.7392566487076163,0.030610369597793716,0.021573040149967027,0.0,0.3546843987471151,0.4590667216253289,0.0,0.023530368818352083,0.012850786054062976,0.025529277584995187,0.02572904814744834,0.028970356949490964,0.007901927873389624,0.5515671708438251,0.40445376237373276,0.029247419109853394,0.9722654159666356,0.9223153573789712
disgust,0.18854730718077276,0.30427339629974565,0.34800219092408724,0.23227032090756627,0.3008351532695979,0.11097158879199556,0.4023722321189261,0.42369783822931734,0.06073175748479101,0.021406423505383528,0.4078790055860003,0.9910620957431543,0.17884747403796822,0.17468033693807683,0.0439733165833639,-0.14165616289341287,0.09931799550546437,0.034805138748439275,2.1039291776636473,2.3122005790727402,0.988494757280432,-0.01416620343639061,0.05100914282006735,-0.1226615949392056,0.0,0.032317057322356506,0.029702027235632155,0.009536896560804316,0.028861684737701666,0.00667776510455469,0.016007321638452997,0.6969720217224765,0.7222409086246858,0.028400339281834927,0.01477563669306348,0.015584687038000134,0.624322721565682,0.5561707976704489,0.012306756072031761,0.02312834255030799,0.032904605982043186,0.03372691489090966,0.0027798297528061726,0.0034309274898542894,0.03298809464019655,0.47124805509466644,0.27999940604984297,0.010511278391673207,0.8060958036170508,0.8187430582739456
disgust,0.29482688868263707,0.21309988170922528,0.2633873682702418,0.32720668963251553,0.30217592033832036,0.10947433250472269,0.404475254922231,0.49299452597214855,0.0430269158012867,0.05310015357200533,0.3076383627660615,1.0,0.1448075149838945,0.2389421478913371,0.06448021266512644,-0.15638260734682255,0.11498678675092563,0.04132332954830582,2.189326113335764,2.5058199031445914,1.0957269862072618,0.06119427468099794,-0.08362510392774795,0.07484259099448635,0.01437841027438021,0.024431340968935455,0.00825031077790996,0.008740765502563122,0.03241468998020283,0.02556902071924227,0.003013326443403283,0.6496720175335865,0.5363489151314269,0.03182596765513023,0.02895148876125246,0.005846157847396033,0.6149650927201578,0.7485501212850868,0.0,0.012003690059907658,0.0,0.03233107052681153,0.018751250577830135,0.014824636190059411,0.022956434719615126,0.4443066090250402,0.45983677066615736,0.02357191205273874,0.7889922175400778,0.8031014494551235
disgust,0.3103278481064444,0.20202136997612652,0.3532134681835667,0.30325142866394816,0.2817586495438221,0.07741148245155575,0.6041604505498909,0.6328893966311852,0.08265816169150286,0.02157840399846103,0.42408736768146005,1.0,0.17109221789370724,0.21084014923164798,0.053976336543932,-0.043249287314377674,0.13590819471288107,0.04758549628263471,2.595641445883263,2.4485493722265868,1.0595768829519545,-0.012521607924053846,0.00822061809789388,0.048131547628967264,0.016290624590027832,0.021916346602806475,0.009794348560433007,0.013270955982017777,0.001236015963092845,0.00930772639027105,0.02304910968467299,0.8542138262878571,0.8414032053421425,0.02558791797136012,0.00011943593605298966,0.00880696675172291,0.5302557251584453,0.6462833105459259,0.01276089444112102,0.004143175052963577,0.038827746330248575,0.010445871070825443,0.005337683405603798,0.022955359343255374,0.01934902966410404,0.449987374304358,0.5000367896116302,0.007962773738375277,0.7988419187650604,0.8463870530212432
disgust,0.2311794760275637,0.33200798087133887,0.3096041979626392,0.30480277148075974,0.2060495041778752,0.08485798013153045,0.43324784420810836,0.43887738878829086,0.06997482808892715,0.045925813715244485,0.44303974819752373,1.0,0.22493329293053171,0.16730157072117877,0.004085351413586534,-0.16998133278828015,0.04070194172784906,0.0432829823131565,2.042057782246995,1.848766622025638,1.0028428517083947,-0.16286849395130226,0.08595589850375797,-0.10983233424439509,0.0014573620549773111,0.018348961103183084,0.008904686659361514,0.03312921399685499,0.022205899361706728,0.04086223510051072,0.014088054754907178,0.9644366286296902,0.7502519950582904,0.01312995627353514,0.05131356604564449,0.0,0.49473213802471727,0.38349510355704264,0.0,0.0,0.028017842911961542,0.0027223188549159276,0.016687916885404063,0.031594909821871006,0.026023487140143867,0.5413919911676308,0.62138213587016,0.04092258930365092,0.7248264786623051,0.8983202734209459
disgust,0.2523386865331955,0.25801725426535255,0.3543732033249405,0.23645830883878025,0.16879997809867386,0.09984748919682525,0.3526006664565731,0.43918282156705857,0.061563224904788605,0.01870239738065027,0.36981285167656386,1.0,0.2113537714748237,0.1455453248505132,0.06274843349287351,-0.16017763889095782,0.115051762525748,0.022995923006953845,2.2763158686762863,2.411543527745807,1.1777659846305024,-0.0217773257509403,-0.013200768176707178,-0.12091800636217678,0.03246626485005522,0.009325774363718934,0.01967433456946193,0.023942908654248682,0.01611285327168093,0.029318261843183896,0.024287674572016988,0.6920071389025241,0.8760731825728809,0.02730464961507382,0.009046624234897613,0.008916259046383669,0.5280487365880004,0.5947478215699497,0.0,0.009593378470228982,0.012492786265265067,0.001310495533396773,0.006717025951249003,0.021784916271281957,0.013644140785083192,0.4589673671881952,0.36213602048247884,0.017224282818210524,0.6995935853260711,0.9959029667840678
disgust,0.3244393262229079,0.3108029167573079,0.377486749730682,0.41775927389656337,0.18852558369941297,0.1289664865205657,0.432755634025688,0.49255434938271,0.063612345926622,0.02956689066212216,0.4700258757129142,1.0,0.1447434129818902,0.23569615542739086,0.03474476030487121,-0.04554405159385537,0.08089061753767013,0.04333537238546786,2.038116655417446,1.868249709505876,0.8769756881017483,0.13946622056248423,-0.04258491273839631,-0.08979520972860187,0.03185644835733047,0.0,0.052755616773274755,0.018776362191217363,0.006618524716308031,0.025462837131208685,0.0,0.7166432110250885,0.7294658639008363,0.0035393381324694793,0.0117868462096659,0.03983830045048868,0.5683250230427037,0.5899467337286999,0.009771260727439036,0.0027958081911814148,0.01686621783416405,0.0,0.005741426583512635,0.0037175006755662925,0.0,0.5649217450671322,0.4869493801271807,0.011944287882254507,0.9171016333878076,0.6855728702304662
disgust,0.3155797808696241,0.30452173274230365,0.2497433555143172,0.26926247234733736,0.31249980913690856,0.13432245461741948,0.48305708788467056,0.5242417467694719,0.03396600130938614,0.02802002881243945,0.35300590715139735,1.0,0.2027853722118724,0.1695475262746328,0.03220113867089601,-0.10549616541117976,0.09663069901061602,0.05238227939227625,2.3135717362455663,2.943500486059769,1.2820408148059086,-0.10748631640831999,0.1005593002230865,0.18251256053817638,0.02691522580327483,0.013495097435398062,0.01549107670549914,0.025908542204708146,0.015277767127366768,0.02585467731294139,0.00939697602401274,0.9429349603672355,0.7693678117978962,0.021664067536092665,0.013726129383480886,0.044869269659496516,0.4246709717268222,0.4796983155952874,0.031096692239374512,0.02311553381022651,0.012502017820563933,0.012874861122973806,0.016218418428142346,0.02132781562117339,0.040197203408392335,0.5605161844670427,0.6023335207941185,0.014354435183072774,0.9015729601435264,0.6945210951820086
disgust,0.36099442230384704,0.266561125239548,0.237508706278538,0.25656694469551894,0.2837945197391771,0.1325435247100053,0.482155329871122,0.49014565788745157,0.06419611981649731,0.0070759564657076595,0.3503658603807673,1.0,0.15117988690128323,0.13123329220936258,0.031054810278643295,-0.07782555309248326,0.09064797564241592,0.05395238695832134,1.7644289906214032,2.593224765542444,1.1103950521144754,0.014570976730971557,0.010616434837685262,0.14571334325572127,0.02580057427583087,0.013787542561856412,0.02655569208925678,0.01314883588400316,0.018955803818587934,0.016468159658948087,0.02034108892604704,0.7779064546264517,0.7005096497110072,0.01844496206453221,0.022424325203060213,0.026599934662662812,0.5423914667494342,0.46129472057679355,0.021123904537722664,0.028714471706018513,0.0026692880225229094,0.0028209547502272454,0.011391251196448824,0.01749970804160802,0.0,0.5574090122478135,0.4817468046038641,0.0,0.7386831506818714,0.819941587092414
disgust,0.31526585390253725,0.22649092554476657,0.3013913846958133,0.26366461685992915,0.28941421880501833,0.10882075116965187,0.4445699472008694,0.5126525236787575,0.05243386005821941,0.013979356268726126,0.45900164604210664,1.0,0.1832410660715634,0.24144013397552383,0.04587977196043239,-0.12511740345504185,0.10010947208671453,0.04772855690078327,1.9990732276692225,2.1801409361161896,0.9770816080309566,-0.14180298734772362,0.08734150757280545,0.014946647202255694,0.02143989415396652,0.03557842777849685,0.03058462010876075,0.025045100770443113,0.03623919607587121,0.020250215878470413,0.007145431227487143,0.7150553797584511,0.7439339290861824,0.013338506209822782,0.027930873959267064,0.03216201362858626,0.3767876330039546,0.5354539791399636,0.0,0.018809543970857583,0.0186642274375466,0.04309072774454987,0.039191340078786566,0.03212055636989422,0.007523395853352242,0.39824922265686097,0.39039461192980907,0.039846025826472356,0.7589557951877218,0.8114429897930356
disgust,0.2879738507067093,0.16432294245923978,0.21229940006769132,0.31403534833809377,0.2960282398003323,0.08997670704990658,0.4969400502242892,0.338164945004103,0.03958764525896416,0.02673448297426118,0.35454934814784106,1.0,0.13758950232525846,0.15828179602163164,0.018811538283885144,-0.20228506259161744,0.08810132127902257,0.05787542050390403,2.062690426814159,2.888007545539392,1.087724903999065,-0.0719814538688986,-0.11323552421665664,0.026609303488350833,0.0,0.024474526115096342,0.005979134406989224,0.021636448440236114,0.0,0.016424362465433922,0.029134994442070652,0.8080479980289738,0.7249258099784963,0.019332688528767936,0.013536577925374028,0.01612211374800303,0.6126773875775309,0.47501119156440974,0.01152532270822629,0.0,0.028407069527760977,0.01584179778462841,0.003581753791092008,0.03069054065350363,0.018686428470005564,0.420320213752421,0.5838112790053513,0.014852725406670684,0.6876127868649368,0.9404004821897396
disgust,0.17236188205730021,0.3683954397465974,0.27424006636402387,0.31108174164692254,0.31800548939022927,0.06462399534435459,0.27786622180646825,0.5972015065257226,0.021689678936674582,0.04058756494341531,0.43304845154780025,1.0,0.1606682621835757,0.27680248820837916,0.03692759459537488,-0.14876232966977304,0.11547110692000233,0.037277005473543054,1.7537078054539512,2.4079740887574506,1.2767453386636074,-0.0715618116408806,0.26691305184203584,-0.04001383207897107,0.04374425185173878,0.04639575174809048,0.0,0.03286692354585311,0.006522825287424483,0.007171028831185203,0.012303678843268656,0.6844294423983357,0.6377885962449482,0.0,0.03813235967311175,0.031009179081481493,0.5432189671339127,0.44811727245093547,0.03539158409552416,0.018509449396915723,0.011858516651003343,0.0,0.026333476419307784,0.014989848100674785,0.02273235239578879,0.5117673853763056,0.5584765178039368,0.02216615455330582,0.814445854432293,0.9004119540855788
disgust,0.33521657418960504,0.19481528631657974,0.33014449121565115,0.26476375955177345,0.3435330546073105,0.13606590401440777,0.4638966149006091,0.44633085461446276,0.048278019164609005,0.013882412619381682,0.478708781793839,1.0,0.09951579463046724,0.22404034612367046,0.06455371529480088,-0.11827522713253902,0.08029448988034787,0.02969627512559048,1.8447601096924142,2.525052408864439,0.8207884678201732,0.07203304101176353,0.13463836065755921,-0.09367180363903575,0.02551740091965609,0.020943308378089286,0.03673454814628319,0.02911620821737764,0.010600250800135345,0.0,0.009324060379153927,0.8881235611850326,0.7794362918212578,0.027765397315627504,0.011820602064063884,0.026301922280463103,0.39798365904270055,0.6435202659461006,0.004979452385842751,0.0,0.04941031087312535,0.021753524315345645,0.02139370562504883,0.0,0.028093284031328852,0.5886019721569948,0.48007050377192695,0.03156880196434057,0.9670508888219591,0.902572259491822
disgust,0.28428399027554846,0.28451778478218986,0.23675388216676307,0.2649389130821839,0.36559574045593324,0.13746180143553755,0.5117836967972261,0.49274681147666066,0.060965881029475325,0.01908514523709822,0.31574379467552094,0.9648121466653831,0.2286463680157181,0.18873240833978386,0.058348717432620344,-0.11156971673424612,0.10653727055600316,0.05603656844368562,2.326655679580004,2.1602481717591324,1.3775630300366546,-0.17329779343280177,-0.10364488692585504,0.13495166755575796,0.01040946940327199,0.02311301353241866,0.0046211129844332035,0.01783379875356209,0.011422197746314686,0.020314791226369974,0.029560213581010852,0.7576052902907675,0.9460858725946057,0.030346952987793822,0.01703010686725637,0.018880626770889784,0.587776256051183,0.6204323577160585,0.003957323167673235,0.028276502524001063,0.004294810103458793,0.02701804760191374,0.034301261851133115,0.02389651403101868,0.0,0.32176455256375536,0.5562717060789695,0.0,0.9109876928976489,0.9484826187230759
disgust,0.290862374307778,0.2034127312134482,0.31874097408821106,0.3764762216389527,0.3379170338313138,0.08742997971747415,0.5073460981968841,0.5505664374437407,0.07040915728620362,0.03334932914967725,0.28856981351339317,1.0,0.20388888562598223,0.22998839555112063,0.05902341893403503,-0.05792194514195919,0.0543038830010938,0.05977112285241577,2.2556740602717555,2.790775693654086,1.443750805624091,0.09081425610355606,-0.021732770993582978,0.035080440865086555,0.008452344353400547,0.03961102314423798,0.030593648501761377,0.017566853392312187,0.008185673320832455,0.022552083300531916,0.02371380104947252,0.7841187389990654,0.6873050465236427,0.027921404027651427,0.01472798313118399,0.03581548182086189,0.7210206648431069,0.4687401222655916,0.02077857049936724,0.03263812767059003,0.023586434234313614,0.002417181000482174,0.031242375091625037,0.012124959741113717,0.022606098832768245,0.40059562303428337,0.5794596474563422,0.014526455312826383,0.9400427346747081,0.8285118539126085
disgust,0.37350812445424386,0.28965218580534247,0.2505544585358112,0.2780362662746855,0.30096651206405695,0.12489569120598092,0.38067489677390404,0.42141925916801565,0.0491335664000581,0.04005213299636283,0.46994007619804123,1.0,0.18114830872598556,0.24516105731733956,0.07217734327012466,-0.09212952888911488,0.11942497121528432,0.039594967346841745,2.6941988043595826,2.3574569307685613,1.26298497828768,-0.03849864695602317,0.0371012166245743,-0.08594990997983626,0.028797077126591603,0.002172549363695743,0.019335729893448707,0.02264387454969016,0.018526000537182907,0.019489950739807877,0.03940490118119351,0.6672861094647494,0.6231243028785171,0.012375613196788506,0.029675209926241133,0.0309418025808702,0.6106007687137919,0.6411811506101627,0.023328510673312226,0.01326581915531969,0.007712964229679922,0.0035924630538973212,0.01704677319300379,0.03024846749422839,0.023079838192384093,0.5022946986541007,0.39446245535202906,0.05353048739253652,0.7674541113619346,0.8620612469111972
disgust,0.3220503428680262,0.21034311695758384,0.3705865003461556,0.31552289185498433,0.28606246802875435,0.06459044280341733,0.360721677047384,0.44596278051296867,0.08312307997821064,0.02302868392411319,0.4242941710384924,1.0,0.26746955752971985,0.1730064697351467,0.07739568360816448,-0.1359431634584524,0.08240967654310824,0.04860681079686726,2.072523351782335,2.6621600763545095,0.7323869880451719,0.08024139221372201,0.0038098323291765345,-0.06455512924568238,0.021922179625191662,0.01221628647902974,0.010588614013697642,0.0031548932084010765,0.015257549249687797,0.013284108129717725,0.014453799312205709,0.5861392955066076,0.759814977819675,0.009708826143267835,0.0,0.012873893502682775,0.4725924511124744,0.554113723997901,0.01270036404705924,0.0011559730350972595,0.008451401988700485,0.0,0.03478266376451422,0.03687219943860142,0.038445889622354235,0.44101523867227727,0.6297109565180624,0.025290972428961417,0.7677844491249284,0.7871481158097736
disgust,0.27990710683916037,0.2618769258778796,0.3503087172207754,0.2937419592386648,0.2905934569375119,0.09456822762685066,0.4412269684098992,0.344412192394163,0.03244579438529594,0.051797829539820386,0.2844706680473835,1.0,0.1926734082490774,0.2289898732192722,0.056418661727860725,-0.044365334051985963,0.10599114624006233,0.0735874569294391,2.4379910344202145,3.0321013174370464,1.164570102654853,-0.013758457368495743,0.009220650345973386,0.029032371105433687,0.025172619919800084,0.015200705009387215,0.022076796685289363,0.022794836289156375,0.0,0.018139135290104597,0.03156834542449556,0.6149810750865375,0.6513658348603983,0.0350234149369369,0.03746066505142019,0.011930007618690158,0.5673984724782986,0.5421947559801413,0.035300687491685384,0.013066496226513825,0.015077599037835853,0.037429973795386456,0.006956702425792858,0.0135265356838665,0.021727678721123665,0.6523769813709284,0.38065376669222306,0.010762365815778113,0.9092550821662757,0.9246949968717805
disgust,0.20162205246869455,0.28527394561494696,0.35707039102187266,0.22739184514224278,0.2568771968598078,0.09007802637186371,0.42412070812069813,0.5927057828913482,0.03369161846498184,0.005287750820598099,0.45397501864406603,1.0,0.20914396152789194,0.182413120282095,0.058032847740662814,-0.18271508099136613,0.11139141019784163,0.05381143798704289,2.01700126869368,1.9846412520478522,1.1998976811123547,0.016924454161439846,-0.010504908120420672,0.010372192340440548,0.029412598532778157,0.013095001923513372,0.013350626609899576,0.030320554546631052,0.042232874576979884,0.032215048538648525,0.022983025332945908,0.7256774189211089,0.7472499043256662,0.002768611871286672,0.017992987337785635,0.0345584990324562,0.553963485767638,0.4874500175789541,0.010666019700013645,0.019587039349574554,0.003949721049675146,0.008188789006573051,0.0399266276959207,0.006530693828969427,0.009579980451452178,0.5291337868259359,0.4558235742933104,0.021152241205430345,0.9362875735705565,0.6952919785675407
disgust,0.3799487782479598,0.20706356949754415,0.31071654103609625,0.3620416173740102,0.26240581154139575,0.08330677963741309,0.4214282379568538,0.39656716541948955,0.05116324242569581,0.031603878976744826,0.3745736396849787,1.0,0.2318373916915923,0.20659578607958073,0.059195962325266194,-0.14375818285245426,0.034425826061227696,0.060249831750757044,2.358854740179642,2.5415227317324782,1.3273975203803816,0.06033971091561961,-0.05241507639175794,-0.02288611545873709,0.012872579187599247,0.02674070210388786,0.039137870285204934,0.028653682825985533,0.03745582503637248,0.037539034724830375,0.004122002684508543,0.8219181076425162,0.6868045450839577,0.005602715814375816,0.01628649399246092,0.04280406754508901,0.495619988774617,0.3741783575329001,0.00122009470486599,0.026218931748016292,0.010135271382205874,0.0,0.0017335362539836162,0.022169937672706714,0.03013331341100956,0.45542843953288986,0.5648978826352522,0.03189408561765791,0.7716289532753541,0.8378780773260232
disgust,0.21691478513231555,0.28273450379218307,0.3377379380112744,0.32808150154134846,0.3553759392758267,0.12297553525283887,0.4532665146974622,0.40369466759748124,0.0347797315030762,0.0,0.48326846879969465,1.0,0.11692349237888985,0.2375215209149834,0.05164967166164325,-0.0812892278383245,0.09346145796942523,0.03611770952179029,2.2448683716138005,2.649559718629924,1.1084982567352015,-0.048038550218348526,0.04849919952119293,-0.04897871286793747,0.03707586478933563,0.032291099611035365,0.027341931928489414,0.005570362051492764,0.0037388326692086547,0.03558722860423913,0.0,0.7409020618215552,0.7646644348015076,0.013633728512878782,0.019540823846214566,0.025463862115560454,0.4912779263378335,0.6381410310412263,0.027572181950099015,0.017660538125411653,0.009256392924283843,0.018821408638963786,0.04743871296603562,0.010153426662423073,0.039900149427875106,0.32448184533076807,0.41392137734456486,0.012945813880560975,0.9449088730867756,0.8555357155547422
disgust,0.26290856929037565,0.3853728666191196,0.22174744563998658,0.2720491682443718,0.24621207346550833,0.11433281177617399,0.3615717438282432,0.5912163509412678,0.05141189799275503,0.02536094093862323,0.4324171748948696,1.0,0.1845015814930845,0.19326215407549002,0.059086754859779246,-0.1528947626562917,0.07519805005975061,0.06436694138456336,2.0993767182258156,1.6925642595661636,1.0725650290735766,0.10480572164732778,-0.02993780095820183,-0.0043087822834757825,0.03988966603113672,0.01791509757600997,0.013097112839360766,0.0005676801752441639,0.012618196861807263,0.004871205149072119,0.025579659510590335,0.754929274117611,0.7136537076819736,0.010091168381888947,0.039843726390183284,0.010830885007748849,0.47984012834734646,0.525703195942855,0.01865945421643951,0.026266601915828858,0.03209578186371962,0.031122451462613297,0.05158862656466773,0.0,0.023001067281478126,0.44794931672426097,0.700975986863438,0.022282845166266472,0.6470327850495723,0.893421377781149
disgust,0.2970470179363096,0.26593470768850547,0.24508918187445514,0.31884981194050394,0.30840315812789576,0.12625132982593545,0.45209164387073014,0.4968024502764548,0.02886991301074475,0.038128723169980824,0.3455959529562742,1.0,0.18973539382620017,0.19524846365052487,0.06330604470394907,-0.20559926776053117,0.0856618919340747,0.0630572676070345,2.724680264775566,2.440804772584078,0.7114762276447804,0.021346595140318714,0.06819712346433683,-0.05788246703080572,0.0158761533161951,0.019218051852945874,0.034422971689768565,0.02062845941482245,0.003402573446523935,0.03252545512805873,0.02738811867205483,0.6800906326605098,0.8219872603778388,0.012894013606961,0.016123295434951588,0.013114051668098866,0.5190058854855565,0.6406760262761481,0.0,0.03435368146814065,0.022292223074983422,0.014928890461313305,0.02026992012565978,0.008183312476626053,0.0,0.41192217582507734,0.3104510690516289,0.0024156519320914956,0.6877248431976932,0.9723818834306703
disgust,0.32420461966694014,0.26465292497433923,0.26489003287954543,0.30990829137393233,0.41617255308289003,0.11032618059450479,0.5017870434755691,0.6256457521969765,0.05486196141149191,0.0349221663459226,0.4334407681079712,1.0,0.14435646006444613,0.14652764465383034,0.04103446200080499,-0.0847225913229605,0.12086165387910765,0.0733307598949901,2.0963913024440597,2.652997572983927,1.2597271889573387,-0.10273689177869857,-0.0037121718182554714,0.08933893350083649,0.018602575237805473,0.015820049235434487,0.000695022714941488,0.01801705066120552,0.018647993254428355,0.03474703541420503,0.0360288940954248,0.764571333063755,0.956338317910449,0.02246983079545932,0.03342796413636822,0.018699036350808936,0.4359849210210771,0.507478070231136,0.03916266268872956,0.01656537338650394,0.01393552391931057,0.019947143735932264,0.014936537855418663,0.035518867850153006,0.044510911081553,0.5005934895547346,0.5540455680564444,0.032634376497348225,0.860854815827642,0.7622087912407431
disgust,0.18680619573195087,0.25729570739128216,0.24167563197521658,0.34852604798618136,0.2615967486598096,0.08847133423805248,0.4115529114733947,0.5113282062665638,0.06695477580424916,0.02641645615969117,0.47744866033254457,1.0,0.11301858030963469,0.21278858698447584,0.04352852307552784,-0.1702699362148584,0.09200663795999112,0.06279006253426915,2.572955368240263,1.942224805614362,1.2737885063192285,-0.032755408441504756,0.03708206575162052,0.031504974090483605,0.045553176431157236,0.043799797450524605,0.0,0.04832544093386973,0.03249353434693882,0.0,0.010046407364116149,0.8757764078761349,0.7860285517878213,0.01253857551269046,0.020864015670398636,0.02709694594134778,0.49207310409208876,0.537288259417801,0.03165992238204328,0.01088935209955269,0.0023591534674760883,0.01171494105607645,0.00844413928772847,0.012136727015240965,0.0,0.523562099008954,0.586760129691358,0.009447541310404204,0.7848030775337087,0.8312613497682345
disgust,0.2526532277872986,0.2403100672079091,0.3323888101409946,0.2872906599447278,0.4096210107709094,0.10884411685962735,0.5397784243750999,0.4248689021945689,0.03350414093764491,0.019568908773421517,0.3524669498223326,0.9300882434218756,0.21750023304379085,0.1912606058450046,0.03774470722318477,-0.10494913453554573,0.1011733156515814,0.07467133725259009,2.2406654470355374,2.3907629712699623,1.2875907720499153,-0.07290442396030604,0.08854043157494024,-0.07109289681377816,0.01953246592830457,0.022389826136054038,0.03594016822044052,0.004808562922483691,0.00877744302511242,0.01454836282969658,0.016450624965064286,0.8656539107940828,0.6085300617520923,0.01961650150351788,0.012839884608330215,0.04210627163632127,0.6383847503679664,0.5738692277210709,0.03259495507317148,0.002847281016709665,0.0463575582980655,0.00905589993990776,0.036340349198570585,0.027171463677251366,0.023436222613185478,0.6215224607661429,0.5996582026185328,0.021395968198322998,0.8078401363642855,0.8623028958172397
disgust,0.304365561468216,0.28961322480875856,0.24599372053566398,0.31785612016866827,0.20672368235389454,0.0800623133495009,0.4969837800671297,0.5186020037042559,0.0496383902158778,0.022612876642758434,0.425918280709933,1.0,0.1725478615775336,0.15215602175366177,0.056775551399057045,-0.041667790779557554,0.07693867890141368,0.04777901692772358,1.9744699076258398,3.3609823880219394,0.9832265203063798,-0.008224531529387308,0.03185920997322699,0.0816471659286348,0.017914046208392306,0.015259079373036194,0.003693493200231303,0.0029874328840914927,0.0273889842300264,0.02921248777613287,0.012726498139985063,0.8908996402515974,0.524918688301826,0.0036398604463848683,0.009278632009607362,0.019883607415168335,0.5049092893777655,0.5298952892254275,0.026305725218566577,0.038941902997583724,0.030431599051794857,0.02072999444871125,0.018958159749883175,0.034318350287159044,0.04449505270886636,0.5638292943045469,0.4509895424843452,0.02336996577394138,0.9080312211591364,0.7944854195544495
disgust,0.22920942497119134,0.1894431638696523,0.25957679924796734,0.3013055289381816,0.20095034629742148,0.08478854227882057,0.549475551265208,0.491329474625394,0.05241898381952824,0.006274802323982264,0.48751973757984746,1.0,0.18351479009981497,0.20568497305338357,0.0529968967535564,-0.06032887421069586,0.11437784556387862,0.055920990640211284,2.0719103880319825,2.6130445388496484,1.121360689071435,0.06926036045530862,0.023763740852389675,0.09317264750449328,0.022461927516613467,0.015557713134512475,0.013507366051156844,0.008091230634648573,0.016474511211644168,0.01562166905671867,0.04378188922058518,0.8492105458970908,0.7365974199990462,0.014496950141618205,0.027995716824505086,0.04524963188550832,0.629656022358225,0.3779946303019752,0.03122113891648684,0.03352415709873438,0.04859010644324874,0.016771496763650993,0.021801393797179665,0.02585312260245322,0.010068289834938272,0.4145425017831592,0.5399357680916916,0.0,0.7182976559549945,0.9315677195859581
disgust,0.28054197230571715,0.3470315994137792,0.25801073489186344,0.28166640113136415,0.29645149806800875,0.11126163600667134,0.4448367683937349,0.3349088033754569,0.0453346394357534,0.0195897582827268,0.408037428139893,1.0,0.1987077922425427,0.1279947578336398,0.057275792234485756,-0.048285606535078615,0.08482979918795606,0.05100818166803751,2.019716793468332,2.363110688968364,0.9707617383408755,0.0398271350001669,0.11247673098993012,0.03705865292592894,0.045890261328398796,0.025015208436272474,0.01127964443235168,0.009799595586072608,0.02079951582420799,0.0,0.03368668623681921,0.6986149405968606,0.7888793512427836,0.025662770704384275,0.03254888960056328,0.026404132100536756,0.6243175091994417,0.6519065482414195,0.015706795664461322,0.04796803459618676,0.024587360202474966,0.019636228976774667,0.009065642129899977,0.017308363973099757,0.025224128668265414,0.5095277004561399,0.6827447778408516,0.014930193153943888,0.9179309649137152,0.7374451688000268
disgust,0.2729363536187085,0.1638033025009943,0.35030596435185213,0.304527866320071,0.2750607595623391,0.11604204022573417,0.5014916358594713,0.482130213071274,0.06986317525276678,0.02328314226706139,0.4454806993774238,1.0,0.20832586663750402,0.17008002495282007,0.030320533132986778,-0.1282504910125747,0.09310548639231361,0.06623563271055344,1.6277097753424083,2.8628465643624663,1.0453726639008865,0.1746566600854831,-0.10742735761378513,0.1659427544505002,0.0,0.004303938531642747,0.01600204324486341,0.025774936589433996,0.01826710659755796,0.00427599783304923,0.009879049572860118,0.6307139946694407,0.7758756276637412,0.018822284608416274,0.02797903532348495,0.0,0.4966016906993017,0.7528798065476456,0.028333446616181552,0.016150605334704464,0.007164396706420849,0.034400718868446103,0.03992472461027485,0.00506731945620131,0.006297105948818346,0.5278800928206733,0.5372283508654561,0.0262761202725756,1.0,0.7528512119104684
disgust,0.24631362511069865,0.24836714262252158,0.25612044977073756,0.3936901485827775,0.2461840867134047,0.09189225853307723,0.5100975292682979,0.3656170378614103,0.05451531766175857,0.0,0.4134820929737239,1.0,0.18605355618572003,0.1565461001708408,0.05398517580727993,-0.12156193407294366,0.13247801151293187,0.061162220482544015,1.6290807126604523,2.135699128627495,1.0465902843037533,0.003188666551209521,0.06490745711973014,0.05683355912085882,0.02234501499470773,0.017801475691502904,0.01774768066314999,0.05663053037456264,0.013332344917131821,0.03808125764211621,0.018084305320726742,0.5321475754607121,0.7691325429589659,0.03455000043271105,0.028234812369450156,0.023329955035605768,0.5523725898164417,0.5005341491625878,0.0316510618164547,0.014355356359604537,0.011675614277193781,0.02533821628721613,0.01609903253427966,0.03665123986416256,0.026074643703291867,0.4222030190672302,0.3855272760836499,0.012543305677249914,1.0,0.8262427275772841
disgust,0.27020155316268146,0.3684571032366494,0.21288180728358214,0.265364601247992,0.34959318015210455,0.1398147155158855,0.4838987558046946,0.5023798029318726,0.03430386199202594,0.002802033419444811,0.319792338037218,0.9975984962627962,0.18834728653929286,0.1430439286877035,0.054382022194984364,-0.13260746416524388,0.08593705017493396,0.0654881597778052,1.7883150865863242,2.9919784272553964,1.3128751270492043,0.060662267527228496,-0.11750820198348623,-0.08664650344589812,0.007128678017979196,0.03562907086657812,0.005592915818873782,0.036810037156374334,0.024328139265185064,0.0,0.0031600817187147114,0.7095025353153555,0.8367795603527806,0.01778103275559433,0.017456932337749094,0.020522202052682376,0.35049159751388725,0.632422528376993,0.037415556614695034,0.03026169624733915,0.014494678123452433,0.008494461206669076,0.00593481880088037,0.005269168400621452,0.04943931731941091,0.4921177043471927,0.5904685975373067,0.0310452935906994,0.8642610451106494,0.7568344904145394
disgust,0.2260824398434474,0.2573196758697584,0.2572326287541472,0.37694234196716664,0.16612474652665285,0.15826964777261993,0.38754234759772915,0.44043945857338457,0.057232871500261726,0.02425900135598754,0.459054095822557,1.0,0.255368817968207,0.21816643367717792,0.04794617014121416,-0.14212053340235387,0.08552865988430543,0.07263176594491451,2.670440651647246,2.8290481389395077,0.5777465331549757,0.04149549097128896,-0.09742713582876716,0.04818439861426083,0.0,0.019901693095130044,0.01783300033812986,0.0202588123168886,0.036272652462799135,0.03562456970430783,0.02227387348774775,0.5976119348289219,0.62707957481786,0.020876576330821798,0.025418693033442078,0.004174987516181641,0.6160521716627839,0.3747623604846695,0.0,0.008623343934849271,0.03784982446787874,0.03978970688327043,0.0,0.00025966354710408104,0.02989215580618214,0.4559310066930741,0.6366374263841735,0.029680596075487377,0.9416393497092949,0.7678119755089121
disgust,0.27765990185229117,0.25734395678385247,0.19669932262561635,0.23955798103020073,0.2509497508958215,0.05889248662362146,0.33038012793535265,0.2602656917500798,0.03630606017302101,0.02877822260674844,0.3778436772274667,1.0,0.20837079347234047,0.25502515885201055,0.0897832793076756,-0.11421956794490173,0.09295496939640856,0.04277111731461115,2.2921404680617243,2.3909945089298956,1.131897812187294,0.035504917818526376,0.1814745293461162,0.0113798686890893,0.018875896757082143,0.0077522249049274804,0.0,0.011299924885768978,0.038947231046179864,0.03833618936319412,0.03221717333692718,0.7006271421448127,0.6709486400624474,0.0411197539116832,0.005919311691501379,0.02051217300520039,0.7189493570967813,0.5623946410588887,0.016184785498308034,0.035077904610943025,0.020936156486535254,0.02255022331369745,0.039691266922224105,0.0,0.024664920352126963,0.42336798463046865,0.47927766839956304,0.021468433270463622,0.7824529385215218,0.8728522175867958
disgust,0.2738847642720693,0.27490748873717785,0.2841284182230251,0.2481671337140539,0.36985641705377825,0.09772217214177799,0.41873834601967547,0.4806779024599678,0.047992928498307545,0.03615411432942909,0.4626278217565464,1.0,0.21473985692606967,0.19905783280760708,0.029803040172297648,-0.084405294694157,0.052488853423537804,-0.011544971987969804,2.3268487094638215,2.6174447917812285,1.2293224578415582,0.030829176350405198,0.018311003720735994,0.008913152362537514,0.03806423775876637,0.019678691050080434,0.015082746657983655,0.03035631781999345,0.010720681980995258,0.01690458032518133,0.02328344851173836,0.7832541578603336,0.7166975176754061,0.013623769041933156,0.005441054769534994,0.009766726051617313,0.7319088483416727,0.5234423219634288,0.022460269270694163,0.0006133859611399534,0.053321742131358554,0.008800955141877793,0.004724033919732569,0.01920462653033164,0.008397770147480691,0.5364981300077508,0.3488356470535736,0.03478163871446151,0.9439859219337429,0.8381319328489945
disgust,0.21705342395403115,0.22551319777909437,0.33456355302082763,0.30852043685763686,0.30678319050589403,0.11318648564794502,0.4373037288348219,0.44538830011761305,0.05797974790366549,0.030516780076826712,0.4348672120992715,1.0,0.1809113235641393,0.1381338936746963,0.06904473483415483,-0.1298034476576615,0.08078274935685585,0.062466114909574794,2.220500801458039,1.9672727034916222,1.2833959722589063,-0.13244157818436067,-0.07310279377369844,0.00500204848713916,0.04436611935328882,0.024207033662266925,0.01666961140508497,0.0,0.04666583769296378,0.013279517239565303,0.0016961495542962175,0.7610844917315729,0.8508248968274348,0.0360668920700615,0.011261145015814893,0.01871916545425162,0.5500412796189091,0.6476557976008981,0.027706843687796405,0.023518120288726713,0.03189274387162459,0.0022931185294649166,0.025471369348466187,0.022880752328607916,0.019349913080863868,0.47503255930140603,0.5134149613874995,0.01258755476997657,1.0,0.9858974230101187
disgust,0.26897848655128287,0.2859363016190877,0.2046837182226971,0.32639872462930936,0.35951822864041993,0.04410806512942235,0.3802214709335909,0.5451571402972674,0.056544392978138285,0.008737802637770575,0.45147533036335447,1.0,0.17126350254632228,0.14615322222330843,0.05029600776053009,-0.07927238934896176,0.08806238438825016,0.06129550136776998,2.0837792893267713,2.8573251860748825,1.0748011066448586,0.08743279729973638,-0.04767095937789985,-0.07657542285605383,0.040215257821543435,0.028860654889535625,0.02317216901244013,0.023646596108118045,0.01395517612401143,0.013118599645583684,0.023408501375029735,0.6301266560902462,0.6898308101454181,0.007815682878805658,0.02743367494562344,0.02763135510167091,0.6767822221708821,0.5165346834340765,0.009499014851562116,0.0008991464428682525,0.02352235240502618,0.038158325154240835,0.019030038593650545,0.020346205882904537,0.0199192164107962,0.5254010352192721,0.5997049178824847,0.0449494525480003,0.8998305962464864,0.9064270907898495
disgust,0.26096035671548645,0.28663135692234465,0.3124934721340343,0.30349561448464074,0.28457138943730215,0.1031499682946296,0.3756111273773035,0.5122588718029392,0.04276971594652591,0.004985406179865367,0.43232214886341835,1.0,0.148182515177598,0.21400740502122556,0.06109324413323208,-0.041004771522847844,0.09412437208043503,0.049048409957967797,1.9027910142642857,2.6363624402918586,1.1591527948196247,-0.01914118990990964,-0.00970309910264932,-0.009704687620513084,0.03284307720823665,0.01435864499315087,0.026134125743929433,0.016908018350420596,0.0,0.02816452890700605,0.0,0.7340515731288689,0.735613256058208,0.019891197618817153,0.020615040047244338,0.020487078892162582,0.5863072668443459,0.5391269117296201,0.054004066607202264,0.015548894499424593,0.004106081137229899,0.0016698304807086749,0.02855733898121482,0.0,0.004273281952284009,0.36462409472871793,0.5457142116733096,0.037299195979299246,0.7556053520693591,0.8922041439962705
disgust,0.26376015803328884,0.33168950062256664,0.16387410656785256,0.25957631301687545,0.32490105743743525,0.11100487577159006,0.4900624820063485,0.46608215095794664,0.029977821285265202,0.009871507145704913,0.5621469380862449,0.9744373641866279,0.12762387291059646,0.21617581788975046,0.031462781800064885,-0.04831145572348135,0.16836116176108012,0.04578355706421069,2.200571947324674,1.7611918625301421,1.3498153625878415,-0.21095566107270888,-0.06702705833736224,0.048197992957203305,0.0,0.0025860265403542734,0.021541699364027004,0.027119544027511717,0.0007093265999613234,0.012947062937603511,0.0,0.7182972931359737,0.6699245749775334,0.011735935083116359,0.028465811670628657,0.023660399453368362,0.6061186952575746,0.5370799316448176,0.029320122009992816,0.019543749319717686,0.013611987676536336,0.027417413228768266,0.01449551813802528,0.015716641511396436,0.03388750726093194,0.5974087709823568,0.4702861955376525,0.03134714214968753,0.7221827838382147,0.8208661314721117
disgust,0.30889521171477163,0.3018207542490371,0.2871495661890578,0.2912347153561915,0.36606530242045043,0.06133680948068409,0.3983253287916496,0.4818743604190077,0.076737926333138,0.015504117830523224,0.3817349456399979,0.972604882372761,0.15996381492370726,0.2172668806553032,0.07763763886616704,-0.1317314257184997,0.08002564281424436,0.05122064683633565,1.575228978294417,2.9164321924193723,0.9335451354174957,-0.06014406931544165,-0.00015754534874511838,0.05876687907118696,0.024079299358951214,0.02388692380498446,0.028160625752855026,0.02332269744652316,0.020035266270602706,0.025571782282285287,0.030850963930639616,0.9296456471564548,0.6397480221213585,0.0,0.0,0.0,0.430031778485945,0.4173386887703523,0.014587230199498884,0.031116592861421814,0.028144309885521836,0.011910991552891,0.013033833764798821,0.0461400922331905,0.027732204734719705,0.5172707181161841,0.5121501774639312,0.016239788369889593,1.0,0.8310153191394647
disgust,0.2513626767690569,0.3052872691549058,0.23968860778423431,0.3026571638462173,0.2666504822783226,0.07248396667201207,0.3615498099509297,0.43656172171749985,0.051803603930680925,0.017481574329640544,0.34169959032341635,1.0,0.1680596679774738,0.14988810802386313,0.05145397452669957,-0.04758692282693956,0.09626042348875896,0.0244310896663638,2.577277045754041,2.9245633693999866,1.4235850377990669,0.01194365966664436,-0.14839353507701988,-0.05090926577506321,0.019451174355097113,0.009813791433083226,0.00839066444932677,0.03483591515727434,0.04087642651370392,0.008035149761698689,0.0,0.7482214025754934,0.6595741438642035,0.010805539263526561,0.016903151981501528,0.025328356242140183,0.4719036357883588,0.5636076533438387,0.018359995715890177,0.0,0.027084676817874978,0.01413693607856551,0.00356978635715461,0.010562026412915874,0.0226385541354032,0.5046233114934465,0.5644432572023431,0.02567558658584531,0.7328396560169157,0.5545690655686082
disgust,0.31435143263870025,0.22791457346575733,0.2620070087384855,0.24936828582693393,0.33835138556885785,0.07723998011350212,0.609638315797022,0.411095455791504,0.06396816313183923,0.0136411064627253,0.493633505208344,1.0,0.1680206590888423,0.20057592711831565,0.0722942587922323,-0.10782680418499452,0.07698185828626157,0.051226154618112175,1.8568276811978282,2.5070005334545127,1.0151050306723899,0.009672428710964133,0.0567856087187269,-0.016195544686366546,0.024846473268078588,0.0,0.005414251926598697,0.009688092545105007,0.017917216843708034,0.00034293578799495655,0.008515065843104934,0.8278121027600628,0.8397165049023008,0.0,0.012372306746689158,0.036572870121957604,0.5886038559389244,0.590734882302483,0.027333912782815592,0.007533904672572806,0.02278239682307041,0.026132539700239904,0.021392040808892666,0.014882771801363043,0.019374879423010638,0.385985539394066,0.5614156664973715,0.0013406495218103373,0.7683740753993611,0.9181785026807667
disgust,0.2776011002993152,0.24723083530913917,0.30498169869450714,0.2715856713563916,0.20371332242403362,0.06540670516118163,0.41690792375165553,0.4584294334035028,0.02963197694062095,0.010139692752724245,0.45547314431091546,1.0,0.19024584631863364,0.17902607798796435,0.039125247855678745,-0.09843102720826857,0.09209078314725114,0.06610223107839379,2.416122358276975,2.6048041466658964,1.0684377760345525,0.02322051212251337,-0.043573522951245953,-0.13699698805075466,0.014534996187313975,0.0,0.0193154775882517,0.01891200511920238,0.002092162541159067,0.05073400288681103,0.027231208660998044,0.665955433680321,0.9554191964221782,0.01355136244730484,0.030794407493795826,0.021139223663284176,0.5038241452004433,0.5163058443417022,0.038676472165365676,0.03139099092194807,0.018408736560802753,0.0,0.02395756258585544,0.0037958257422950926,0.027001708573450522,0.428594607291972,0.4390571941208515,0.01170490048355219,0.9520514903327627,0.6733732386694474
disgust,0.2567014817805458,0.3052970643262541,0.25711886718487326,0.275301094357839,0.30350644724862136,0.14299388901169852,0.3327524635273718,0.48880457445036407,0.04749675666318644,0.0171322545443011,0.29311200869541054,0.944652966805694,0.19257748212652542,0.14113032344510928,0.0677864879968933,-0.1606343517735967,0.11377442340979321,0.03991907788762606,1.8971997733550625,2.1050197595859266,1.240374239778392,0.059020951788361774,0.030807069611175276,-0.0058108306783114195,0.029302434468980725,0.01589808065855805,0.027685678217688563,0.020163907855278346,0.0026550345018313583,0.024920930967425325,0.01609301640446744,0.48857038961939486,0.7109227820985273,0.0,0.003989983218852106,0.016763628652854468,0.542478115315732,0.46649464578570154,0.02685490544771981,0.01851121769841708,0.014488273215590243,0.020564259708291472,0.035665765609903546,0.0,0.0368938120858993,0.43833575090183174,0.4221079088441716,0.014771723993581391,0.7613296185799181,0.7459624987574753
disgust,0.3150537262615648,0.30747901130438615,0.20280141935251716,0.309914226194843,0.33412524849021163,0.05989259775537343,0.47210963449251425,0.3976799921586376,0.05948835007832169,0.007862576709210006,0.47295702979062176,1.0,0.157248933518109,0.16218296657185924,0.06529533003680321,-0.14892653901960626,0.12651114685577283,0.053734841333830725,1.6496764964594188,2.459807136923996,1.1686221643832018,0.06774605159425999,0.014371687969992324,-0.15341530904530154,0.0015639795158820316,0.020107669059547695,0.027048339415596513,0.03466598616652949,0.034096362136528405,0.05105742911775647,0.020007598525654195,0.8053801611249533,0.6893765127174282,0.044494984364506905,0.008417841006982502,0.04391007182600594,0.7210937429104829,0.4715107474554189,0.03347225208534181,0.025937496584571458,0.014644198274694414,0.01823448354303497,0.023451208317442226,0.024688313047652767,0.03942449437620362,0.5571225587481117,0.42301310531114683,0.02966705344755488,0.675234244468254,0.8113414141062836
disgust,0.2913200814118576,0.26120895902617175,0.24368942222100662,0.3459272698516446,0.2892840026482107,0.08741992921592999,0.5237247589141938,0.5406188606238403,0.03321122828205868,0.0005444093281113428,0.39315519701199764,0.9815857333836918,0.13274890422004176,0.14993472436916672,0.06831426627680767,-0.09398460119504048,0.16143696806260632,0.03876566449889676,2.532196592671093,2.636317529212328,1.057624711895388,-0.023225318865451903,0.05924836635813975,0.14166432070829785,0.018093222383460107,0.012705202619441277,0.023363406012373952,0.032827120476082314,0.015208572287310138,0.031028996226287242,0.03652599538318353,0.8993916928118351,0.6327055274832196,0.019361033055074625,0.029222626547604158,0.0058724461147210815,0.4190423767109969,0.5473589124772776,0.014631464327369916,0.017759522931711926,0.013872481149708314,0.048078583406453795,0.013998577909636345,0.027613181572379904,0.026741752761242417,0.3311185051084645,0.6466119198872227,0.028135379627701185,0.8656951624609978,0.9557433269420621
disgust,0.32251137525852797,0.2895489750837954,0.2903618387294733,0.25367427872229953,0.2879644170192061,0.09379698355014349,0.3617179125823645,0.4777683449014587,0.07753061483547594,0.0015232498289062674,0.434317141684929,1.0,0.16017128430468885,0.19287840304649276,0.05157360315878543,-0.1126128540291124,0.07172835721820997,0.06907366778303176,2.1263698264297797,2.6741692303454725,1.3834861187313876,-0.003822562204970454,0.07937381703972761,-0.15009787386252513,0.0,0.02819596942229212,0.01786562727875815,0.03324538137114195,0.00958266346871149,0.032159501421701986,0.006284926132293927,0.7902213376977972,0.7784257806308026,0.017979507446538055,0.0065828904425072,0.01520692441109494,0.6422866363880759,0.6987773667675133,0.0454040810434989,0.02684833894587387,0.02326854244481845,0.025836008639152523,0.04507074505709426,0.026768086933619758,0.021133646325116058,0.47246958115446136,0.4840209145524455,0.025023188171090158,0.7748561651132024,0.7873561547308797
disgust,0.3150440751737573,0.2936507342085634,0.30547447419322155,0.30646763501514057,0.09142582169873253,0.07810334094243748,0.5048192145903053,0.38499168972992304,0.06496978032062552,0.03185117296798417,0.381415479109163,1.0,0.180354870743775,0.18830555976654997,0.060972556473945956,-0.21364442510626425,0.08164826488319026,0.03228306168455192,1.2815516670854556,2.2632079350431042,0.8840740170042715,-0.005105681816520958,-0.04067236267399975,0.0477189944619291,0.014962695716018399,0.013656521200817303,0.025893937586609767,0.016747841389280628,0.0,0.024505000880590593,0.051458563926664064,0.8575079692244534,0.8179235948092828,0.017459086174279874,0.013618209826674069,0.012716307570484876,0.5740642168550971,0.43640657368311214,0.022864532180976282,0.01137275728949739,0.0,0.011189345474195105,0.03626556647568427,0.021798915547729218,0.0,0.43263720897349267,0.5903260276593996,0.016121232918938955,0.9023793491034752,0.8104706268089054
disgust,0.3097170085280233,0.3596400332049661,0.30000148832838475,0.30571783979396144,0.2536253534026111,0.12345529867803795,0.41039337878358073,0.49345324165796894,0.06332971956636638,0.03283760519676235,0.47042888155353774,1.0,0.1335197444116183,0.15692551032817367,0.025981694004654124,-0.17759281219598524,0.1381327552162542,0.03274624326877326,1.7338779493925973,2.428909539361828,1.0227404403975542,0.014715251766162053,0.003176601592292415,-0.05167099249191929,0.04940475135368139,0.016445474101456053,0.02578725551448844,0.009853872888155044,0.0,0.010526727820589742,0.010666295585888696,0.6775016904959604,0.5899942370089835,0.02176895199210681,0.01562165158161683,0.0,0.5606272808366205,0.6262232732090265,0.03557049602463494,0.0,0.010498295785966618,0.002179899675114543,0.011519904775556691,0.038051184214590056,0.01054615691938016,0.4524959227697288,0.4170927385351448,0.041137123084045185,0.6200234902190738,0.7943633410498114
disgust,0.18623859949467206,0.25610876906717944,0.2759059440892657,0.25869932462218426,0.20461549040887883,0.09579349931314192,0.3909580401406513,0.5126702623204127,0.05903194859322471,0.04527559831818098,0.4076983366869841,1.0,0.16671940964133103,0.2559015789073373,0.050179709518739124,-0.12410216526374095,0.11351444544440513,0.038713219680693925,1.9376244450876232,2.653796586061987,1.2947310278225403,-0.06924845424701885,-0.15490543111538646,0.08817745595649117,0.027761854256657538,0.018957624343157998,0.023515555564557936,0.03248549345528271,0.005778318508188081,0.02001810632506769,0.0,0.8240235280529253,0.6717386892068712,0.010171236130210622,0.018415310767562396,0.02804835622351152,0.7891834776728276,0.39469649278838387,0.008956356247568154,0.02297291127390097,0.010552572719938853,0.030867195825936007,0.017818656964450275,0.031509035196825366,0.016769623666910607,0.5544884095312976,0.40428707060594604,0.045186479952114,0.6800340514911494,0.7792235852652624
disgust,0.21665422896088266,0.3318499191494013,0.24367580751547674,0.32130252799060227,0.33421706533595846,0.0938782314330173,0.5205136334350099,0.4388315940687802,0.05592787384794263,0.016436375697438565,0.26922442556732473,1.0,0.1476743545653284,0.24360235910826783,0.026126919185683176,-0.07099924811899556,0.0955307064853286,0.057108537180095155,1.6515271350449834,2.3334316877367147,1.037709980501949,-0.11363072413942117,0.07202686066888402,0.04316884613234882,0.0473421521972461,0.011038511783217618,0.03499389622037174,0.0351757426764551,0.034810552216065535,0.012279617153271657,0.04346365011097125,0.9512181391794011,0.7867116219289554,0.013949814758034522,0.008811593652444308,0.02613286872384924,0.556490229140724,0.5682715136808486,0.00247771762295523,0.020428351725642484,0.03487003221587055,0.03059740030611168,0.014616414887606724,0.018582458004091706,0.0009116463293629591,0.43347478186939825,0.46599716259829427,0.02823430292306156,0.7793652025829771,0.7464015077088691
disgust,0.322245418484219,0.30385670747669313,0.2692114976239359,0.2806795598942795,0.3208740501007554,0.1134691373919159,0.4661906575741367,0.45934956753032163,0.039384063972987826,0.012892877060519245,0.38797228023263447,0.9923339453376019,0.1401122045903931,0.18654528277363813,0.0673153024018618,-0.20291643180244673,0.09021403734503607,0.05476907337410106,2.448499311590753,3.1294615753072543,1.1125580236932164,0.060614326950437655,-0.03803442870941251,-0.06711558015558819,0.04564280469252746,0.02592235866437049,0.03058497126836937,0.006150101352152593,0.025894204009291447,0.03170731362122192,0.01103839635165394,0.4894390628200389,0.7649006983786768,0.01720585139669082,0.03747528686766549,0.013001948769447654,0.4794990145855586,0.43285789962095095,0.011808908120831477,0.0546704071598504,0.0,0.0026412172503349728,0.019294064910709584,0.045669348944314,0.029640091439182267,0.6552328636195461,0.46149477970008024,0.0019286377211630082,0.8050784391271069,0.837529657544816
disgust,0.24298032712016293,0.23178775520101846,0.2173598144229752,0.3112764494503061,0.30581629935345916,0.12728556692122006,0.5698917433778763,0.35642845250790667,0.05041163021695251,0.01733036078081308,0.29242895759034787,1.0,0.23796484531840584,0.16564094919327282,0.03601774942720404,-0.12208210852364881,0.12279227345358248,0.04466815681514646,2.141498115759253,1.587563791998831,1.2653080009643152,0.0008765833222726289,-0.019258678356187813,0.047258760858458634,0.02287471069591559,0.03150084501642575,0.0,0.016067716216575142,0.03253436450688607,0.012759821247993682,0.020663691563911044,0.7090374745696496,0.7114876732071922,0.03517273854015533,0.0014958988643995925,0.0193464133021853,0.5751761815602641,0.6438100689128526,0.018414590186647116,0.03259544740178996,0.019289799704896114,0.02155405564067624,0.021057402427224346,0.028518610162045394,0.02704251205282318,0.3886940811492143,0.5217021475545663,0.027028600691593616,0.99617309221352,0.7491343335841859
disgust,0.22417811501172058,0.2793041065854759,0.2965841327999264,0.2466430409500979,0.37968185021396317,0.061394444381900865,0.4916606388764421,0.26179595727155514,0.04553778973108295,0.02623527911982071,0.44988399601817897,1.0,0.1710598903235206,0.2118465622462325,0.06663659451566867,-0.06481545988571785,0.06772966442639249,0.04648869891348051,1.387102103837568,1.9337684239962645,1.0304421450983556,0.04307573940542234,-0.03130958989808081,0.015348593361098036,0.03124515571057845,0.01374838998288477,0.01624345760858634,0.023900398747802212,0.011282703923896738,0.0,0.010302955869015513,0.7379276710753657,0.7968462803047138,0.017316943302475712,0.025873836321838768,0.032021179132226775,0.6620562447374709,0.5672309394863179,0.0052169195653961106,0.003814803871731491,0.005025713502397985,0.006026476630088337,0.021292275600586386,0.04453675383448955,0.02275476884656019,0.4916005202739757,0.5961890628288107,0.009228671577800145,0.954203498384163,0.946791455946436
disgust,0.28236027193868374,0.27253004680544707,0.2575406194798171,0.2928093111034028,0.2944010936251741,0.09201274323388249,0.4334173427661627,0.3575818006586658,0.040057581350283825,0.0,0.4290102741682094,1.0,0.1754643040666875,0.2241199920352082,0.03488798705719171,-0.1484331710906911,0.06296968680142495,0.06790283450852609,2.2967980920868603,2.9519189166671627,1.4511929650115962,0.004719766335719307,0.1884371295824017,0.08921849446187859,0.014483268048589154,0.01075507179646912,0.0,0.005726169055821788,0.01577622203774377,0.0,0.005994689419283621,0.7417165229799222,0.8393437405237679,0.010677966272825454,0.0216637368190056,0.044228856040940505,0.3693956383565359,0.6585872662496259,0.024950044794198625,0.036464905998703535,0.032569601095230646,0.011378369235677655,0.020023421321151116,0.0010129349242995953,0.013201827229803141,0.5029248040883088,0.5303586984755126,0.030262667766217256,1.0,0.8064454592726784
disgust,0.2721790213132798,0.2860257618273701,0.23649173907209609,0.2427688829142944,0.24092130293610797,0.08641127406595847,0.38299117758343715,0.5453566078399197,0.007105542369799246,0.02144652825460263,0.4369820078144313,0.9922304999393231,0.17141919128954036,0.17682906195091552,0.04864588510846498,-0.0934826270341832,0.11433453066298538,0.039500389255970866,1.6110530680915516,2.512313395904483,1.039172060214164,0.09158146748198234,0.024057239147512694,-0.10459337379546005,0.013139179990856863,0.0229048034132652,0.014344067918329227,0.023987307690474642,0.05266713418068804,0.028915974950720996,0.03748367272500343,0.8010893113680915,0.7577117755169601,0.026838839596879285,0.0262050058619731,0.03121647101122718,0.5559366409495277,0.4191684244630481,0.0009141618636910424,0.025996039975332553,0.005359463099772808,0.02892354754978565,0.0374025034017062,0.017131421937400033,0.03574750093601636,0.5258938055181007,0.5025920037236833,0.020947000284173026,0.7669149618560196,0.7541365367961024
disgust,0.20234498922017674,0.21882005500237434,0.2381093259081032,0.2582739710190559,0.3148128139557687,0.08470471557237648,0.4346150392002471,0.3841636780483267,0.04168360660428101,0.01922423067377178,0.3905811420025978,1.0,0.17895709276519836,0.18192494228348885,0.006303121065648801,-0.11040298334130208,0.05062286353195967,0.05965466488359122,2.1462856465561,2.7512061820504856,1.043265072977812,-0.1315232746509848,-0.06597868394988367,0.17115150939283752,0.020350737350890807,0.028784957720960617,0.00791587644997743,0.02793044598251291,0.027335330034991927,0.018246725266391726,0.040520939882096166,0.8015553064862161,0.5825847023976114,0.03285294533867743,0.01144458453507215,0.030369856586357578,0.5795527262263712,0.2858258117686722,0.027863243908115835,0.0171184686293354,0.014027189433406487,0.014511425835686497,0.030255425125640653,0.008023480295263593,0.034472650765042946,0.3480350051617961,0.5295694196714152,0.030041726677735952,0.9247898322689001,0.8684077693278333
disgust,0.2443451546932052,0.2300083047516739,0.22148355385828258,0.39920407651242246,0.20543150111791686,0.1281377424282658,0.35417109238500294,0.37078520538455667,0.031826676318295444,0.005563815152069551,0.4645998508924353,1.0,0.1713938321224203,0.2942332491602443,0.04970728177621136,-0.1176049508304917,0.08285905456445833,0.03591716201634892,1.9267381815203195,2.7715277856385856,1.26508650702378,-0.016543658057923603,-0.049498645320704825,-0.09779363494329625,0.03677782449993869,0.010677998984144933,0.027663617943794457,0.02397160624715564,0.02564462731847386,0.008770916721659307,0.006496471226941747,0.8039138283704068,0.8372841023476643,0.011962021136455763,0.02791745748307449,0.035591868646917824,0.5138202223443562,0.4061187372410232,0.0029207222375535295,0.011205204807147229,0.014201820047445454,0.019530195391145883,0.01979436280984752,0.016459307576086397,0.028830054729242605,0.42392263772512284,0.6264674393490208,0.03222085628344133,0.9366807122109944,0.7840494767478954
disgust,0.24364420381003232,0.24155834307277013,0.24409096513820674,0.23614848093806598,0.4578694596892492,0.051192019764294903,0.37398873221839585,0.4961918056671012,0.038075486242514396,0.015427741532018611,0.42766323520835603,1.0,0.16988348648494933,0.22549808027408175,0.020295147357872387,-0.14423906946690276,0.1123704727776894,0.08453083583894033,1.7862476557086508,2.019105558197059,1.2228179812357665,-0.009313862970617844,0.06505590962680216,-0.015993134076967327,0.020691351696230455,0.010660371228494446,0.004183054256823634,0.013319395168476493,0.026776085809634455,0.015668387322031907,0.035225110350680766,0.736397775631928,0.8101504977099349,0.023620159930059524,0.014752324884825405,0.03083053072790582,0.42827147924698206,0.4946429564467646,0.014619411777209268,0.024960002939791868,0.02820076012372514,0.009402665181463694,0.007570755261045618,0.02102146515003463,1.0567961999000813e-05,0.6007835791041919,0.4776168576579152,0.004795975251205148,0.7310674206368377,0.881313445352388
disgust,0.22128129421752837,0.26656242484379067,0.3567281953853041,0.41718084201685857,0.28835319429122086,0.11079605731253023,0.48040600610826456,0.31661976741880093,0.029877521433801738,0.0,0.43143514824787255,1.0,0.2194359524950388,0.19171322731426416,0.0483115425159554,-0.13409475757257375,0.1264916987040816,0.05377400324546858,2.1202995404313962,2.03351251492455,1.2705980813080475,0.022885957473198434,-0.06915910275884765,-0.009109850518569265,0.018050204062720124,0.02516059382336575,0.032987996396912786,0.0,0.016157080270806118,0.014271986216486687,0.013126228177419527,0.6383110304958819,0.6772478784005928,0.0057201429773261776,0.030723868518481294,0.02490640188508753,0.5808078559374259,0.3573023114746588,0.04533496580352594,0.01468913238550339,0.04268020431864515,0.029738716708803986,0.016988370958800965,0.046561657684236105,0.027375943457790056,0.4771656316356843,0.4608899263219429,0.03341539883899439,0.7963489940356376,0.812143475291452
disgust,0.3721677494421771,0.33239396680587985,0.2922370805078842,0.26988763644974245,0.2696744973513682,0.09083442971956919,0.58864394031517,0.47254595158952606,0.06308192945902201,0.022597855359857852,0.3380054858278626,1.0,0.14019419105456926,0.23602040172747699,0.03689910643600408,-0.14287564320078863,0.1203294566862094,0.037779451522774087,2.0288070753960037,1.4542715999777531,1.1006418268198335,-0.04775593917148755,-0.06800793190938532,-0.055557321527682176,0.027725791278235393,0.0118567828737626,0.02727063506728215,0.01978994833455806,0.03414185011856165,0.010445252963695213,0.01685985087121339,0.6030344782677564,0.7407924595372238,0.014519793339900215,0.032481526166427854,0.011878441930661222,0.5076271163867037,0.4824819825729234,0.020353139054667017,0.045850692191636316,0.0,0.019378309386242625,0.035267066638536085,0.013310866596304111,0.026850957279667804,0.6177375516160906,0.4723825512239523,0.01151658601010564,0.9435413137728003,0.8995371182848433
disgust,0.27724296136627335,0.2958838048158867,0.3071683214486317,0.27459727370943815,0.36533846379635226,0.07422733195292355,0.43982811577052466,0.5094816307244231,0.03151248903169292,0.03132727801990429,0.41332057767250646,1.0,0.2026730435309044,0.1837331438757085,0.05405308559862394,-0.10929908561791116,0.15058196804722515,0.05148208527473202,2.0551519518550796,2.3762104381274143,1.1947494969145507,-0.0049895500302117955,0.05501229786909013,0.0768265375476795,0.005253938128553001,0.015024065640895493,0.006842243534186212,0.008540961913867277,0.03045330213928009,0.020341525001385148,0.010355864054029157,0.7349718870474243,0.725394729142025,0.02068499923778631,0.00040764362812035007,0.005813604729181621,0.4058539364452374,0.46004059028976435,0.010604613908900445,0.006550898703975261,0.02993741003057291,0.04391933424037564,0.030732561156424525,0.012649811307624052,0.022732434924064668,0.4933587026169713,0.4391179816333025,0.03722132129603476,1.0,0.70299906867563
disgust,0.2946992340116134,0.3604781956221254,0.2946249634237601,0.3226851581365566,0.3469351792125824,0.1252785258028165,0.48961292347042473,0.528843989234023,0.039536912345057795,0.0,0.5277498690219121,0.9877388892709097,0.16024771083822326,0.17723619836629115,0.041181945766193155,-0.14904588900651142,0.11158961809339883,0.058299000206586474,2.3014795125055523,2.6603429485421373,1.083330587856021,0.11522138019509244,-0.05318830722342369,-0.020985449813673906,0.01456176267993247,0.0345495129563409,0.013221992714084767,0.012963734290633806,0.03208346870727197,0.019758410103624835,0.013434134998844096,0.7004383419390495,0.8623903530415206,0.02761830835745942,0.023074963961422574,0.004837589733120056,0.5740788050273212,0.5287205144093394,0.008138207041517048,0.012179272351301913,0.029050040013548856,0.03615149564034328,0.0062536897046674405,0.007893507677959353,0.029023754878666083,0.45908070512917554,0.5552752021154517,0.01450564072997183,0.9076994517840159,0.7126268694313173
disgust,0.2782310003873648,0.30294408737610085,0.292330279164821,0.20617842055684343,0.37517551447063413,0.10836214983732267,0.5086154661730081,0.38806070723788977,0.054213570597727,0.002971326561510182,0.41044586854383414,0.9936260909417931,0.3652677035806329,0.21329862337970965,0.07329004967572383,-0.12998347475345567,0.10997510270802616,0.065843502486796,1.751353878899516,2.196100855950053,1.3389406488149496,0.04394636916313493,-0.1889313570758103,0.0740260386866881,0.017165324944070536,0.010280393269154333,0.011797349945747377,0.004107844710246545,0.0,0.0,0.020594145551625368,0.8171616334966721,1.0,0.019461993119280603,0.003360517306657318,0.0196299883424038,0.6202930971978824,0.6530180439961005,0.03213054591543518,0.027446072938820183,0.02123882027530993,0.02957854957635741,0.004597328159480678,0.0,0.04721228442857711,0.4952979962610385,0.5533898161134044,0.0,1.0,0.9655865476033757
disgust,0.21428324801009602,0.3054153751982718,0.33437253508675024,0.31783117362432645,0.21385762731693211,0.07408187321403542,0.44040571201658796,0.4306582372129434,0.045987989855895466,0.01655952457480773,0.27371913628294886,1.0,0.20320845271942195,0.2101113879482413,0.05752001939510689,-0.13136441196801285,0.0848232239638563,0.03219176830773536,2.601450899668785,2.442257992059147,0.8544533698270014,-0.12524842788793886,-0.028557610108012273,0.021298228301516536,0.019620219283968208,0.0,0.02322412228566566,0.021858731401669444,0.012955036340840744,0.007786634574626552,0.027311539389994904,0.7416983401996547,0.5558303166791811,0.0356505613722079,0.007782212532362973,0.0028636664667480542,0.6858674351415438,0.6559582706688125,0.014533386139932651,0.0037176835647807667,0.008173625166267268,0.014312514725405555,0.035810596824485064,0.036834911803248646,0.022157728684086202,0.5650118450792473,0.47906351325389807,0.00865328919396264,0.6999401502645584,0.8822917797707197
disgust,0.259983321782461,0.2843548925355651,0.26850431852256224,0.3680054612786746,0.32709685303186875,0.09854080105159102,0.4559367536409618,0.3578605463357412,0.01091475177767471,0.013090671572836905,0.38641917094536665,1.0,0.17396489320697853,0.17193535122436573,0.0,-0.09891251515869662,0.10527551827326939,0.06424221079299201,2.1088602704773463,2.8829406053363105,1.0587019533219237,0.07202988201262929,-0.045958552725517535,0.09500179600492471,0.0194727451488788,0.023126602387090894,0.028578523917465577,0.025413350056867713,0.026208653785698213,0.023494445268965145,0.01749485333704858,0.8401263093492548,0.5825688721415272,0.011820981260353391,0.0406939439659661,0.01125638603304228,0.5421847389220421,0.6887802583930207,0.018360729909669044,0.0091595297226261,0.03557868699142844,0.016238571931278353,0.0171264169716876,0.0,0.018344568461150387,0.568297039766227,0.4569147725313381,0.003342447477507497,0.8019538910911237,0.7884792668738213
disgust,0.2957223238519928,0.1895088782303132,0.28371768718490603,0.29780254591479777,0.3656961177763318,0.09609968863416546,0.43568264146650626,0.5943823099685819,0.03129569520806372,0.030369895239678237,0.40447233122024645,1.0,0.1560197603528155,0.24229655228767508,0.05814285846523141,-0.09595539951723939,0.12224433186706218,0.055983320915413255,1.7551785494232042,1.856677003000153,1.4432943498434356,-0.020290841533186693,-0.04658409414058988,0.13316652795800418,0.02270419214768574,0.02103042543206633,0.043459526828077494,0.006163335467019004,0.0,0.0,0.013098367629600219,0.7617173679038256,0.8891643307453129,0.030961819236991872,0.0,0.056409007296732344,0.5089465500137638,0.6727804071988089,0.027098151756049335,0.020069504080206545,0.016918335025137267,0.005539229057769273,0.0032577586109244494,0.017838913247716994,0.0019534839954796143,0.6647913570903514,0.5096949913884834,0.047205298299052394,0.8064385350430139,0.7909480598552163
disgust,0.3547872998073305,0.3371558195618764,0.3509497860132206,0.34496724362805026,0.26980223896639577,0.12849691742101416,0.5040640442582743,0.402126086746762,0.04140902741938207,0.018806460205784654,0.4778035692415654,1.0,0.1797909850567678,0.18387267717794986,0.043816416330475866,-0.16655677969068503,0.1198806204104866,0.032195313989970456,2.121978225793165,2.2956581932243454,1.3010062497568557,0.04726953680963664,-0.023335270665873008,0.07784673192688926,0.01555393455569209,0.006918847115214313,0.032861015605835625,0.009262117333739566,0.02201084337609486,0.036559408292051634,0.010508224490064184,0.7396485172165266,0.7068818936198218,0.021708844277854328,0.019109944190032098,0.031965193164911976,0.4879280622474207,0.677418502048415,0.04086065262665998,0.023335081265148615,0.009728117882236384,0.01946558430401158,0.018376572615418238,0.04304076727758088,0.01865878985764081,0.6382797427492674,0.5111451705251259,0.020595809452802614,0.8145602595949294,0.8238907682820357
disgust,0.35492541617183376,0.2492251237217717,0.3428145392321217,0.35765308237936144,0.34780660611135894,0.08409843744990134,0.4407459114956349,0.44064034803422697,0.08658685743118197,0.019869182537502646,0.3871697512895016,0.981123875688646,0.14404134831137322,0.16366029409561914,0.05632340735717685,-0.17696238445897022,0.08335303467826127,0.01743272239144969,2.5556188844151224,2.4901690078432104,1.2171157576737872,0.07117721642008785,-0.06575421688833263,0.0767790053066722,0.005830173702192727,0.03509681121094052,0.039539795334040784,0.020869994075588563,0.013771435640794541,0.027179187651141388,0.02955236327982702,0.837033477685423,0.8163890797013708,0.032531901485498504,0.010995730984227986,0.03185479632921233,0.5046198757117034,0.29900705216697615,0.013981209218543187,0.012799256675178696,0.02313348141526308,0.030893883199357805,0.022506558340520507,0.04611229219613676,0.013174564215636245,0.3012287468629842,0.5277994056267141,0.012916922743737076,0.7414315081883718,0.8202466719447001
disgust,0.28646487287148975,0.2662012153882227,0.3630759497683884,0.2837487884965485,0.2323429285663461,0.06683857630530884,0.44380030624462363,0.3227255178374676,0.029482004273797175,0.015043666260438633,0.4792356915043667,1.0,0.2044069450628636,0.18985078268190095,0.0400179051591761,-0.10446565924326423,0.14454914542413672,0.05247479722457292,1.9498499124960276,2.3904813724435394,1.1109286096548945,-0.0626729592361296,-0.061630967791905675,0.12180030496877489,0.027133871949202637,0.010072243241193143,0.025280372574739748,0.027386100164273043,0.024472607108530196,0.005878839037040813,0.01805684912080031,0.6973203543931139,0.7426146507038575,0.01133406270838624,0.036163445672373534,0.02242954155396088,0.38818621842152917,0.4170283109742522,0.035661843370382924,0.017659057239171584,0.014932456273781283,0.03467103051184108,0.018030278772306948,0.004463332294728173,0.005340673029674,0.5627512489269735,0.7029461444532898,0.03091435391265103,0.811811102372938,0.8273281785321175
disgust,0.3103727255741568,0.3721927855674428,0.3367182071027789,0.4061458208191413,0.39243200027506214,0.13486733516908553,0.4520306098232643,0.47672635407018815,0.020772003355499558,0.02169453447292542,0.4396312267311942,1.0,0.12295946910959032,0.25093789304101194,0.05710622257482202,-0.051175590319289865,0.1185543359365977,0.07394775659698061,2.478003805686619,2.1935181784051014,1.0663494018383546,0.0038780800693877853,-0.1817971637348795,0.0018775172267609073,0.014431085554836076,0.007437343271918473,0.042946554541513596,0.020549506180760527,0.025973605908309206,0.0026966148205255537,0.030641593501408285,0.7090546711845134,0.8760971416399642,0.011089656265353765,0.03731454307805436,0.03223117960924042,0.5034310165024968,0.6917840756560029,0.03493441685539143,0.026365215237571144,0.007082973835614353,0.030401460512043982,0.020858130650082254,0.02064153069911473,0.02095978541252899,0.49698789604987453,0.41343765208975286,0.00030031286122588624,0.6778294112538077,0.8799342451503585
disgust,0.2642582255668713,0.3333794152760666,0.26647625563803323,0.32302117302931865,0.1923005424846664,0.04395444813164219,0.43176210782522445,0.4827713360979453,0.06662956773829404,0.01769560037090103,0.417259720391884,1.0,0.17527289311406624,0.21260944021814457,0.03024582124605961,-0.18625724670599592,0.08665339629305223,0.0635581339652884,1.8689103991908935,2.695679839743213,0.9710365112909385,-0.19390501081496883,0.06536005502331207,0.04049327761926877,0.012427316817835845,0.023146523145748322,0.01132353706678996,0.013526559611264161,0.0,0.030910200979596535,0.018458213010343928,0.6554672546961403,0.9332605010378432,0.009741262746089129,0.013297997365259958,0.00749678903924687,0.6603770762679184,0.6933790816634918,0.037340612537899345,0.03721668953423134,0.012234969233408666,0.041741573235952255,0.017457134072476378,0.0,0.01445571356870824,0.5325952808665585,0.4355174756552735,0.02190966684240953,0.9036589876186607,0.891061336120629
disgust,0.2035510635061245,0.27542377697030335,0.2520640225796769,0.2934870074998673,0.18611760869246408,0.06203911521055522,0.48952343149695765,0.3232501861095587,0.04667438694296724,0.009199654802689326,0.33739704444284696,1.0,0.18105672975260198,0.21103173752641188,0.03071490830645454,-0.1553782720998847,0.128080762785667,0.046068936390531556,2.2189140515563133,2.2623370560285445,1.2437650254626615,0.052410629985915405,-0.01620435957655186,-0.058182654066923654,0.0,0.03496822741716807,0.014081260187049579,0.003764034813289411,0.006187546198882531,0.016573355774743344,0.018564859651938045,0.764119351246737,0.6307347548383813,0.03132522548129824,0.013184432797496938,0.012533919996903975,0.5273731559038749,0.616283151351863,0.0195592909734917,0.012949532251423368,0.015791332760830674,0.03584902798116049,0.03371983003076894,0.024755909938072015,0.021931919728958027,0.7313606697643364,0.5463514549883894,0.0223479367345572,0.8297916555632509,0.8856807209845828
disgust,0.2426599026848904,0.20719050884788445,0.24170644720196827,0.28128210221124683,0.3489143152220429,0.13222661758935006,0.6004356134149349,0.45792341980123613,0.046166388005481285,0.03013438227739696,0.34020993215976963,0.9920489926490497,0.16641311876857198,0.18869710493640024,0.013830031370679237,-0.07732202115197381,0.10600186052139421,0.06396845751883445,1.5895920015264855,2.198936744379647,1.028297054389646,-0.24362026285063723,0.09249440042536261,-0.10174152702325888,0.01736434019523064,0.01956368599944663,0.031304622713557544,0.02128387141037593,0.010362202933451475,0.048440278305865725,0.016547601572893006,0.6593179155886496,0.5614848304062922,0.021175326986327313,0.028979975961089463,0.005180385705289069,0.6124990405476229,0.5583641079335782,0.0,0.028133916736735688,0.01655434748886003,0.005360575905549945,0.032439716646660816,0.03219224746484035,0.005078717505864545,0.5293453995480323,0.5203273924808144,0.01911703909180937,0.7984343817381059,0.8351577608073476
disgust,0.16854008723588065,0.18343013016214393,0.20937293315194938,0.25846557972591705,0.27510136115603967,0.09836099578738546,0.447377526016678,0.4462330295872971,0.07001352919178148,0.0,0.42337695215212034,1.0,0.13328067855000109,0.21055070519916969,0.05652000383284035,-0.12173010282516954,0.03955764400265427,0.06686622879096579,2.1736732416407754,2.602350802445264,0.5361069718211218,0.07508026740844688,0.036823584025879944,-0.15422942735673711,0.013090278182514759,0.0013620376956371763,0.036814485190452835,0.005634728352436386,0.03923046220598346,0.032387042301837476,0.02287754658283942,0.8635389427046531,0.655558267061795,0.010051549884167423,0.031990705034462885,0.007782426778401401,0.41741834228711716,0.5178703839854686,0.00853217480407871,0.04425001160067937,0.030079664483488006,0.012512195794246273,0.006982231590362056,0.02440263839493672,0.03543807726500266,0.5290909557256596,0.4048971307688698,0.0013228616303048377,0.8121910030160427,0.8815855644334846
disgust,0.2923421724815791,0.3063873101048678,0.20776428314070583,0.2725973440364848,0.24278640599048718,0.10960968101504111,0.37056167577817173,0.45635014166399684,0.04712104873027624,0.027799896819407546,0.3162330668842943,1.0,0.14042935709775295,0.15287368269970023,0.04750456741341168,-0.07222680307215382,0.0789599597395437,0.018888383421353877,1.7927858061929816,2.304601371814989,1.5039044386435052,-0.037638774920556624,0.0906941545882678,0.042173825301809985,0.025048301366088307,0.01020773469301549,0.0181634845110583,0.0404225905309418,0.016875111954847838,0.01703112137628321,0.014729308485483976,0.8196065957007699,0.6974601646505518,0.03133972581627664,0.0338160196560176,0.027975368301615455,0.527579312232839,0.4101531285287253,0.017088336819963842,0.011308555640197178,0.009872747785591732,0.016888215529298967,0.026230061708306558,0.011903467226719195,0.0021274398538204745,0.40412534607800643,0.6690345702012493,0.02713362330722064,0.7542265896643984,0.9789004281136273
disgust,0.3094069854455664,0.3235389989079488,0.3572708319586898,0.2758546688509797,0.37697539782665923,0.08440518606169985,0.421987944846961,0.45069137002044296,0.06610753293171673,0.015707241641942885,0.5155504946853663,1.0,0.1814650793529237,0.1528069689432078,0.06751957544457823,-0.20382517311247556,0.1185323551791214,0.03558315498867824,2.5082857194211443,1.9268552771789351,1.038156217842094,-0.019196751080777907,0.2050223256022627,0.020964176690747575,0.025695873672897752,0.02782095754993532,0.011860712419805765,0.015682375629146456,0.03238427139856087,0.03308834311251914,0.015427103330569469,0.689286814141999,0.6130980475432126,0.02329727603544234,0.03056417746544772,0.02196763022552886,0.45750037441462227,0.7286519875577918,0.0,0.03141694378012504,0.022817254176526667,0.026092824366807772,0.009771215712467482,0.018018588370173234,0.023813557015012768,0.49141803404744194,0.32062372534257805,0.042262515211366355,0.9150197539851325,0.8534592923835278
disgust,0.22965190015399928,0.3242040053199327,0.30405989111762655,0.24445631899615464,0.35987755104759284,0.10737394807694672,0.38040825910907405,0.48800010047416886,0.055962132179223634,0.018855418771247277,0.4269017564865145,1.0,0.21382509508961728,0.19413087171086163,0.04526423189031602,-0.1104375604299194,0.1297719831578845,0.061023815819456304,1.9938135429415769,2.4710089062199025,1.4664813945104256,0.007927250033143173,0.15153642249136443,-0.05941830101470052,0.02974079922066572,0.021973554659024737,0.034824918906186025,0.012939826837417338,0.0242757751997072,0.04438308191784811,0.028496141590103566,0.9120850361034553,0.7416240454748168,0.013809358266448517,0.03508283031621312,0.0,0.5680190205922346,0.6530876351615069,0.027312655177274308,0.0,0.0025020642135249876,0.01851299655702843,0.02617325426610262,0.026683691145038352,0.019919869551396508,0.5730239988550716,0.5436895103089064,0.01832806223826151,0.9037600245653694,0.7852532734185883
disgust,0.3040684820215936,0.2644585598951717,0.3130174104854312,0.38484840521994956,0.24389920308184382,0.12385494658275431,0.5342032414430639,0.4339373733513141,0.06401577832925655,0.016690555995230505,0.4879342075901982,0.8856629269593164,0.2334608990652042,0.1471772907288958,0.05157447412243146,-0.15255801331041768,0.1374127550895365,0.045991475347018584,1.9238160842791223,2.8728674366188107,1.2947132369989933,0.050945677770745934,-0.07622124069723259,0.0389957129499649,0.015662748295089575,0.00711454020245204,0.005358820262835748,0.036575899398536144,0.025446086220742875,0.022254339373078635,0.026398989064471176,0.5551345595528674,0.7175474072776634,0.01612640699175515,0.03275802141287911,0.0009018210408741067,0.6553649101887968,0.7294422842452284,0.0,0.020216493083143737,0.026491441225529676,0.031349760771339136,0.0,0.024389022179692535,0.017156347633064607,0.47167238324793404,0.7069053825103241,0.017197722136099793,0.8949855668914368,0.8379668431232624
disgust,0.23959749932256932,0.2879365713072289,0.2897740436793226,0.20935776287603175,0.24754855626816183,0.12227308836165374,0.41422366838780206,0.6524302039457842,0.06685373028154187,0.025874025593861268,0.5057277871082284,1.0,0.18681651481599928,0.13555462343077584,0.0616434053277944,-0.06413145320010942,0.08517822230863592,0.01804455904103585,1.7524816385841657,3.1140350335139533,1.1747566775550833,0.01929820158385317,0.04973735327836304,0.07146716516051904,0.038976984547148236,0.020247581072438403,0.013545205887325044,0.04774972913266706,0.015168966373848975,0.01676210101397498,0.025987869502939284,0.7209900042411189,0.827817114745677,0.02579715644526521,0.026311846352149615,0.011983632040365703,0.3837600393948477,0.46678121970082764,0.010327959248354016,0.02380421205201601,0.00940391987248404,0.0009511100474522763,0.0050942686911472825,0.02503901231171583,0.028936437109980357,0.4493360629495841,0.4599928384074529,0.02798169427406695,0.8665487686918947,0.9686072084378177
disgust,0.263812673909793,0.23898492434519708,0.32642639203259033,0.37970861648595794,0.31007852882095227,0.07489289247042695,0.5689456361227316,0.4791958369884458,0.05384540009090895,0.014748363669882884,0.4790878673847015,0.9834920574714041,0.13546208647098873,0.2629385287937388,0.03490758692742116,-0.08161268785834085,0.13446090758553456,0.053677864689248754,1.8136692093399982,2.6877411259712374,1.4160865716940143,-0.012612793057364909,-0.07482943129531507,0.08691288595668425,0.02445229341559045,0.010296102254200825,0.02397888050607784,0.0019998634561828182,0.007342355589667117,0.016637658063063103,0.02079980674783791,0.6297968631916507,0.7749735950675952,0.026781558671391592,0.01720858225510314,0.0,0.5604455173485072,0.731486011253724,0.025950401191300015,0.020203107836524185,0.015158152527776303,0.027502531143970617,0.02270974891937317,0.02919505565306465,0.005747643423834128,0.5121335790209415,0.4538804316371073,0.024830731734152203,0.655442643478108,0.8107268954275803
disgust,0.16765879552426277,0.31334970038964677,0.36237532776504,0.2538668951561411,0.2765769631792558,0.12016351326038224,0.5145766802101418,0.5350202084336579,0.06775609217177363,8.12505608633364e-05,0.3664432396804439,1.0,0.17681181891209982,0.20408683019977797,0.04771759694435339,-0.13743384790169982,0.09395317641826692,0.030368043130859904,1.8648748369495045,2.424731502268671,1.1510300387056227,0.0433960636703723,0.06333523986951298,-0.0024391565638071408,0.027378292201662956,0.01629280577639142,0.04178502491622839,0.035989026581840625,0.013469271417393637,0.02257155081373516,0.0357669451600005,0.6859295353289716,0.675226104730819,0.036891560680564886,0.028987928818564906,0.03395946200791913,0.581543142139237,0.5245110438929774,0.0025554658252046544,0.021779102675889346,0.036017212334623835,0.03616944474602572,0.03391983229521497,0.03023389544269694,0.04874389886968254,0.34482775837958557,0.52309433376116,0.00782203659278597,1.0,0.7947371233357193
disgust,0.2743571197155637,0.27928319020619974,0.29734881722122286,0.35057292469704326,0.29398765405157223,0.12228404839231664,0.5304321194593578,0.41767417557302977,0.0829908661815277,0.02968734894957767,0.36980084211785913,1.0,0.21842174815118764,0.21270264633873917,0.05353277329829182,-0.2580548164181591,0.07581612434773796,0.06187542825167,1.7791505677033976,2.6439836051811243,1.3227912572101894,0.08068017831667039,-0.04044046158921238,0.03362121687583828,0.018536019364287188,0.0,0.010422224254393117,0.028902089157381405,0.036340501285043125,0.0,0.021050541282343654,0.6032499027600243,0.7590450031666105,0.017958702164644184,0.05068507733001275,0.01299567672627203,0.654879447883153,0.6508956791428129,0.017466437157290224,0.02154504439011186,0.020006199867702298,0.010331102496144932,0.009206441447521353,0.014672171867235077,0.005200709441477158,0.4499609523890914,0.4804533545317087,0.02210364943606653,0.8943683877530254,0.8303662373984998
disgust,0.254735292008739,0.22890373847094972,0.25679422440668975,0.2900137707060176,0.36297868901722885,0.11734455670222463,0.44974582096116,0.5973035459097412,0.04939130528832512,0.038379104065983535,0.4854884030624405,1.0,0.19188297670512872,0.19449512971597616,0.05009017201699136,-0.085993721123513,0.08026707512531378,0.04539828504281455,2.6417636229530195,2.685328951373309,1.3355565064704968,-0.06152681178164328,0.03830021084408509,0.06327735080494831,0.004125006255291195,0.01438339176451819,0.02433982207719659,0.01946082902315007,0.004070428193531563,0.029876823133412084,0.034006569950407094,0.7214649605646312,0.8295731593518227,0.04637820406917043,0.039829245709824726,0.016872297759173413,0.43964763831679876,0.5730158090635757,0.05051063886567379,0.037394686598540255,0.019920720518074843,0.04030920113876324,0.035193230148136335,0.0,0.0338012379210598,0.5118761133894026,0.4133417666476691,0.021186274679952682,0.891426942285564,0.7705882915940574
disgust,0.26432776120686075,0.19160384364007788,0.25673001520200206,0.2479509958907268,0.22882880883930418,0.12950914590906862,0.5122762426412658,0.37506230777880906,0.027785850806184453,0.01866559193431338,0.30735696681870994,1.0,0.18260904363068917,0.20172272430539626,0.05595237411480772,-0.15122946614259333,0.10176399972625384,0.07240961936735331,1.4184408989728512,2.5729503558700992,0.9431893929819737,-0.009591783043825583,-0.0297713648354899,0.0636204814233109,0.03825061857232584,0.030621118285554957,0.030206913809087268,0.008906029602501935,0.023429753039713473,0.024877330739070537,0.0,0.7646509825746591,0.8113269041260631,0.0016172968779963985,0.027825786937208663,0.02129546194116748,0.6881268266691477,0.5086899838535079,0.022309419239860292,0.024436493952003452,0.0,0.015390505916288336,0.021121865074591305,0.0,0.028764799310146576,0.5085869452105324,0.508022731356816,0.02937546852334573,0.8089162805030659,0.8543317101462451
disgust,0.282681149966894,0.2833246465992609,0.32682991572489534,0.28112210784662145,0.24621190322350625,0.07563268590721905,0.5618026230428659,0.4724172825208499,0.07435186613976548,0.0399712687346111,0.3479519414576745,1.0,0.17527554885322189,0.21365449543890944,0.025472588273980523,-0.10180404544488356,0.11010619586888767,0.030305359672223926,1.7456400436642667,2.617797923506387,1.541434495633391,0.06920694233424432,0.004992760343379318,-0.14750266746566262,0.01616680026332833,0.024286740323022984,0.012134927476289034,0.023074346721331237,0.011870033051972293,0.016633825075641498,0.051838443567169074,0.7607072089350015,0.5935827055912122,0.028356978558574192,0.0346812817279535,0.028781515872349957,0.5323226925117104,0.4582640709140031,0.008393906561367554,0.01753340992168487,0.015231360033793643,0.012743143540137666,0.03579912344233868,0.03197517510356509,0.03647091951569603,0.42116296388784474,0.40792021089278296,0.02100596670540015,0.8914979136645562,0.857151715228314
